CLAVE,NOM_MUN,Fecha,SEXO,POB_TOTAL,POB_00_04,POB_05_09,POB_010_014,POB_015_019,POB_20_24,POB_25_29,POB_30_34,POB_35_39,POB_40_44,POB_45_49,POB_50_54,POB_55_59,POB_60_64,POB_65_69,POB_70_74,POB_75_79,POB_80_84,POB_85_mm
15001,Acambay de Ruíz Castañeda,2015,HOMBRES,32900,3969,3740,3745,3486,2937,2361,2025,1872,1838,1620,1318,1019,815,705,571,391,255,233
15001,Acambay de Ruíz Castañeda,2015,MUJERES,34717,3503,3811,3888,3530,3117,2736,2466,2193,1945,1640,1342,1058,877,783,653,490,361,324
15001,Acambay de Ruíz Castañeda,2016,HOMBRES,33011,3882,3702,3713,3473,2949,2433,2080,1853,1820,1633,1357,1068,852,714,583,404,259,236
15001,Acambay de Ruíz Castañeda,2016,MUJERES,34940,3449,3753,3818,3523,3142,2801,2508,2209,1990,1695,1395,1110,912,784,659,499,360,333
15001,Acambay de Ruíz Castañeda,2017,HOMBRES,33090,3789,3652,3690,3456,2949,2500,2134,1845,1792,1643,1393,1116,889,725,594,418,265,240
15001,Acambay de Ruíz Castañeda,2017,MUJERES,35131,3388,3682,3752,3518,3158,2864,2548,2231,2025,1749,1447,1163,946,786,665,507,360,342
15001,Acambay de Ruíz Castañeda,2018,HOMBRES,33163,3701,3588,3678,3431,2947,2563,2186,1851,1758,1648,1428,1166,927,739,604,432,272,244
15001,Acambay de Ruíz Castañeda,2018,MUJERES,35319,3331,3603,3695,3503,3174,2926,2587,2259,2052,1803,1500,1218,981,792,669,515,360,351
15001,Acambay de Ruíz Castañeda,2019,HOMBRES,33228,3617,3521,3672,3401,2949,2616,2233,1869,1722,1649,1460,1214,964,758,612,446,278,247
15001,Acambay de Ruíz Castañeda,2019,MUJERES,35509,3281,3521,3645,3482,3196,2982,2626,2293,2075,1855,1552,1272,1014,801,671,523,360,360
15001,Acambay de Ruíz Castañeda,2020,HOMBRES,33149,3557,3444,3646,3348,2949,2658,2276,1892,1683,1635,1483,1253,989,766,606,448,277,239
15001,Acambay de Ruíz Castañeda,2020,MUJERES,35600,3247,3431,3580,3441,3223,3031,2667,2329,2093,1896,1601,1322,1039,804,662,522,354,358
15001,Acambay de Ruíz Castañeda,2021,HOMBRES,33334,3405,3390,3619,3358,3057,2748,2356,1967,1758,1654,1475,1252,982,750,592,445,278,248
15001,Acambay de Ruíz Castañeda,2021,MUJERES,35559,3343,3361,3565,3443,3196,2990,2686,2333,1993,1856,1619,1337,1073,851,673,527,360,353
15001,Acambay de Ruíz Castañeda,2022,HOMBRES,33440,3369,3337,3584,3365,3096,2769,2410,2020,1759,1629,1475,1259,1002,771,599,453,286,257
15001,Acambay de Ruíz Castañeda,2022,MUJERES,35708,3309,3307,3528,3453,3234,3005,2734,2364,1991,1852,1638,1354,1098,881,686,538,371,365
15001,Acambay de Ruíz Castañeda,2023,HOMBRES,33630,3326,3296,3539,3380,3127,2791,2463,2076,1779,1605,1477,1272,1029,803,620,470,302,275
15001,Acambay de Ruíz Castañeda,2023,MUJERES,35906,3265,3269,3480,3469,3266,3021,2781,2396,1996,1844,1658,1374,1129,917,710,556,389,386
15001,Acambay de Ruíz Castañeda,2024,HOMBRES,33801,3271,3269,3484,3397,3147,2816,2508,2129,1811,1580,1475,1282,1054,835,644,487,318,294
15001,Acambay de Ruíz Castañeda,2024,MUJERES,36086,3213,3242,3426,3486,3286,3043,2822,2427,2006,1831,1674,1391,1158,952,739,574,408,408
15001,Acambay de Ruíz Castañeda,2025,HOMBRES,33950,3215,3240,3427,3411,3161,2844,2542,2178,1853,1558,1466,1289,1076,865,672,503,335,315
15001,Acambay de Ruíz Castañeda,2025,MUJERES,36246,3158,3216,3370,3499,3298,3072,2854,2459,2017,1816,1684,1408,1184,987,773,591,428,432
15002,Acolman,2015,HOMBRES,77323,7796,7663,7956,7497,7017,6414,5795,5636,5533,4504,3533,2717,1886,1250,877,595,359,295
15002,Acolman,2015,MUJERES,79685,6715,7137,7471,7497,7248,6846,6870,6811,6245,4866,3630,2680,1916,1375,1006,661,393,318
15002,Acolman,2016,HOMBRES,79488,7438,7578,7943,7725,7366,6848,6123,5709,5684,4786,3794,2907,2018,1326,937,626,371,309
15002,Acolman,2016,MUJERES,81114,6545,7103,7535,7655,7352,6915,6825,6762,6422,5157,3887,2888,2079,1465,1068,698,415,343
15002,Acolman,2017,HOMBRES,81638,7077,7461,7944,7947,7693,7279,6448,5816,5804,5073,4060,3104,2157,1410,998,658,384,325
15002,Acolman,2017,MUJERES,82488,6362,7045,7605,7805,7430,6977,6768,6726,6565,5458,4152,3106,2252,1564,1130,736,438,369
15002,Acolman,2018,HOMBRES,83837,6731,7318,7967,8159,8023,7703,6765,5964,5905,5363,4334,3308,2300,1504,1062,691,399,341
15002,Acolman,2018,MUJERES,83879,6187,6964,7690,7943,7508,7029,6704,6706,6684,5768,4425,3335,2435,1674,1194,775,462,396
15002,Acolman,2019,HOMBRES,86057,6405,7158,7997,8349,8369,8108,7068,6149,5997,5650,4615,3515,2446,1613,1125,724,414,355
15002,Acolman,2019,MUJERES,85276,6022,6868,7782,8057,7596,7060,6635,6698,6784,6080,4709,3572,2625,1801,1257,817,488,425
15002,Acolman,2020,HOMBRES,88039,6162,6994,7985,8480,8709,8464,7346,6353,6076,5913,4895,3699,2567,1716,1167,740,417,356
15002,Acolman,2020,MUJERES,86615,5926,6765,7838,8121,7698,7080,6577,6696,6867,6382,5010,3810,2811,1933,1304,846,507,444
15002,Acolman,2021,HOMBRES,88202,6264,7083,8135,8345,8626,8053,7381,6658,6119,5922,4851,3721,2588,1732,1139,761,454,370
15002,Acolman,2021,MUJERES,88986,5957,6694,7813,8329,7987,7714,6984,6837,6964,6503,5243,3942,2914,1990,1317,855,496,447
15002,Acolman,2022,HOMBRES,89663,6325,7112,8181,8395,8722,8159,7652,6959,6230,5940,4933,3804,2665,1782,1150,787,476,391
15002,Acolman,2022,MUJERES,90451,6015,6721,7844,8377,8093,7805,7179,7019,7085,6594,5385,4050,3010,2062,1338,887,520,467
15002,Acolman,2023,HOMBRES,91362,6369,7171,8200,8466,8798,8270,7928,7280,6411,5963,5029,3906,2765,1855,1185,829,511,426
15002,Acolman,2023,MUJERES,92049,6056,6775,7851,8440,8182,7902,7377,7210,7238,6672,5535,4170,3124,2151,1381,932,553,500
15002,Acolman,2024,HOMBRES,93053,6393,7256,8199,8547,8849,8392,8184,7598,6641,5980,5110,4001,2863,1928,1229,872,548,463
15002,Acolman,2024,MUJERES,93631,6079,6858,7840,8503,8245,8016,7565,7404,7411,6732,5674,4289,3235,2240,1434,979,590,537
15002,Acolman,2025,HOMBRES,94733,6414,7346,8195,8620,8882,8529,8409,7916,6914,6007,5169,4092,2954,1999,1280,915,588,504
15002,Acolman,2025,MUJERES,95194,6098,6944,7828,8560,8287,8150,7732,7608,7599,6788,5797,4408,3342,2328,1495,1026,628,576
15003,Aculco,2015,HOMBRES,24731,2565,2670,2728,2603,2335,1978,1704,1503,1353,1130,985,867,696,537,415,299,193,170
15003,Aculco,2015,MUJERES,25407,2674,2622,2661,2464,2241,2112,1934,1665,1464,1254,1079,869,657,517,430,331,229,204
15003,Aculco,2016,HOMBRES,24718,2529,2629,2682,2578,2326,2012,1735,1494,1360,1153,1004,881,712,542,417,296,196,172
15003,Aculco,2016,MUJERES,25434,2599,2574,2614,2462,2240,2117,1952,1689,1497,1279,1097,895,685,525,429,330,236,214
15003,Aculco,2017,HOMBRES,24689,2490,2582,2643,2555,2308,2042,1765,1494,1359,1175,1021,894,727,548,418,293,200,175
15003,Aculco,2017,MUJERES,25441,2522,2517,2572,2460,2233,2121,1968,1717,1523,1304,1112,921,714,534,428,328,244,223
15003,Aculco,2018,HOMBRES,24647,2450,2526,2612,2523,2289,2067,1793,1505,1354,1195,1036,906,742,557,419,291,204,178
15003,Aculco,2018,MUJERES,25452,2450,2457,2536,2455,2226,2122,1984,1751,1544,1327,1127,946,743,546,425,327,253,233
15003,Aculco,2019,HOMBRES,24597,2416,2466,2586,2488,2274,2084,1817,1526,1347,1211,1050,915,755,569,418,288,208,179
15003,Aculco,2019,MUJERES,25455,2384,2394,2501,2441,2224,2119,1999,1789,1561,1348,1140,970,772,560,422,325,262,244
15003,Aculco,2020,HOMBRES,24441,2395,2402,2549,2436,2257,2090,1837,1552,1340,1218,1055,914,757,574,407,277,207,174
15003,Aculco,2020,MUJERES,25392,2329,2326,2460,2415,2224,2110,2015,1830,1576,1362,1149,988,794,571,411,318,267,247
15003,Aculco,2021,HOMBRES,24288,2360,2323,2511,2454,2248,2079,1902,1612,1315,1190,1056,921,749,547,370,274,206,171
15003,Aculco,2021,MUJERES,25267,2273,2277,2422,2368,2261,2132,1995,1801,1562,1364,1150,985,811,607,438,317,262,242
15003,Aculco,2022,HOMBRES,24188,2312,2264,2468,2440,2258,2079,1932,1642,1307,1167,1052,923,758,557,371,277,207,174
15003,Aculco,2022,MUJERES,25173,2225,2219,2376,2353,2275,2133,2011,1804,1553,1357,1161,995,823,620,441,320,263,244
15003,Aculco,2023,HOMBRES,24143,2258,2216,2417,2434,2263,2080,1962,1674,1311,1145,1051,929,772,573,379,284,213,182
15003,Aculco,2023,MUJERES,25112,2170,2171,2324,2344,2283,2135,2026,1809,1549,1347,1173,1006,840,638,451,327,268,251
15003,Aculco,2024,HOMBRES,24087,2199,2177,2359,2429,2260,2083,1985,1703,1325,1122,1046,934,785,589,389,292,220,190
15003,Aculco,2024,MUJERES,25036,2112,2134,2267,2333,2283,2140,2036,1812,1548,1333,1182,1017,854,654,464,334,274,259
15003,Aculco,2025,HOMBRES,24014,2139,2137,2303,2423,2253,2089,1998,1729,1345,1102,1036,936,796,603,402,298,226,199
15003,Aculco,2025,MUJERES,24951,2054,2097,2212,2320,2278,2150,2040,1816,1550,1318,1186,1027,867,670,480,340,279,267
15004,Almoloya de Alquisiras,2015,HOMBRES,7343,853,841,885,829,633,467,415,396,391,340,300,269,215,165,131,94,65,54
15004,Almoloya de Alquisiras,2015,MUJERES,7866,840,794,846,784,704,627,552,466,415,406,370,276,199,160,134,109,95,89
15004,Almoloya de Alquisiras,2016,HOMBRES,7367,838,833,871,817,640,487,424,391,390,346,308,278,223,167,133,96,67,58
15004,Almoloya de Alquisiras,2016,MUJERES,7928,821,786,826,786,712,637,560,475,428,411,376,291,212,165,140,114,98,90
15004,Almoloya de Alquisiras,2017,HOMBRES,7389,822,820,859,808,645,506,433,389,387,351,316,287,231,169,135,99,70,62
15004,Almoloya de Alquisiras,2017,MUJERES,7984,802,778,810,788,717,646,567,484,438,416,381,306,225,171,145,118,100,92
15004,Almoloya de Alquisiras,2018,HOMBRES,7403,804,806,850,796,649,525,441,390,382,356,323,295,238,172,136,101,73,66
15004,Almoloya de Alquisiras,2018,MUJERES,8040,781,768,796,788,723,655,574,495,447,420,386,321,239,177,151,123,103,93
15004,Almoloya de Alquisiras,2019,HOMBRES,7418,793,788,841,783,654,542,448,393,377,360,330,303,245,176,137,103,76,69
15004,Almoloya de Alquisiras,2019,MUJERES,8102,765,755,785,786,730,663,581,508,455,424,390,336,254,185,156,128,107,94
15004,Almoloya de Alquisiras,2020,HOMBRES,7400,782,770,829,765,659,556,455,397,372,361,334,308,249,178,134,103,77,71
15004,Almoloya de Alquisiras,2020,MUJERES,8136,752,741,767,780,738,669,588,521,463,425,393,350,267,191,158,132,108,93
15004,Almoloya de Alquisiras,2021,HOMBRES,7422,773,769,814,762,670,559,468,432,366,349,330,318,248,176,133,108,78,69
15004,Almoloya de Alquisiras,2021,MUJERES,8112,747,713,775,784,737,665,588,499,463,435,404,346,273,198,159,128,106,92
15004,Almoloya de Alquisiras,2022,HOMBRES,7433,765,755,807,764,674,559,475,441,366,346,332,322,252,180,135,110,80,70
15004,Almoloya de Alquisiras,2022,MUJERES,8128,740,699,767,785,742,663,594,503,462,435,411,352,279,204,162,131,107,92
15004,Almoloya de Alquisiras,2023,HOMBRES,7457,754,745,798,766,677,558,482,452,369,342,334,326,258,186,139,115,83,73
15004,Almoloya de Alquisiras,2023,MUJERES,8153,730,689,756,786,744,660,599,507,464,435,419,358,287,211,167,136,110,95
15004,Almoloya de Alquisiras,2024,HOMBRES,7484,742,738,785,773,677,558,488,461,375,338,336,330,263,192,144,120,87,77
15004,Almoloya de Alquisiras,2024,MUJERES,8173,716,683,745,785,744,659,603,511,466,433,426,365,293,218,174,140,114,98
15004,Almoloya de Alquisiras,2025,HOMBRES,7503,730,729,773,776,676,559,491,470,384,335,336,334,268,198,150,124,90,80
15004,Almoloya de Alquisiras,2025,MUJERES,8188,703,676,732,786,742,659,604,515,469,431,431,370,300,225,182,145,117,101
15005,Almoloya de Juárez,2015,HOMBRES,89174,10146,10142,9326,8820,8708,8038,6647,5810,5565,4593,3567,2695,1860,1258,879,585,317,218
15005,Almoloya de Juárez,2015,MUJERES,90904,9513,9292,9364,8869,8514,8151,7719,6837,5809,4745,3740,2570,1702,1335,1109,767,472,396
15005,Almoloya de Juárez,2016,HOMBRES,89150,9751,9870,9215,8791,8611,8069,6825,5876,5627,4714,3703,2805,1938,1290,910,601,326,228
15005,Almoloya de Juárez,2016,MUJERES,90478,9226,9115,9198,8791,8374,8062,7643,6782,5886,4855,3851,2702,1812,1371,1123,786,486,415
15005,Almoloya de Juárez,2017,HOMBRES,89043,9349,9565,9126,8753,8481,8081,6997,5979,5660,4829,3833,2916,2016,1326,939,617,336,240
15005,Almoloya de Juárez,2017,MUJERES,89979,8928,8915,9047,8708,8212,7970,7559,6742,5931,4964,3956,2836,1927,1411,1134,804,500,435
15005,Almoloya de Juárez,2018,HOMBRES,88930,8970,9238,9065,8699,8347,8070,7156,6126,5672,4936,3959,3026,2095,1368,968,634,348,253
15005,Almoloya de Juárez,2018,MUJERES,89473,8645,8695,8917,8611,8052,7868,7471,6722,5954,5069,4058,2973,2045,1458,1143,822,515,455
15005,Almoloya de Juárez,2019,HOMBRES,88785,8611,8900,9016,8622,8225,8025,7296,6314,5677,5030,4080,3132,2170,1419,994,650,359,265
15005,Almoloya de Juárez,2019,MUJERES,88952,8383,8464,8801,8492,7908,7747,7379,6714,5961,5164,4157,3109,2166,1513,1148,840,531,475
15005,Almoloya de Juárez,2020,HOMBRES,88267,8310,8548,8908,8478,8092,7929,7407,6512,5669,5081,4177,3209,2219,1457,995,648,361,267
15005,Almoloya de Juárez,2020,MUJERES,88188,8165,8209,8635,8316,7771,7599,7286,6704,5951,5229,4246,3237,2279,1562,1134,844,539,482
15005,Almoloya de Juárez,2021,HOMBRES,87683,8248,8309,8715,8337,8142,8053,7581,6628,5573,4982,4143,3187,2191,1378,948,627,352,289
15005,Almoloya de Juárez,2021,MUJERES,87251,7934,7984,8482,8166,7630,7414,7283,6748,5923,5228,4273,3255,2312,1647,1139,841,529,463
15005,Almoloya de Juárez,2022,HOMBRES,87087,8096,8104,8522,8210,8091,8013,7695,6767,5551,4894,4131,3189,2208,1394,946,626,351,299
15005,Almoloya de Juárez,2022,MUJERES,86667,7784,7782,8282,8034,7583,7368,7356,6794,5902,5202,4306,3276,2338,1674,1138,843,528,477
15005,Almoloya de Juárez,2023,HOMBRES,86684,7924,7937,8307,8108,8023,7976,7806,6917,5588,4812,4130,3207,2242,1427,964,637,359,320
15005,Almoloya de Juárez,2023,MUJERES,86200,7618,7618,8066,7915,7522,7328,7428,6844,5905,5164,4343,3306,2375,1715,1156,857,536,504
15005,Almoloya de Juárez,2024,HOMBRES,86234,7730,7804,8076,8011,7931,7948,7889,7055,5663,4726,4114,3217,2270,1458,988,646,366,342
15005,Almoloya de Juárez,2024,MUJERES,85684,7427,7488,7837,7802,7437,7301,7483,6892,5920,5112,4368,3331,2408,1752,1180,869,545,532
15005,Almoloya de Juárez,2025,HOMBRES,85739,7535,7674,7848,7907,7822,7932,7936,7181,5765,4648,4081,3221,2292,1486,1017,654,374,366
15005,Almoloya de Juárez,2025,MUJERES,85122,7237,7359,7611,7680,7332,7290,7513,6943,5942,5056,4377,3353,2435,1787,1211,880,553,563
15006,Almoloya del Río,2015,HOMBRES,5559,554,597,532,508,511,503,442,362,310,277,261,219,160,116,87,58,34,28
15006,Almoloya del Río,2015,MUJERES,5902,562,538,548,537,546,522,463,398,373,350,297,219,153,119,99,76,51,51
15006,Almoloya del Río,2016,HOMBRES,5709,560,600,550,530,523,511,456,372,324,288,265,225,169,122,89,58,37,30
15006,Almoloya del Río,2016,MUJERES,6048,565,553,555,543,548,526,477,417,387,356,308,235,167,126,101,76,54,54
15006,Almoloya del Río,2017,HOMBRES,5855,564,602,570,553,533,518,470,385,336,298,269,230,177,128,92,59,39,32
15006,Almoloya del Río,2017,MUJERES,6197,566,567,563,552,549,531,491,438,400,362,319,251,182,134,104,76,56,56
15006,Almoloya del Río,2018,HOMBRES,6006,569,600,590,577,543,524,484,402,348,309,273,236,186,135,94,60,42,34
15006,Almoloya del Río,2018,MUJERES,6345,567,580,571,558,550,534,505,461,411,368,330,269,198,142,107,77,59,58
15006,Almoloya del Río,2019,HOMBRES,6155,574,600,612,599,554,528,496,421,360,318,276,240,195,143,96,61,46,36
15006,Almoloya del Río,2019,MUJERES,6500,571,592,581,564,551,536,519,487,422,374,340,287,215,152,110,77,61,61
15006,Almoloya del Río,2020,HOMBRES,6288,583,595,635,618,566,530,509,444,372,325,277,242,202,150,96,60,48,36
15006,Almoloya del Río,2020,MUJERES,6647,576,604,586,567,555,539,535,516,433,378,350,304,232,162,110,76,63,61
15006,Almoloya del Río,2021,HOMBRES,6279,581,591,601,578,559,548,533,460,367,326,285,262,208,138,96,58,50,38
15006,Almoloya del Río,2021,MUJERES,6741,579,594,614,603,577,536,532,515,435,381,352,293,235,182,111,79,63,60
15006,Almoloya del Río,2022,HOMBRES,6330,581,586,595,578,565,555,545,471,369,326,289,267,214,142,98,59,51,39
15006,Almoloya del Río,2022,MUJERES,6795,578,588,607,602,584,541,541,520,437,385,361,299,241,189,114,81,65,62
15006,Almoloya del Río,2023,HOMBRES,6392,577,584,587,577,570,562,558,483,373,325,294,273,221,149,102,61,54,42
15006,Almoloya del Río,2023,MUJERES,6861,574,586,600,601,591,547,549,524,440,389,371,307,249,197,118,84,68,66
15006,Almoloya del Río,2024,HOMBRES,6454,572,585,577,577,574,569,569,495,381,324,297,278,229,155,107,63,57,45
15006,Almoloya del Río,2024,MUJERES,6922,571,584,589,600,595,554,557,528,444,391,380,314,257,206,124,87,71,70
15006,Almoloya del Río,2025,HOMBRES,6510,567,583,568,577,575,578,577,505,391,324,299,283,236,162,112,65,60,48
15006,Almoloya del Río,2025,MUJERES,6978,564,586,578,599,598,562,562,532,449,392,387,321,264,215,130,90,75,74
15007,Amanalco,2015,HOMBRES,12243,1358,1316,1341,1309,1229,1037,839,722,669,594,502,378,287,238,179,115,71,59
15007,Amanalco,2015,MUJERES,12914,1439,1438,1327,1295,1239,1119,968,824,729,595,470,383,306,241,191,146,104,100
15007,Amanalco,2016,HOMBRES,12150,1341,1314,1309,1274,1203,1048,853,711,663,593,503,385,295,236,176,115,72,59
15007,Amanalco,2016,MUJERES,12787,1398,1410,1307,1263,1210,1120,973,821,731,602,479,388,308,240,192,145,102,98
15007,Amanalco,2017,HOMBRES,12040,1321,1305,1280,1236,1173,1057,866,704,653,591,502,391,303,235,174,116,73,60
15007,Amanalco,2017,MUJERES,12655,1357,1378,1290,1232,1179,1121,977,820,730,608,487,393,310,240,191,144,101,97
15007,Amanalco,2018,HOMBRES,11942,1304,1296,1258,1201,1143,1064,878,703,641,587,500,397,311,235,172,117,74,61
15007,Amanalco,2018,MUJERES,12515,1317,1342,1276,1197,1148,1120,981,822,725,613,495,398,312,240,191,143,99,96
15007,Amanalco,2019,HOMBRES,11828,1289,1281,1236,1162,1115,1066,888,706,628,582,497,403,318,236,168,117,75,61
15007,Amanalco,2019,MUJERES,12379,1282,1304,1263,1163,1120,1117,984,826,720,618,502,402,313,242,190,141,98,94
15007,Amanalco,2020,HOMBRES,11673,1278,1263,1209,1120,1089,1063,897,711,615,572,491,403,320,234,161,115,73,59
15007,Amanalco,2020,MUJERES,12210,1251,1263,1245,1124,1096,1111,989,830,712,618,507,403,311,242,185,138,95,90
15007,Amanalco,2021,HOMBRES,11617,1233,1235,1202,1116,1104,1081,915,725,607,580,494,392,301,234,159,110,70,59
15007,Amanalco,2021,MUJERES,12161,1248,1218,1215,1122,1103,1107,1001,836,705,596,501,414,334,247,185,144,97,88
15007,Amanalco,2022,HOMBRES,11577,1207,1203,1182,1113,1112,1084,933,741,603,569,492,392,304,239,160,112,71,60
15007,Amanalco,2022,MUJERES,12137,1222,1187,1192,1120,1115,1113,1017,843,702,592,503,416,339,254,188,147,99,88
15007,Amanalco,2023,HOMBRES,11567,1179,1178,1157,1112,1119,1088,950,758,606,558,491,394,310,248,166,116,74,63
15007,Amanalco,2023,MUJERES,12136,1195,1160,1167,1123,1125,1120,1033,850,702,587,506,420,347,262,194,152,102,91
15007,Amanalco,2024,HOMBRES,11553,1146,1157,1131,1112,1122,1094,965,774,613,547,489,396,316,256,172,120,77,66
15007,Amanalco,2024,MUJERES,12120,1164,1137,1138,1124,1132,1129,1046,858,703,579,507,423,353,270,201,157,105,94
15007,Amanalco,2025,HOMBRES,11531,1116,1136,1103,1113,1123,1101,974,789,623,537,484,396,320,263,179,124,80,70
15007,Amanalco,2025,MUJERES,12106,1132,1118,1111,1124,1135,1140,1056,865,705,572,507,425,359,278,210,163,109,97
15008,Amatepec,2015,HOMBRES,13213,1353,1245,1415,1419,1165,884,710,609,609,624,610,547,476,419,361,292,246,229
15008,Amatepec,2015,MUJERES,13909,1451,1313,1387,1384,1205,928,755,690,700,701,658,593,536,473,382,294,248,211
15008,Amatepec,2016,HOMBRES,13069,1339,1261,1367,1358,1131,885,717,604,603,611,599,552,487,420,364,292,248,231
15008,Amatepec,2016,MUJERES,13754,1408,1310,1345,1332,1178,943,766,683,692,691,652,596,540,468,383,294,253,220
15008,Amatepec,2017,HOMBRES,12913,1321,1272,1327,1298,1094,884,723,602,593,596,586,556,497,423,366,292,250,233
15008,Amatepec,2017,MUJERES,13584,1365,1300,1306,1279,1149,958,776,678,681,680,645,597,543,464,383,294,257,229
15008,Amatepec,2018,HOMBRES,12756,1303,1278,1290,1237,1058,880,728,605,581,581,573,559,507,427,368,292,253,236
15008,Amatepec,2018,MUJERES,13419,1324,1289,1273,1227,1120,972,786,675,667,668,637,598,545,462,382,294,262,238
15008,Amatepec,2019,HOMBRES,12598,1288,1282,1257,1179,1024,873,731,612,568,565,558,560,515,433,368,292,256,237
15008,Amatepec,2019,MUJERES,13252,1287,1276,1240,1174,1094,984,796,673,651,656,628,598,546,461,380,294,267,247
15008,Amatepec,2020,HOMBRES,12388,1280,1284,1221,1120,992,862,734,621,556,545,540,556,516,435,360,284,253,229
15008,Amatepec,2020,MUJERES,13061,1257,1260,1205,1122,1072,995,808,673,636,640,618,594,542,459,372,289,269,250
15008,Amatepec,2021,HOMBRES,12285,1247,1231,1195,1121,1010,904,753,606,517,528,536,544,514,432,356,288,257,246
15008,Amatepec,2021,MUJERES,12834,1222,1209,1172,1089,1052,939,787,682,643,634,616,604,552,473,374,290,266,230
15008,Amatepec,2022,HOMBRES,12149,1209,1182,1162,1108,1005,896,754,608,507,513,532,543,520,441,360,294,262,253
15008,Amatepec,2022,MUJERES,12698,1185,1163,1137,1073,1051,927,784,673,629,623,618,608,560,486,379,297,271,234
15008,Amatepec,2023,HOMBRES,12046,1169,1140,1122,1095,996,887,754,610,501,499,527,544,530,455,372,305,273,267
15008,Amatepec,2023,MUJERES,12577,1145,1120,1099,1057,1046,915,778,663,617,611,619,612,571,501,391,308,281,243
15008,Amatepec,2024,HOMBRES,11938,1124,1100,1082,1085,984,879,751,611,498,484,521,543,538,469,386,316,285,282
15008,Amatepec,2024,MUJERES,12448,1103,1082,1059,1040,1038,905,771,653,607,596,618,615,580,516,404,318,291,252
15008,Amatepec,2025,HOMBRES,11824,1081,1064,1043,1072,970,871,744,610,498,470,512,541,544,482,402,326,296,298
15008,Amatepec,2025,MUJERES,12318,1061,1046,1020,1023,1026,896,761,644,597,582,615,617,588,530,420,328,302,262
15009,Amecameca,2015,HOMBRES,25418,2438,2544,2512,2514,2410,2104,1805,1619,1571,1415,1199,956,733,575,438,292,162,131
15009,Amecameca,2015,MUJERES,26772,2250,2226,2422,2401,2354,2215,2148,2082,1897,1563,1309,1083,841,647,502,370,257,205
15009,Amecameca,2016,HOMBRES,25557,2371,2484,2480,2518,2422,2151,1838,1607,1580,1445,1234,998,769,588,452,305,172,143
15009,Amecameca,2016,MUJERES,27115,2229,2231,2394,2422,2385,2256,2156,2066,1929,1620,1362,1135,886,666,520,382,262,214
15009,Amecameca,2017,HOMBRES,25668,2300,2414,2455,2518,2424,2192,1869,1605,1581,1472,1265,1039,807,604,466,319,182,156
15009,Amecameca,2017,MUJERES,27435,2206,2231,2366,2441,2409,2296,2161,2055,1951,1678,1413,1188,931,687,537,395,266,224
15009,Amecameca,2018,HOMBRES,25782,2233,2339,2437,2514,2425,2229,1898,1615,1577,1497,1295,1080,845,622,479,333,193,171
15009,Amecameca,2018,MUJERES,27754,2182,2225,2345,2457,2433,2334,2166,2050,1966,1736,1465,1242,977,711,554,407,271,233
15009,Amecameca,2019,HOMBRES,25886,2168,2260,2423,2504,2429,2258,1922,1636,1571,1518,1323,1120,883,644,491,347,204,185
15009,Amecameca,2019,MUJERES,28067,2162,2215,2326,2467,2462,2366,2169,2050,1976,1792,1516,1295,1023,740,570,420,276,242
15009,Amecameca,2020,HOMBRES,25884,2116,2177,2399,2480,2432,2275,1943,1664,1563,1526,1342,1150,909,660,492,352,210,194
15009,Amecameca,2020,MUJERES,28313,2155,2200,2300,2462,2495,2393,2175,2052,1981,1840,1564,1343,1063,765,576,427,277,245
15009,Amecameca,2021,HOMBRES,26042,2100,2160,2385,2474,2466,2328,2001,1724,1542,1509,1344,1179,912,670,493,353,213,189
15009,Amecameca,2021,MUJERES,28322,2153,2155,2284,2440,2477,2351,2187,2062,1995,1862,1600,1352,1099,787,575,427,273,243
15009,Amecameca,2022,HOMBRES,26155,2087,2135,2365,2462,2469,2329,2042,1773,1548,1497,1356,1198,935,691,501,359,216,192
15009,Amecameca,2022,MUJERES,28484,2141,2130,2259,2428,2486,2350,2218,2089,2004,1873,1634,1381,1132,816,587,435,277,244
15009,Amecameca,2023,HOMBRES,26324,2065,2118,2335,2456,2465,2330,2081,1823,1570,1485,1372,1221,965,721,519,372,224,202
15009,Amecameca,2023,MUJERES,28677,2119,2113,2228,2416,2488,2350,2248,2117,2021,1878,1668,1414,1170,852,608,449,286,252
15009,Amecameca,2024,HOMBRES,26481,2038,2109,2298,2451,2454,2333,2113,1871,1604,1472,1383,1242,993,750,541,384,233,212
15009,Amecameca,2024,MUJERES,28857,2091,2103,2192,2408,2481,2354,2273,2144,2043,1878,1698,1446,1208,887,633,463,295,260
15009,Amecameca,2025,HOMBRES,26621,2011,2100,2262,2443,2437,2339,2135,1916,1646,1461,1387,1261,1019,779,566,396,241,222
15009,Amecameca,2025,MUJERES,29025,2063,2094,2156,2396,2469,2363,2290,2172,2068,1877,1723,1477,1243,922,663,476,305,268
15010,Apaxco,2015,HOMBRES,14787,1362,1421,1444,1500,1447,1217,1009,979,1026,904,716,548,405,293,217,155,87,57
15010,Apaxco,2015,MUJERES,15363,1388,1397,1392,1416,1426,1264,1168,1184,1144,951,772,583,414,321,228,137,89,89
15010,Apaxco,2016,HOMBRES,15034,1367,1425,1450,1500,1455,1263,1050,971,1020,923,745,579,432,308,228,162,93,63
15010,Apaxco,2016,MUJERES,15602,1379,1413,1406,1421,1426,1295,1188,1175,1157,985,800,608,440,335,241,147,94,92
15010,Apaxco,2017,HOMBRES,15270,1368,1422,1458,1498,1458,1308,1091,970,1008,941,773,610,460,325,240,170,100,70
15010,Apaxco,2017,MUJERES,15829,1370,1425,1420,1425,1421,1325,1207,1168,1165,1020,826,634,467,350,253,158,100,95
15010,Apaxco,2018,HOMBRES,15510,1369,1416,1471,1494,1460,1350,1132,976,993,957,801,643,490,344,251,178,107,78
15010,Apaxco,2018,MUJERES,16058,1358,1432,1440,1427,1417,1355,1226,1165,1168,1055,853,660,495,367,266,169,106,99
15010,Apaxco,2019,HOMBRES,15749,1373,1406,1486,1488,1464,1388,1171,988,977,970,828,675,520,366,262,186,115,86
15010,Apaxco,2019,MUJERES,16285,1351,1437,1459,1426,1415,1382,1244,1164,1168,1089,879,686,524,387,278,181,113,102
15010,Apaxco,2020,HOMBRES,15932,1383,1392,1494,1473,1468,1421,1209,1005,960,975,850,701,545,386,268,190,121,91
15010,Apaxco,2020,MUJERES,16492,1349,1441,1475,1419,1416,1407,1264,1166,1166,1117,903,709,551,407,288,192,119,103
15010,Apaxco,2021,HOMBRES,16042,1388,1414,1499,1472,1474,1413,1236,1034,984,980,837,702,547,393,271,193,121,84
15010,Apaxco,2021,MUJERES,16571,1334,1382,1451,1403,1421,1421,1283,1188,1152,1131,956,744,580,422,286,190,119,108
15010,Apaxco,2022,HOMBRES,16162,1384,1399,1487,1467,1477,1413,1263,1068,995,979,852,721,566,409,276,196,124,86
15010,Apaxco,2022,MUJERES,16722,1330,1368,1436,1395,1427,1422,1303,1210,1165,1147,987,769,604,441,293,194,122,109
15010,Apaxco,2023,HOMBRES,16323,1373,1393,1471,1465,1476,1413,1289,1104,1017,979,869,743,590,430,286,204,130,91
15010,Apaxco,2023,MUJERES,16888,1316,1359,1419,1392,1429,1424,1323,1232,1182,1159,1019,797,631,463,304,200,126,113
15010,Apaxco,2024,HOMBRES,16473,1358,1389,1449,1464,1471,1414,1311,1138,1046,978,884,764,613,451,299,211,136,97
15010,Apaxco,2024,MUJERES,17050,1302,1357,1397,1385,1427,1428,1340,1254,1203,1169,1050,825,657,485,318,206,130,117
15010,Apaxco,2025,HOMBRES,16622,1345,1387,1428,1462,1463,1418,1327,1172,1081,978,895,784,635,471,314,218,142,102
15010,Apaxco,2025,MUJERES,17207,1285,1352,1375,1381,1420,1435,1353,1278,1225,1178,1077,853,684,508,334,212,135,122
15011,Atenco,2015,HOMBRES,31414,3136,3169,3082,3181,3096,2687,2225,2037,2089,1842,1485,1126,789,577,395,240,149,109
15011,Atenco,2015,MUJERES,33103,3044,3213,3335,3239,2967,2643,2518,2527,2437,1979,1528,1178,878,635,433,261,144,144
15011,Atenco,2016,HOMBRES,32666,3142,3236,3211,3315,3201,2812,2348,2095,2155,1945,1588,1210,854,608,419,259,155,113
15011,Atenco,2016,MUJERES,34263,3043,3259,3397,3349,3087,2773,2609,2577,2526,2100,1638,1263,934,661,457,280,156,154
15011,Atenco,2017,HOMBRES,33942,3140,3295,3351,3456,3298,2936,2475,2169,2212,2050,1692,1299,924,641,445,279,162,118
15011,Atenco,2017,MUJERES,35435,3036,3293,3466,3462,3201,2907,2701,2635,2604,2227,1753,1351,992,690,482,300,170,165
15011,Atenco,2018,HOMBRES,35261,3142,3344,3508,3594,3395,3059,2604,2262,2262,2157,1800,1392,998,680,472,300,170,122
15011,Atenco,2018,MUJERES,36652,3031,3322,3544,3572,3321,3045,2795,2703,2675,2360,1873,1444,1053,723,508,322,185,176
15011,Atenco,2019,HOMBRES,36614,3148,3386,3675,3729,3500,3173,2732,2374,2311,2262,1912,1489,1075,724,498,323,177,126
15011,Atenco,2019,MUJERES,37897,3030,3345,3628,3675,3451,3182,2891,2778,2741,2495,1999,1541,1114,761,533,345,201,187
15011,Atenco,2020,HOMBRES,37988,3185,3431,3840,3854,3618,3285,2870,2506,2365,2361,2024,1579,1144,764,515,340,181,126
15011,Atenco,2020,MUJERES,39221,3060,3368,3708,3774,3603,3326,3001,2867,2811,2630,2135,1639,1172,798,552,365,217,195
15011,Atenco,2021,HOMBRES,38957,3237,3464,3947,3945,3760,3412,3007,2629,2392,2370,2050,1605,1172,766,517,340,194,150
15011,Atenco,2021,MUJERES,39840,3126,3389,3705,3764,3589,3311,3059,2945,2870,2712,2226,1721,1238,860,561,367,217,180
15011,Atenco,2022,HOMBRES,39814,3295,3500,3993,3995,3820,3466,3121,2752,2446,2390,2102,1660,1227,806,531,347,204,159
15011,Atenco,2022,MUJERES,40762,3182,3425,3740,3810,3657,3360,3153,3039,2940,2775,2308,1791,1302,908,579,375,228,190
15011,Atenco,2023,HOMBRES,40787,3346,3554,4024,4055,3872,3521,3237,2884,2528,2413,2161,1725,1296,858,557,361,220,175
15011,Atenco,2023,MUJERES,41763,3230,3477,3766,3864,3719,3413,3249,3138,3024,2832,2396,1870,1375,966,607,388,244,205
15011,Atenco,2024,HOMBRES,41762,3386,3620,4047,4121,3913,3582,3346,3015,2631,2434,2213,1788,1364,911,588,374,237,192
15011,Atenco,2024,MUJERES,42762,3266,3545,3782,3918,3769,3473,3340,3239,3118,2884,2481,1949,1450,1025,640,400,261,222
15011,Atenco,2025,HOMBRES,42745,3425,3689,4070,4183,3947,3649,3441,3147,2753,2460,2258,1850,1432,965,623,387,255,211
15011,Atenco,2025,MUJERES,43770,3305,3613,3797,3972,3809,3542,3423,3345,3219,2934,2560,2030,1525,1086,677,413,280,240
15012,Atizapán,2015,HOMBRES,5912,644,641,589,558,568,565,484,380,325,290,254,202,149,104,64,38,28,29
15012,Atizapán,2015,MUJERES,6296,657,665,604,575,597,573,491,434,423,371,298,209,132,99,82,48,22,16
15012,Atizapán,2016,HOMBRES,6022,640,649,604,570,569,571,497,387,334,299,262,209,155,107,68,41,30,30
15012,Atizapán,2016,MUJERES,6392,639,658,620,593,600,576,502,442,430,379,305,220,145,106,84,50,25,18
15012,Atizapán,2017,HOMBRES,6128,636,654,621,582,568,575,509,396,341,308,269,216,161,111,73,45,32,31
15012,Atizapán,2017,MUJERES,6494,621,651,637,613,600,580,513,451,434,387,311,231,160,114,87,53,29,22
15012,Atizapán,2018,HOMBRES,6232,632,656,641,593,567,578,521,408,347,316,275,223,167,115,78,49,34,32
15012,Atizapán,2018,MUJERES,6591,604,642,656,628,602,583,524,462,437,394,317,242,175,123,89,55,33,25
15012,Atizapán,2019,HOMBRES,6336,629,657,663,605,567,578,532,423,353,324,281,230,172,119,83,53,35,32
15012,Atizapán,2019,MUJERES,6693,588,633,675,645,604,584,535,474,439,400,323,253,192,133,91,57,37,30
15012,Atizapán,2020,HOMBRES,6414,630,657,680,610,567,576,542,440,359,328,285,234,175,123,86,56,36,30
15012,Atizapán,2020,MUJERES,6791,576,622,694,660,607,584,546,487,440,404,327,263,209,144,92,59,42,35
15012,Atizapán,2021,HOMBRES,6466,612,649,677,623,593,597,530,450,350,326,285,235,194,135,84,54,39,33
15012,Atizapán,2021,MUJERES,6857,602,619,694,646,596,578,585,499,452,413,339,273,199,137,94,59,40,32
15012,Atizapán,2022,HOMBRES,6538,616,648,674,623,601,606,546,465,353,325,289,239,199,139,84,55,41,35
15012,Atizapán,2022,MUJERES,6937,605,618,691,648,605,584,598,509,457,418,348,280,205,141,95,60,42,33
15012,Atizapán,2023,HOMBRES,6629,620,648,669,626,608,614,562,482,361,325,294,245,207,145,86,56,43,38
15012,Atizapán,2023,MUJERES,7020,604,617,685,651,612,591,611,518,464,422,358,289,213,147,98,61,44,35
15012,Atizapán,2024,HOMBRES,6712,619,653,662,628,612,623,576,497,371,325,298,250,214,151,89,57,46,41
15012,Atizapán,2024,MUJERES,7109,603,622,679,653,617,599,623,528,473,426,368,297,221,153,102,62,46,37
15012,Atizapán,2025,HOMBRES,6789,618,655,655,630,615,633,587,512,383,325,301,255,220,156,93,58,49,44
15012,Atizapán,2025,MUJERES,7190,602,624,673,656,620,608,633,538,482,429,376,306,228,158,106,64,48,39
15013,Atizapán de Zaragoza,2015,HOMBRES,258456,20567,21065,20375,22255,24969,24460,20439,17451,17346,16347,14638,12472,9813,7000,4317,2526,1368,1048
15013,Atizapán de Zaragoza,2015,MUJERES,276563,18803,21124,21682,23157,24875,24342,22298,20920,20465,18603,16786,14163,10551,7498,5218,3233,1753,1092
15013,Atizapán de Zaragoza,2016,HOMBRES,258699,19927,20832,20259,22139,24487,24293,20700,17418,17295,16415,14809,12789,10178,7227,4618,2741,1471,1101
15013,Atizapán de Zaragoza,2016,MUJERES,276068,18359,20730,21170,22722,24238,24030,22254,20803,20509,18788,16972,14509,11064,7860,5534,3434,1866,1226
15013,Atizapán de Zaragoza,2017,HOMBRES,258693,19263,20522,20189,22000,23919,24069,20938,17493,17150,16451,14936,13093,10544,7477,4932,2973,1587,1157
15013,Atizapán de Zaragoza,2017,MUJERES,275359,17887,20278,20697,22280,23543,23706,22181,20730,20442,18957,17117,14841,11584,8253,5857,3645,1986,1375
15013,Atizapán de Zaragoza,2018,HOMBRES,258626,18626,20147,20174,21820,23347,23780,21138,17699,16946,16451,15033,13380,10907,7767,5259,3225,1716,1211
15013,Atizapán de Zaragoza,2018,MUJERES,274655,17437,19779,20279,21810,22868,23357,22096,20718,20295,19102,17237,15159,12110,8698,6187,3867,2116,1540
15013,Atizapán de Zaragoza,2019,HOMBRES,258442,18031,19728,20184,21579,22815,23399,21284,18016,16723,16399,15098,13639,11253,8108,5587,3490,1852,1257
15013,Atizapán de Zaragoza,2019,MUJERES,273923,17021,19256,19891,21290,22249,22951,21998,20746,20098,19202,17333,15450,12629,9211,6516,4102,2256,1724
15013,Atizapán de Zaragoza,2020,HOMBRES,257073,17546,19259,20074,21197,22299,22908,21373,18379,16468,16187,15027,13724,11441,8403,5850,3714,1967,1257
15013,Atizapán de Zaragoza,2020,MUJERES,272529,16697,18679,19416,20670,21695,22494,21905,20777,19846,19160,17336,15622,13061,9740,6812,4324,2392,1903
15013,Atizapán de Zaragoza,2021,HOMBRES,254601,17118,18732,19801,20372,22299,22418,21277,18275,15789,15664,14891,14097,12078,9069,5889,3711,1881,1240
15013,Atizapán de Zaragoza,2021,MUJERES,273462,16357,18046,18797,20693,21447,22642,21990,20813,19860,19475,18011,16129,13431,9867,6978,4458,2546,1922
15013,Atizapán de Zaragoza,2022,HOMBRES,254050,16694,18185,19283,19995,22128,22189,21340,18397,15576,15393,15051,14495,12631,9550,6077,3832,1949,1285
15013,Atizapán de Zaragoza,2022,MUJERES,273451,15953,17516,18271,20295,21295,22395,21893,20632,19620,19433,18460,16726,14112,10427,7225,4602,2633,1963
15013,Atizapán de Zaragoza,2023,HOMBRES,254111,16218,17704,18692,19649,21879,21941,21362,18515,15511,15125,15235,14956,13296,10168,6396,4029,2064,1371
15013,Atizapán de Zaragoza,2023,MUJERES,273755,15495,17054,17688,19908,21071,22137,21762,20435,19439,19320,18908,17363,14877,11083,7592,4807,2762,2054
15013,Atizapán de Zaragoza,2024,HOMBRES,254017,15692,17295,18065,19314,21554,21709,21294,18581,15545,14840,15361,15387,13953,10795,6764,4223,2184,1461
15013,Atizapán de Zaragoza,2024,MUJERES,273921,14991,16660,17076,19524,20771,21911,21570,20224,19293,19144,19302,17988,15643,11750,8017,5010,2898,2149
15013,Atizapán de Zaragoza,2025,HOMBRES,253754,15168,16886,17442,18957,21176,21499,21113,18602,15648,14578,15415,15795,14588,11430,7183,4411,2308,1555
15013,Atizapán de Zaragoza,2025,MUJERES,273946,14488,16269,16469,19117,20412,21721,21298,20013,19164,18946,19618,18608,16398,12425,8502,5211,3039,2248
15014,Atlacomulco,2015,HOMBRES,49773,5507,5542,5581,5283,4887,4305,3550,2982,2860,2592,2097,1512,1061,777,531,346,220,140
15014,Atlacomulco,2015,MUJERES,53658,5156,5230,5378,5288,5108,4763,4357,3846,3342,2722,2254,1766,1251,976,874,649,356,342
15014,Atlacomulco,2016,HOMBRES,50533,5452,5534,5577,5341,4940,4420,3689,3043,2904,2628,2153,1597,1135,812,563,366,226,153
15014,Atlacomulco,2016,MUJERES,54554,5130,5266,5419,5342,5128,4834,4435,3910,3452,2836,2353,1862,1333,1007,873,647,370,357
15014,Atlacomulco,2017,HOMBRES,51261,5387,5504,5589,5395,4975,4528,3830,3126,2933,2659,2204,1685,1214,851,596,386,232,167
15014,Atlacomulco,2017,MUJERES,55411,5090,5285,5470,5394,5133,4904,4509,3984,3548,2952,2451,1960,1418,1040,871,646,384,372
15014,Atlacomulco,2018,HOMBRES,51992,5327,5458,5616,5440,5008,4625,3969,3235,2952,2685,2252,1776,1297,895,628,407,240,182
15014,Atlacomulco,2018,MUJERES,56280,5055,5290,5535,5439,5139,4970,4583,4073,3632,3069,2548,2062,1506,1079,868,645,399,388
15014,Atlacomulco,2019,HOMBRES,52717,5274,5398,5653,5471,5048,4707,4103,3370,2968,2703,2296,1867,1382,947,658,428,247,197
15014,Atlacomulco,2019,MUJERES,57148,5031,5287,5607,5468,5155,5024,4656,4173,3709,3183,2647,2164,1596,1125,862,643,415,403
15014,Atlacomulco,2020,HOMBRES,53263,5250,5325,5662,5471,5087,4766,4232,3522,2982,2695,2323,1942,1455,991,671,435,248,206
15014,Atlacomulco,2020,MUJERES,57904,5031,5269,5655,5470,5181,5066,4735,4280,3782,3281,2739,2260,1682,1168,842,631,425,407
15014,Atlacomulco,2021,HOMBRES,53237,5205,5225,5698,5453,4934,4793,4326,3560,2960,2806,2395,1915,1447,961,644,434,268,213
15014,Atlacomulco,2021,MUJERES,58446,4996,5179,5557,5500,5471,5139,4823,4391,3791,3189,2742,2354,1750,1243,870,640,412,399
15014,Atlacomulco,2022,HOMBRES,53544,5159,5145,5647,5470,4989,4833,4435,3661,2973,2792,2425,1946,1483,992,654,444,276,220
15014,Atlacomulco,2022,MUJERES,58857,4949,5103,5503,5511,5549,5182,4906,4453,3811,3212,2804,2409,1800,1286,889,657,424,409
15014,Atlacomulco,2023,HOMBRES,53968,5101,5088,5579,5499,5033,4874,4544,3768,3018,2781,2461,1987,1533,1036,679,463,290,234
15014,Atlacomulco,2023,MUJERES,59340,4891,5046,5433,5530,5615,5227,4988,4517,3847,3226,2870,2470,1860,1341,923,683,443,430
15014,Atlacomulco,2024,HOMBRES,54360,5025,5049,5498,5534,5061,4921,4637,3869,3084,2767,2489,2023,1579,1080,708,481,306,249
15014,Atlacomulco,2024,MUJERES,59798,4816,5011,5354,5549,5663,5283,5059,4580,3892,3232,2929,2529,1918,1395,963,709,464,452
15014,Atlacomulco,2025,HOMBRES,54716,4946,5011,5415,5561,5078,4975,4709,3965,3167,2756,2505,2056,1622,1122,743,499,322,264
15014,Atlacomulco,2025,MUJERES,60216,4736,4973,5273,5562,5695,5349,5113,4645,3942,3235,2978,2588,1973,1448,1010,735,485,476
15015,Atlautla,2015,HOMBRES,15626,1557,1545,1575,1602,1543,1315,1047,895,882,840,751,576,404,333,282,211,146,122
15015,Atlautla,2015,MUJERES,16067,1473,1439,1462,1573,1561,1360,1200,1134,1059,895,735,558,424,362,314,239,152,127
15015,Atlautla,2016,HOMBRES,15697,1542,1561,1554,1585,1542,1344,1072,891,883,847,760,594,422,335,282,211,146,126
15015,Atlautla,2016,MUJERES,16164,1463,1440,1464,1558,1541,1377,1219,1135,1073,917,755,581,443,366,313,236,152,131
15015,Atlautla,2017,HOMBRES,15758,1523,1571,1538,1569,1536,1371,1097,893,879,854,766,611,441,338,283,212,146,130
15015,Atlautla,2017,MUJERES,16259,1454,1440,1469,1543,1516,1393,1238,1139,1082,939,775,605,462,371,312,233,152,136
15015,Atlautla,2018,HOMBRES,15811,1506,1578,1526,1549,1528,1394,1121,902,873,858,771,628,460,342,283,212,146,134
15015,Atlautla,2018,MUJERES,16342,1444,1435,1478,1524,1492,1408,1256,1147,1087,960,794,628,480,377,310,230,152,140
15015,Atlautla,2019,HOMBRES,15862,1492,1580,1517,1527,1523,1413,1143,918,866,860,774,644,478,349,282,212,146,138
15015,Atlautla,2019,MUJERES,16430,1438,1427,1488,1503,1472,1421,1275,1158,1089,979,813,651,499,385,308,227,152,145
15015,Atlautla,2020,HOMBRES,15843,1485,1579,1501,1496,1518,1425,1163,936,858,855,771,654,490,351,274,207,143,137
15015,Atlautla,2020,MUJERES,16475,1438,1415,1492,1476,1455,1430,1295,1170,1089,994,828,671,514,391,300,221,150,146
15015,Atlautla,2021,HOMBRES,15852,1484,1525,1504,1486,1512,1427,1189,955,877,869,767,650,487,355,273,212,143,137
15015,Atlautla,2021,MUJERES,16566,1417,1411,1466,1483,1490,1447,1316,1193,1068,985,852,690,531,403,303,218,147,146
15015,Atlautla,2022,HOMBRES,15923,1469,1502,1491,1487,1524,1432,1216,982,881,863,774,658,497,365,278,217,145,142
15015,Atlautla,2022,MUJERES,16658,1402,1389,1449,1481,1505,1454,1337,1211,1074,991,870,702,544,417,310,224,149,149
15015,Atlautla,2023,HOMBRES,16023,1450,1484,1472,1489,1531,1437,1241,1011,894,858,782,668,511,380,288,226,150,151
15015,Atlautla,2023,MUJERES,16769,1384,1370,1427,1483,1516,1461,1358,1230,1084,994,888,716,559,435,323,232,153,156
15015,Atlautla,2024,HOMBRES,16118,1429,1470,1448,1493,1534,1444,1263,1037,914,852,787,677,523,395,301,235,155,161
15015,Atlautla,2024,MUJERES,16868,1361,1358,1402,1483,1522,1471,1377,1248,1097,994,904,728,573,453,337,240,157,163
15015,Atlautla,2025,HOMBRES,16205,1404,1459,1424,1497,1533,1452,1278,1063,938,848,789,685,535,409,316,243,160,172
15015,Atlautla,2025,MUJERES,16960,1336,1347,1376,1484,1524,1484,1390,1266,1110,994,917,741,586,471,354,248,161,171
15016,Axapusco,2015,HOMBRES,14071,1496,1529,1445,1373,1277,1086,921,836,819,757,641,489,379,317,259,200,137,110
15016,Axapusco,2015,MUJERES,14345,1288,1355,1475,1352,1197,1122,1107,1061,1011,864,680,503,366,306,258,172,113,115
15016,Axapusco,2016,HOMBRES,14184,1444,1499,1440,1388,1287,1116,950,836,823,769,662,517,401,323,265,204,143,117
15016,Axapusco,2016,MUJERES,14496,1278,1342,1459,1366,1214,1138,1112,1061,1021,881,703,531,392,314,262,180,121,121
15016,Axapusco,2017,HOMBRES,14287,1393,1464,1438,1401,1291,1144,979,842,822,779,682,546,423,331,270,208,149,125
15016,Axapusco,2017,MUJERES,14632,1268,1327,1445,1378,1227,1152,1116,1063,1026,897,723,559,419,323,265,187,129,128
15016,Axapusco,2018,HOMBRES,14394,1343,1427,1443,1410,1295,1170,1007,854,818,788,701,576,447,339,275,212,155,134
15016,Axapusco,2018,MUJERES,14771,1257,1309,1434,1389,1240,1166,1119,1068,1026,912,744,589,447,334,269,195,138,135
15016,Axapusco,2019,HOMBRES,14493,1296,1384,1448,1419,1301,1191,1032,871,813,795,719,606,470,350,279,215,162,142
15016,Axapusco,2019,MUJERES,14908,1249,1289,1425,1396,1256,1176,1122,1075,1024,926,764,619,476,346,271,203,149,142
15016,Axapusco,2020,HOMBRES,14533,1257,1342,1447,1415,1305,1207,1056,892,807,794,732,633,489,357,276,213,165,146
15016,Axapusco,2020,MUJERES,15008,1248,1267,1409,1394,1273,1184,1126,1083,1020,934,782,648,503,357,269,208,158,145
15016,Axapusco,2021,HOMBRES,14592,1290,1317,1442,1424,1327,1191,1070,903,800,798,728,628,514,363,273,213,166,145
15016,Axapusco,2021,MUJERES,15094,1211,1266,1400,1378,1273,1216,1156,1117,1030,939,808,667,493,364,270,208,155,143
15016,Axapusco,2022,HOMBRES,14679,1286,1307,1431,1422,1337,1196,1097,930,805,794,735,635,524,372,276,215,169,148
15016,Axapusco,2022,MUJERES,15210,1206,1254,1390,1376,1283,1222,1176,1137,1040,948,827,681,505,376,275,212,157,145
15016,Axapusco,2023,HOMBRES,14801,1275,1301,1415,1423,1343,1202,1124,959,818,791,743,645,539,387,284,222,175,155
15016,Axapusco,2023,MUJERES,15342,1198,1249,1374,1377,1290,1227,1196,1157,1054,955,846,696,519,390,284,218,162,150
15016,Axapusco,2024,HOMBRES,14926,1264,1300,1395,1428,1345,1209,1147,987,838,788,749,654,552,401,295,229,182,163
15016,Axapusco,2024,MUJERES,15469,1187,1249,1355,1376,1293,1236,1213,1177,1070,959,864,710,533,405,295,224,167,156
15016,Axapusco,2025,HOMBRES,15037,1250,1299,1375,1428,1344,1218,1165,1014,863,786,752,661,564,415,308,235,188,172
15016,Axapusco,2025,MUJERES,15587,1176,1250,1336,1373,1293,1247,1226,1198,1088,962,879,724,545,419,308,229,173,161
15017,Ayapango,2015,HOMBRES,4928,460,490,456,485,489,422,351,322,321,293,252,189,125,96,78,51,29,19
15017,Ayapango,2015,MUJERES,5167,521,508,496,459,444,436,412,381,362,297,227,182,146,110,74,52,36,24
15017,Ayapango,2016,HOMBRES,4930,452,481,459,480,481,425,355,316,318,297,258,196,133,98,79,52,30,20
15017,Ayapango,2016,MUJERES,5197,497,500,492,458,441,439,417,384,368,309,240,191,152,113,79,54,37,26
15017,Ayapango,2017,HOMBRES,4926,444,471,462,477,471,426,359,311,313,300,263,203,140,101,80,53,31,21
15017,Ayapango,2017,MUJERES,5220,471,489,490,457,437,442,422,387,372,321,253,200,157,117,83,57,37,28
15017,Ayapango,2018,HOMBRES,4919,435,459,465,472,461,427,362,309,307,302,267,210,148,105,81,55,32,22
15017,Ayapango,2018,MUJERES,5250,448,478,489,456,433,444,427,392,375,333,266,209,162,122,88,60,38,30
15017,Ayapango,2019,HOMBRES,4915,427,448,473,466,452,425,365,309,301,303,271,217,156,109,81,56,33,23
15017,Ayapango,2019,MUJERES,5278,429,465,486,454,430,445,432,398,377,345,280,218,167,127,92,62,39,32
15017,Ayapango,2020,HOMBRES,4882,422,435,476,457,443,421,366,309,294,302,273,221,161,112,79,55,33,23
15017,Ayapango,2020,MUJERES,5295,409,452,484,449,428,445,437,404,378,354,294,226,171,132,96,64,39,33
15017,Ayapango,2021,HOMBRES,4944,414,427,472,456,446,430,384,341,309,311,271,217,160,114,78,56,34,24
15017,Ayapango,2021,MUJERES,5207,410,445,474,438,422,434,429,384,359,343,299,234,176,133,94,62,39,32
15017,Ayapango,2022,HOMBRES,4936,410,421,464,451,443,427,390,350,310,307,271,219,163,116,78,56,35,25
15017,Ayapango,2022,MUJERES,5202,405,437,465,433,420,432,434,388,360,342,303,237,180,136,95,62,40,33
15017,Ayapango,2023,HOMBRES,4935,405,415,456,444,440,425,396,359,314,303,273,222,166,119,79,57,36,26
15017,Ayapango,2023,MUJERES,5207,400,432,456,428,417,430,439,392,362,341,306,242,185,140,97,63,42,35
15017,Ayapango,2024,HOMBRES,4937,397,412,447,441,435,423,400,368,321,299,273,224,170,122,81,58,38,28
15017,Ayapango,2024,MUJERES,5209,393,429,447,424,414,428,442,395,364,339,310,246,190,144,99,64,44,37
15017,Ayapango,2025,HOMBRES,4938,391,410,435,437,430,422,403,376,329,296,272,226,173,125,84,59,40,30
15017,Ayapango,2025,MUJERES,5210,386,427,437,420,408,428,444,400,367,337,312,250,194,148,103,65,46,38
15018,Calimaya,2015,HOMBRES,28687,2886,2948,2687,2655,2684,2498,2240,2094,2015,1705,1323,940,662,505,369,241,140,95
15018,Calimaya,2015,MUJERES,29816,2778,2893,2835,2649,2642,2599,2479,2341,2153,1722,1339,1042,754,519,395,311,201,164
15018,Calimaya,2016,HOMBRES,29746,2892,3018,2790,2755,2748,2590,2339,2145,2088,1798,1416,1023,721,533,389,253,146,102
15018,Calimaya,2016,MUJERES,30956,2793,2953,2906,2761,2710,2671,2578,2441,2276,1844,1440,1115,810,552,412,313,206,175
15018,Calimaya,2017,HOMBRES,30817,2893,3078,2903,2859,2804,2679,2440,2211,2152,1892,1510,1110,784,563,410,266,153,110
15018,Calimaya,2017,MUJERES,32106,2801,3004,2984,2876,2770,2744,2678,2550,2392,1973,1544,1193,869,589,427,315,211,186
15018,Calimaya,2018,HOMBRES,31928,2894,3131,3030,2961,2859,2763,2542,2297,2210,1988,1609,1203,852,598,431,280,161,119
15018,Calimaya,2018,MUJERES,33299,2813,3049,3071,2990,2832,2815,2780,2673,2504,2109,1654,1274,931,630,443,318,216,197
15018,Calimaya,2019,HOMBRES,33065,2901,3177,3166,3057,2919,2839,2641,2401,2267,2082,1710,1301,923,639,451,294,169,128
15018,Calimaya,2019,MUJERES,34531,2829,3089,3165,3102,2901,2881,2885,2807,2615,2248,1769,1357,996,678,458,320,222,209
15018,Calimaya,2020,HOMBRES,34217,2935,3224,3301,3146,2988,2912,2746,2524,2330,2170,1812,1395,989,677,463,300,173,132
15018,Calimaya,2020,MUJERES,35841,2871,3130,3255,3207,2986,2951,3006,2959,2734,2392,1894,1444,1059,728,467,318,224,216
15018,Calimaya,2021,HOMBRES,34619,2955,3207,3311,3167,3029,2977,2864,2672,2344,2190,1804,1402,995,684,437,268,178,135
15018,Calimaya,2021,MUJERES,36088,2867,3110,3233,3165,2979,2934,3041,2978,2766,2420,1968,1488,1097,751,492,352,229,218
15018,Calimaya,2022,HOMBRES,34989,2960,3197,3298,3159,3041,2997,2950,2779,2382,2195,1831,1429,1022,706,444,273,185,141
15018,Calimaya,2022,MUJERES,36499,2871,3096,3213,3155,2997,2950,3117,3050,2811,2456,2020,1525,1131,778,503,360,239,227
15018,Calimaya,2023,HOMBRES,35441,2954,3198,3271,3161,3046,3018,3036,2893,2445,2202,1862,1463,1058,738,461,284,198,153
15018,Calimaya,2023,MUJERES,36960,2868,3098,3185,3149,3008,2968,3192,3125,2868,2486,2075,1566,1171,812,521,373,253,242
15018,Calimaya,2024,HOMBRES,35879,2940,3213,3239,3162,3041,3041,3113,3004,2526,2206,1888,1494,1092,769,481,294,211,165
15018,Calimaya,2024,MUJERES,37398,2852,3110,3149,3145,3009,2991,3261,3200,2932,2509,2125,1606,1210,844,544,386,268,257
15018,Calimaya,2025,HOMBRES,36293,2922,3227,3202,3162,3029,3069,3175,3112,2622,2213,1904,1522,1124,800,504,304,225,177
15018,Calimaya,2025,MUJERES,37819,2836,3123,3114,3134,3001,3019,3320,3278,3001,2530,2168,1645,1247,877,569,399,284,274
15019,Capulhuac,2015,HOMBRES,17660,1790,1725,1683,1761,1812,1605,1278,1119,1091,975,822,636,451,320,237,159,102,94
15019,Capulhuac,2015,MUJERES,18711,1740,1776,1782,1743,1702,1563,1406,1310,1272,1127,921,701,533,407,281,195,136,116
15019,Capulhuac,2016,HOMBRES,17777,1754,1713,1674,1756,1803,1630,1310,1114,1092,996,850,665,476,333,246,163,106,96
15019,Capulhuac,2016,MUJERES,18865,1714,1767,1763,1755,1707,1573,1422,1315,1284,1150,948,729,557,418,294,202,143,124
15019,Capulhuac,2017,HOMBRES,17874,1717,1694,1667,1747,1787,1652,1342,1116,1087,1015,877,695,501,346,255,168,111,97
15019,Capulhuac,2017,MUJERES,18998,1684,1755,1745,1766,1706,1583,1436,1323,1289,1174,974,757,581,430,306,209,149,131
15019,Capulhuac,2018,HOMBRES,17972,1681,1671,1665,1735,1770,1670,1372,1126,1079,1033,903,725,527,362,264,173,117,99
15019,Capulhuac,2018,MUJERES,19130,1656,1737,1733,1774,1706,1591,1450,1335,1289,1196,999,785,605,444,318,216,157,139
15019,Capulhuac,2019,HOMBRES,18063,1648,1644,1668,1719,1755,1681,1399,1144,1070,1048,927,755,552,380,272,178,123,100
15019,Capulhuac,2019,MUJERES,19261,1633,1718,1721,1779,1709,1595,1463,1350,1286,1216,1024,813,629,461,330,223,164,147
15019,Capulhuac,2020,HOMBRES,18080,1624,1613,1660,1691,1740,1684,1424,1166,1059,1053,946,777,571,396,274,179,126,97
15019,Capulhuac,2020,MUJERES,19345,1618,1692,1705,1774,1715,1595,1478,1366,1280,1229,1046,836,649,476,337,227,170,152
15019,Capulhuac,2021,HOMBRES,18202,1626,1614,1740,1750,1768,1634,1438,1215,1050,1043,930,763,567,391,270,178,126,99
15019,Capulhuac,2021,MUJERES,19271,1601,1644,1606,1691,1694,1647,1502,1355,1278,1242,1087,873,673,495,335,226,172,150
15019,Capulhuac,2022,HOMBRES,18247,1620,1595,1724,1741,1768,1631,1463,1244,1052,1034,939,774,580,400,271,179,129,103
15019,Capulhuac,2022,MUJERES,19341,1590,1627,1590,1679,1697,1645,1518,1367,1281,1248,1109,891,691,510,339,228,177,154
15019,Capulhuac,2023,HOMBRES,18335,1609,1583,1701,1737,1764,1629,1486,1275,1065,1027,951,788,598,414,278,184,136,110
15019,Capulhuac,2023,MUJERES,19436,1576,1613,1568,1670,1697,1644,1533,1379,1289,1251,1133,912,713,529,348,234,185,162
15019,Capulhuac,2024,HOMBRES,18409,1590,1578,1677,1732,1755,1628,1505,1304,1085,1018,959,800,615,428,286,188,143,118
15019,Capulhuac,2024,MUJERES,19519,1556,1607,1544,1662,1690,1645,1545,1391,1300,1251,1153,932,733,548,359,240,193,170
15019,Capulhuac,2025,HOMBRES,18473,1572,1571,1651,1726,1742,1630,1516,1332,1111,1012,963,811,630,441,297,192,150,126
15019,Capulhuac,2025,MUJERES,19595,1536,1600,1519,1650,1680,1651,1552,1404,1313,1250,1170,952,753,566,373,245,202,179
15020,Coacalco de Berriozábal,2015,HOMBRES,139890,9696,10817,11636,12671,13532,12463,10118,8843,9581,10189,9415,7230,5151,3709,2315,1295,754,475
15020,Coacalco de Berriozábal,2015,MUJERES,151472,10521,10711,11371,12670,12983,11979,10942,11314,12487,11786,10078,7917,5746,4294,3100,1860,981,732
15020,Coacalco de Berriozábal,2016,HOMBRES,140880,9536,10745,11476,12645,13469,12641,10422,8844,9465,10146,9530,7519,5431,3835,2467,1406,796,507
15020,Coacalco de Berriozábal,2016,MUJERES,152114,10142,10541,11152,12539,12913,12139,11117,11167,12289,11893,10376,8276,6069,4454,3249,1971,1041,786
15020,Coacalco de Berriozábal,2017,HOMBRES,141733,9356,10630,11341,12608,13353,12789,10723,8899,9297,10084,9617,7807,5720,3974,2624,1527,842,542
15020,Coacalco de Berriozábal,2017,MUJERES,152640,9756,10339,10949,12399,12804,12293,11282,11047,12030,11988,10654,8638,6401,4627,3399,2087,1104,843
15020,Coacalco de Berriozábal,2018,HOMBRES,142562,9181,10482,11243,12546,13229,12905,11011,9019,9101,10000,9683,8092,6016,4136,2786,1658,893,581
15020,Coacalco de Berriozábal,2018,MUJERES,153170,9388,10114,10773,12240,12695,12433,11442,10960,11731,12069,10923,9004,6740,4825,3548,2210,1172,903
15020,Coacalco de Berriozábal,2019,HOMBRES,143329,9019,10310,11163,12450,13122,12968,11278,9197,8896,9885,9728,8367,6311,4327,2948,1797,946,617
15020,Coacalco de Berriozábal,2019,MUJERES,153688,9048,9875,10614,12050,12608,12542,11599,10896,11411,12120,11182,9364,7081,5056,3693,2338,1245,966
15020,Coacalco de Berriozábal,2020,HOMBRES,143454,8911,10115,11031,12280,13011,12963,11526,9401,8687,9678,9690,8556,6535,4484,3060,1910,981,635
15020,Coacalco de Berriozábal,2020,MUJERES,153846,8774,9613,10413,11803,12542,12615,11765,10842,11084,12084,11394,9680,7387,5278,3800,2454,1309,1009
15020,Coacalco de Berriozábal,2021,HOMBRES,142488,8861,9780,10660,11916,13155,12915,11025,9457,8579,9742,9859,8612,6657,4646,3084,1942,975,623
15020,Coacalco de Berriozábal,2021,MUJERES,154682,8549,9436,10418,11832,12327,12445,12222,10800,10934,11993,11609,10138,7796,5514,3859,2460,1333,1017
15020,Coacalco de Berriozábal,2022,HOMBRES,142482,8704,9541,10435,11754,13090,12782,11034,9543,8511,9628,9991,8841,6940,4876,3172,1993,1003,644
15020,Coacalco de Berriozábal,2022,MUJERES,155105,8397,9202,10190,11675,12279,12290,12162,10736,10861,12019,11912,10495,8172,5815,3977,2519,1367,1037
15020,Coacalco de Berriozábal,2023,HOMBRES,142812,8518,9337,10172,11608,12982,12641,11024,9628,8526,9516,10140,9109,7284,5176,3329,2082,1054,686
15020,Coacalco de Berriozábal,2023,MUJERES,155721,8218,9005,9928,11527,12192,12132,12086,10666,10821,12004,12219,10880,8596,6169,4161,2611,1423,1083
15020,Coacalco de Berriozábal,2024,HOMBRES,143059,8305,9172,9889,11471,12831,12510,10970,9689,8598,9393,10253,9360,7622,5481,3510,2168,1108,729
15020,Coacalco de Berriozábal,2024,MUJERES,156255,8011,8842,9649,11379,12063,11996,11978,10590,10802,11951,12495,11259,9020,6529,4376,2701,1482,1132
15020,Coacalco de Berriozábal,2025,HOMBRES,143204,8089,9005,9603,11319,12649,12395,10859,9729,8712,9285,10319,9597,7950,5788,3717,2251,1162,775
15020,Coacalco de Berriozábal,2025,MUJERES,156711,7803,8682,9368,11216,11900,11883,11828,10516,10795,11886,12726,11637,9438,6895,4623,2790,1543,1182
15021,Coatepec Harinas,2015,HOMBRES,19777,2400,2382,2337,2155,1923,1616,1286,1056,950,845,775,627,447,345,253,159,116,105
15021,Coatepec Harinas,2015,MUJERES,20934,2399,2299,2160,2156,2085,1753,1395,1201,1143,1046,887,652,456,372,331,277,190,132
15021,Coatepec Harinas,2016,HOMBRES,19619,2352,2352,2295,2130,1889,1605,1291,1044,952,855,774,628,457,347,259,166,116,107
15021,Coatepec Harinas,2016,MUJERES,20808,2345,2263,2139,2129,2045,1754,1419,1213,1143,1039,886,666,476,379,329,267,181,135
15021,Coatepec Harinas,2017,HOMBRES,19439,2300,2313,2259,2105,1849,1592,1295,1039,948,863,770,628,466,350,264,173,117,108
15021,Coatepec Harinas,2017,MUJERES,20669,2288,2222,2121,2102,2001,1754,1443,1228,1138,1032,882,681,497,386,326,256,173,139
15021,Coatepec Harinas,2018,HOMBRES,19256,2251,2268,2231,2076,1810,1574,1296,1041,942,869,766,627,474,355,268,180,118,110
15021,Coatepec Harinas,2018,MUJERES,20529,2235,2177,2108,2071,1957,1753,1467,1246,1128,1023,878,695,518,395,323,246,166,143
15021,Coatepec Harinas,2019,HOMBRES,19067,2206,2219,2206,2041,1774,1551,1295,1050,935,873,760,625,482,362,272,186,119,111
15021,Coatepec Harinas,2019,MUJERES,20391,2186,2129,2099,2036,1919,1747,1491,1268,1116,1013,873,708,539,407,319,236,159,146
15021,Coatepec Harinas,2020,HOMBRES,18795,2171,2165,2171,1996,1738,1519,1290,1063,926,868,747,615,483,364,269,186,116,108
15021,Coatepec Harinas,2020,MUJERES,20207,2148,2075,2082,1992,1884,1737,1517,1292,1103,997,863,715,557,416,310,224,150,145
15021,Coatepec Harinas,2021,HOMBRES,18743,2163,2114,2155,1990,1761,1562,1358,1083,881,843,736,627,480,360,248,169,102,111
15021,Coatepec Harinas,2021,MUJERES,20016,2096,2026,2039,1965,1877,1694,1471,1286,1119,1009,881,707,561,424,324,239,161,137
15021,Coatepec Harinas,2022,HOMBRES,18649,2131,2068,2117,1979,1765,1559,1376,1099,874,829,736,628,484,366,250,172,103,113
15021,Coatepec Harinas,2022,MUJERES,19939,2066,1982,2003,1951,1887,1691,1478,1287,1112,1006,893,714,567,432,328,243,163,136
15021,Coatepec Harinas,2023,HOMBRES,18600,2095,2032,2077,1972,1766,1557,1394,1116,876,816,738,633,492,377,257,178,106,118
15021,Coatepec Harinas,2023,MUJERES,19883,2031,1947,1961,1939,1892,1689,1484,1289,1110,1002,906,723,576,442,336,250,167,139
15021,Coatepec Harinas,2024,HOMBRES,18535,2051,2005,2031,1968,1761,1557,1406,1131,885,803,737,635,499,386,265,183,109,123
15021,Coatepec Harinas,2024,MUJERES,19818,1987,1922,1915,1931,1891,1690,1486,1290,1109,994,917,731,584,453,347,258,171,142
15021,Coatepec Harinas,2025,HOMBRES,18458,2007,1979,1985,1959,1752,1559,1411,1144,897,791,733,637,504,396,275,188,113,128
15021,Coatepec Harinas,2025,MUJERES,19736,1944,1895,1870,1918,1885,1694,1483,1292,1111,986,924,738,590,462,359,264,176,145
15022,Cocotitlán,2015,HOMBRES,7164,667,687,713,699,652,563,495,475,489,448,374,279,189,139,115,86,53,41
15022,Cocotitlán,2015,MUJERES,7617,640,675,691,661,667,625,589,582,566,491,396,292,206,165,140,105,69,57
15022,Cocotitlán,2016,HOMBRES,7236,658,688,706,702,658,579,505,468,487,455,384,292,202,145,119,91,56,41
15022,Cocotitlán,2016,MUJERES,7671,627,665,691,667,665,628,591,578,574,505,410,307,220,168,141,107,69,58
15022,Cocotitlán,2017,HOMBRES,7309,649,688,703,705,662,593,514,465,482,461,393,306,216,152,123,95,60,42
15022,Cocotitlán,2017,MUJERES,7717,610,653,694,676,661,631,591,575,578,518,423,323,233,171,142,108,70,60
15022,Cocotitlán,2018,HOMBRES,7373,637,684,701,705,665,606,523,465,476,466,402,319,230,160,127,100,64,43
15022,Cocotitlán,2018,MUJERES,7769,597,642,697,683,657,634,592,574,580,531,435,339,248,176,142,110,71,61
15022,Cocotitlán,2019,HOMBRES,7441,630,677,699,706,669,616,531,468,470,470,411,333,244,169,131,105,68,44
15022,Cocotitlán,2019,MUJERES,7818,585,628,704,687,654,635,592,575,581,543,448,355,262,181,142,112,71,63
15022,Cocotitlán,2020,HOMBRES,7473,625,669,695,701,673,624,538,473,462,470,416,344,257,176,131,107,70,42
15022,Cocotitlán,2020,MUJERES,7847,576,614,705,688,653,634,593,576,580,552,459,371,276,185,140,112,71,62
15022,Cocotitlán,2021,HOMBRES,7501,609,663,713,708,687,634,553,504,462,466,415,340,254,171,123,100,58,41
15022,Cocotitlán,2021,MUJERES,7862,587,606,679,673,640,622,594,566,582,561,471,385,288,197,148,119,82,62
15022,Cocotitlán,2022,HOMBRES,7525,608,657,707,702,685,631,563,519,465,463,419,344,259,176,125,102,58,42
15022,Cocotitlán,2022,MUJERES,7903,583,599,672,669,641,619,601,573,587,566,481,393,296,204,151,122,84,62
15022,Cocotitlán,2023,HOMBRES,7570,603,652,700,698,682,628,572,535,473,461,425,350,267,183,129,107,61,44
15022,Cocotitlán,2023,MUJERES,7957,580,597,665,665,639,617,608,581,594,569,491,402,305,211,157,126,86,64
15022,Cocotitlán,2024,HOMBRES,7615,597,652,691,697,677,626,580,550,484,458,429,355,274,190,134,111,63,47
15022,Cocotitlán,2024,MUJERES,8008,575,595,655,663,636,616,614,589,602,571,500,411,314,219,163,130,89,66
15022,Cocotitlán,2025,HOMBRES,7646,589,649,680,695,671,625,584,564,498,455,430,359,280,197,141,115,65,49
15022,Cocotitlán,2025,MUJERES,8054,568,594,646,659,631,617,617,597,612,572,507,420,322,227,171,134,92,68
15023,Coyotepec,2015,HOMBRES,20991,2149,2148,2150,2087,2028,1864,1598,1381,1298,1138,944,698,478,356,259,167,120,128
15023,Coyotepec,2015,MUJERES,21695,2184,2195,2027,2013,2081,1914,1642,1507,1463,1278,1006,730,547,411,276,187,136,98
15023,Coyotepec,2016,HOMBRES,20877,2076,2093,2125,2085,2003,1857,1604,1354,1281,1146,964,729,507,367,266,172,120,128
15023,Coyotepec,2016,MUJERES,21595,2097,2124,2006,2010,2047,1905,1652,1504,1465,1291,1036,769,571,414,281,190,133,100
15023,Coyotepec,2017,HOMBRES,20747,2003,2032,2108,2080,1971,1846,1607,1336,1256,1150,981,760,538,378,273,178,121,129
15023,Coyotepec,2017,MUJERES,21469,2007,2044,1987,2004,2007,1895,1661,1505,1460,1303,1065,808,595,419,286,192,130,101
15023,Coyotepec,2018,HOMBRES,20616,1935,1963,2096,2073,1939,1829,1608,1327,1229,1153,997,791,569,392,279,184,122,130
15023,Coyotepec,2018,MUJERES,21348,1924,1965,1973,1996,1968,1882,1669,1510,1449,1314,1093,848,618,425,290,195,127,102
15023,Coyotepec,2019,HOMBRES,20472,1869,1894,2086,2060,1909,1806,1604,1327,1200,1152,1010,821,601,408,285,189,122,129
15023,Coyotepec,2019,MUJERES,21223,1845,1883,1962,1983,1933,1865,1677,1518,1435,1321,1120,888,642,433,293,197,125,103
15023,Coyotepec,2020,HOMBRES,20243,1817,1824,2063,2030,1877,1772,1596,1330,1169,1140,1017,845,627,420,283,190,119,124
15023,Coyotepec,2020,MUJERES,21042,1779,1801,1940,1954,1900,1842,1684,1526,1416,1319,1144,927,662,439,291,196,120,102
15023,Coyotepec,2021,HOMBRES,20161,1831,1801,1989,1972,1894,1811,1630,1372,1148,1107,1010,841,621,414,275,206,121,118
15023,Coyotepec,2021,MUJERES,20988,1722,1746,1953,1960,1877,1791,1681,1518,1419,1349,1174,952,689,461,296,179,117,104
15023,Coyotepec,2022,HOMBRES,20115,1806,1768,1951,1951,1887,1803,1652,1401,1146,1095,1017,851,633,425,277,209,123,120
15023,Coyotepec,2022,MUJERES,20971,1700,1712,1914,1937,1875,1782,1693,1526,1420,1354,1197,971,708,476,301,182,119,104
15023,Coyotepec,2023,HOMBRES,20122,1778,1743,1910,1933,1877,1795,1673,1433,1158,1084,1027,865,651,441,285,216,127,126
15023,Coyotepec,2023,MUJERES,20982,1674,1685,1873,1918,1868,1774,1705,1535,1426,1356,1222,992,730,496,311,187,123,107
15023,Coyotepec,2024,HOMBRES,20114,1744,1722,1865,1917,1860,1790,1688,1462,1177,1072,1033,877,668,457,295,223,132,132
15023,Coyotepec,2024,MUJERES,20982,1641,1667,1828,1898,1856,1769,1713,1544,1436,1354,1243,1013,752,516,323,192,127,110
15023,Coyotepec,2025,HOMBRES,20096,1710,1702,1820,1899,1840,1787,1695,1489,1203,1062,1035,887,683,473,307,229,137,138
15023,Coyotepec,2025,MUJERES,20976,1609,1650,1783,1877,1839,1768,1716,1554,1448,1351,1261,1033,772,535,337,197,132,114
15024,Cuautitlán,2015,HOMBRES,75863,6708,6768,7333,7068,6554,6080,5901,6245,6648,5580,4034,2655,1624,1056,720,459,275,155
15024,Cuautitlán,2015,MUJERES,78670,6203,6656,6983,6901,6630,6474,7056,7523,7168,5560,3937,2713,1811,1217,779,482,304,273
15024,Cuautitlán,2016,HOMBRES,78553,6546,6857,7390,7337,6918,6495,6243,6300,6697,5825,4344,2920,1810,1153,781,486,282,169
15024,Cuautitlán,2016,MUJERES,81401,6121,6715,7104,7123,6861,6730,7196,7556,7380,5946,4307,2992,2011,1330,863,535,332,299
15024,Cuautitlán,2017,HOMBRES,81278,6369,6917,7464,7609,7269,6916,6591,6392,6706,6065,4661,3204,2015,1262,846,515,290,187
15024,Cuautitlán,2017,MUJERES,84156,6024,6748,7231,7346,7075,6989,7326,7601,7554,6349,4698,3294,2228,1456,953,594,362,328
15024,Cuautitlán,2018,HOMBRES,84083,6197,6950,7557,7872,7628,7339,6940,6531,6688,6297,4989,3509,2238,1387,913,545,298,205
15024,Cuautitlán,2018,MUJERES,87005,5931,6764,7375,7558,7292,7245,7450,7666,7697,6767,5115,3620,2464,1598,1051,658,396,358
15024,Cuautitlán,2019,HOMBRES,86944,6034,6965,7657,8116,8009,7750,7280,6711,6658,6513,5326,3831,2479,1530,982,574,305,224
15024,Cuautitlán,2019,MUJERES,89931,5845,6759,7528,7752,7526,7488,7568,7744,7819,7192,5558,3968,2717,1762,1155,728,432,390
15024,Cuautitlán,2020,HOMBRES,89787,5939,6972,7731,8318,8406,8144,7621,6930,6624,6683,5670,4164,2730,1686,1040,590,302,237
15024,Cuautitlán,2020,MUJERES,93018,5821,6750,7658,7913,7786,7726,7702,7846,7932,7603,6046,4350,2997,1951,1258,798,466,415
15024,Cuautitlán,2021,HOMBRES,90858,6080,6931,7979,8295,8132,7810,7797,7286,6875,7034,5855,4155,2736,1694,1022,612,316,249
15024,Cuautitlán,2021,MUJERES,94729,5764,6765,7536,7983,8162,8150,7937,8020,7946,7555,6196,4573,3131,2028,1272,810,479,422
15024,Cuautitlán,2022,HOMBRES,92357,6117,6937,8022,8336,8168,7837,8037,7615,7046,7124,6010,4266,2821,1749,1035,638,334,265
15024,Cuautitlán,2022,MUJERES,96423,5799,6770,7566,8015,8219,8185,8130,8263,8150,7747,6424,4718,3238,2107,1297,845,506,444
15024,Cuautitlán,2023,HOMBRES,94108,6139,6972,8040,8396,8186,7866,8279,7968,7297,7222,6184,4399,2933,1828,1070,677,361,291
15024,Cuautitlán,2023,MUJERES,98271,5821,6804,7573,8057,8258,8226,8325,8517,8392,7925,6666,4880,3363,2204,1344,893,543,480
15024,Cuautitlán,2024,HOMBRES,95855,6139,7034,8040,8466,8179,7905,8497,8318,7609,7314,6341,4526,3040,1906,1113,718,390,320
15024,Cuautitlán,2024,MUJERES,100107,5821,6866,7564,8103,8270,8281,8505,8777,8661,8086,6899,5041,3487,2302,1401,941,583,519
15024,Cuautitlán,2025,HOMBRES,97586,6136,7098,8034,8528,8155,7956,8679,8667,7973,7418,6473,4648,3142,1984,1163,759,422,351
15024,Cuautitlán,2025,MUJERES,101932,5820,6929,7554,8142,8260,8355,8661,9049,8951,8244,7114,5203,3606,2399,1467,991,626,561
15025,Chalco,2015,HOMBRES,173990,17139,17534,17850,17186,16285,14756,13209,11925,11343,10464,8957,6267,3996,2843,1904,1141,730,461
15025,Chalco,2015,MUJERES,180586,16243,16572,17212,17262,17191,16071,14934,14170,13375,11124,8519,6457,4575,2811,1809,1210,562,489
15025,Chalco,2016,HOMBRES,178738,17166,17749,18074,17602,16727,15379,13739,12087,11613,10814,9305,6686,4358,2994,1998,1202,752,493
15025,Chalco,2016,MUJERES,186381,16329,16805,17747,17824,17458,16493,15397,14469,13795,11695,9108,6921,4898,3012,1959,1295,628,548
15025,Chalco,2017,HOMBRES,183437,17158,17900,18343,18016,17113,15990,14277,12330,11827,11155,9635,7121,4747,3161,2093,1267,776,528
15025,Chalco,2017,MUJERES,192207,16383,16990,18329,18393,17677,16918,15859,14809,14154,12284,9716,7408,5237,3233,2117,1386,701,613
15025,Chalco,2018,HOMBRES,188223,17159,17996,18673,18407,17500,16581,14811,12674,12006,11483,9955,7574,5164,3352,2188,1335,799,566
15025,Chalco,2018,MUJERES,198221,16450,17135,18975,18952,17903,17336,16329,15203,14468,12888,10349,7920,5591,3484,2285,1483,784,686
15025,Chalco,2019,HOMBRES,193048,17185,18048,19036,18760,17918,17125,15327,13112,12173,11785,10262,8037,5603,3572,2279,1405,820,601
15025,Chalco,2019,MUJERES,204388,16546,17246,19668,19476,18165,17718,16806,15643,14754,13491,11009,8450,5957,3772,2458,1586,877,766
15025,Chalco,2020,HOMBRES,197560,17335,18088,19331,19026,18367,17623,15855,13630,12346,12007,10511,8454,6010,3779,2324,1444,814,616
15025,Chalco,2020,MUJERES,210683,16752,17342,20327,19937,18492,18093,17339,16136,15037,14055,11691,8982,6316,4081,2613,1674,976,840
15025,Chalco,2021,HOMBRES,202269,17356,17876,19559,19345,18991,18257,16446,14092,12422,12306,11278,8976,6210,3906,2328,1464,813,644
15025,Chalco,2021,MUJERES,213121,16753,17225,20284,20099,18719,17993,17573,16565,15403,14437,11784,9137,6616,4271,2686,1715,996,865
15025,Chalco,2022,HOMBRES,205977,17345,17754,19579,19596,19391,18499,16911,14636,12690,12502,11683,9338,6505,4105,2399,1515,838,691
15025,Chalco,2022,MUJERES,217445,16743,17108,20315,20395,19165,18225,17976,16983,15778,14889,12345,9553,6951,4504,2788,1781,1028,918
15025,Chalco,2023,HOMBRES,210227,17284,17705,19531,19897,19755,18749,17377,15217,13102,12714,12132,9759,6866,4367,2525,1599,884,764
15025,Chalco,2023,MUJERES,222102,16688,17064,20285,20721,19576,18469,18380,17416,16226,15316,12942,10012,7335,4784,2940,1873,1077,998
15025,Chalco,2024,HOMBRES,214435,17161,17722,19437,20219,20058,19020,17786,15783,13622,12915,12551,10171,7227,4633,2671,1682,932,845
15025,Chalco,2024,MUJERES,226712,16571,17085,20205,21057,19927,18748,18747,17849,16720,15708,13529,10476,7724,5069,3117,1966,1129,1085
15025,Chalco,2025,HOMBRES,218588,17029,17735,19331,20519,20320,19320,18115,16338,14231,13139,12926,10580,7581,4905,2839,1765,982,933
15025,Chalco,2025,MUJERES,231260,16445,17100,20108,21369,20227,19068,19053,18295,17247,16095,14088,10951,8111,5360,3320,2060,1183,1180
15026,Chapa de Mota,2015,HOMBRES,14205,1608,1610,1572,1491,1402,1241,998,818,755,653,545,421,315,274,225,141,78,58
15026,Chapa de Mota,2015,MUJERES,14915,1669,1628,1543,1448,1391,1313,1180,964,807,681,547,432,358,297,233,173,131,120
15026,Chapa de Mota,2016,HOMBRES,14542,1594,1626,1595,1522,1418,1276,1048,846,777,676,572,448,336,281,231,148,85,63
15026,Chapa de Mota,2016,MUJERES,15227,1646,1628,1555,1476,1409,1343,1215,999,849,717,578,455,370,301,240,179,137,130
15026,Chapa de Mota,2017,HOMBRES,14875,1579,1638,1622,1549,1429,1308,1098,881,796,699,598,476,358,289,238,155,93,69
15026,Chapa de Mota,2017,MUJERES,15533,1620,1621,1570,1503,1422,1373,1250,1038,889,755,611,478,381,305,247,185,145,140
15026,Chapa de Mota,2018,HOMBRES,15217,1565,1645,1655,1577,1439,1338,1149,924,812,720,624,505,380,299,244,163,102,76
15026,Chapa de Mota,2018,MUJERES,15841,1594,1609,1590,1529,1436,1402,1285,1082,926,793,644,502,391,311,253,191,152,151
15026,Chapa de Mota,2019,HOMBRES,15559,1552,1649,1690,1600,1451,1362,1199,975,828,740,650,535,403,310,250,171,111,83
15026,Chapa de Mota,2019,MUJERES,16162,1574,1596,1613,1552,1452,1427,1321,1130,963,832,678,526,402,318,259,197,160,162
15026,Chapa de Mota,2020,HOMBRES,15857,1550,1649,1718,1613,1464,1381,1250,1033,844,755,673,560,419,318,250,174,119,87
15026,Chapa de Mota,2020,MUJERES,16460,1562,1579,1627,1568,1472,1450,1359,1183,1001,868,712,548,409,324,261,200,167,170
15026,Chapa de Mota,2021,HOMBRES,15952,1539,1604,1665,1624,1517,1433,1301,1060,843,779,706,555,410,319,231,173,106,87
15026,Chapa de Mota,2021,MUJERES,16523,1555,1571,1656,1569,1480,1450,1376,1201,992,837,689,563,428,332,277,201,178,168
15026,Chapa de Mota,2022,HOMBRES,16056,1528,1580,1650,1631,1546,1456,1339,1092,844,769,709,560,418,328,233,176,108,89
15026,Chapa de Mota,2022,MUJERES,16647,1544,1549,1639,1579,1512,1474,1410,1219,994,838,698,572,438,342,282,205,181,171
15026,Chapa de Mota,2023,HOMBRES,16197,1513,1566,1627,1644,1571,1479,1377,1125,853,759,714,568,429,341,241,183,113,94
15026,Chapa de Mota,2023,MUJERES,16789,1526,1534,1617,1589,1541,1500,1444,1238,1001,836,709,583,449,354,292,211,187,178
15026,Chapa de Mota,2024,HOMBRES,16333,1494,1558,1602,1657,1592,1505,1411,1157,869,749,716,575,440,354,249,189,117,99
15026,Chapa de Mota,2024,MUJERES,16922,1506,1523,1592,1600,1565,1529,1475,1256,1009,832,717,593,460,365,303,217,194,186
15026,Chapa de Mota,2025,HOMBRES,16459,1475,1549,1575,1669,1610,1533,1438,1188,890,741,715,580,449,366,260,195,122,104
15026,Chapa de Mota,2025,MUJERES,17059,1485,1515,1566,1611,1586,1562,1503,1276,1019,828,724,602,470,377,317,223,201,194
15027,Chapultepec,2015,HOMBRES,5932,571,629,635,538,469,466,498,492,452,348,247,180,135,103,74,51,31,13
15027,Chapultepec,2015,MUJERES,6155,604,614,596,504,477,554,602,538,439,325,245,197,151,114,88,57,28,22
15027,Chapultepec,2016,HOMBRES,6013,561,621,638,560,488,477,493,478,455,362,262,190,143,107,78,53,32,15
15027,Chapultepec,2016,MUJERES,6266,590,609,605,533,494,547,589,540,461,350,263,208,159,118,90,58,29,23
15027,Chapultepec,2017,HOMBRES,6083,549,611,642,579,505,486,487,468,454,375,276,201,150,112,82,55,33,18
15027,Chapultepec,2017,MUJERES,6375,576,601,615,560,510,540,576,543,481,376,282,220,167,122,92,59,31,24
15027,Chapultepec,2018,HOMBRES,6158,538,600,649,599,522,494,481,460,451,388,291,212,157,117,86,58,34,21
15027,Chapultepec,2018,MUJERES,6485,561,590,626,589,527,532,562,548,499,404,302,232,176,127,94,60,32,24
15027,Chapultepec,2019,HOMBRES,6231,528,588,657,616,541,500,473,455,448,399,305,224,165,123,90,60,35,24
15027,Chapultepec,2019,MUJERES,6600,547,579,638,616,545,523,549,554,517,433,322,245,184,132,96,61,34,25
15027,Chapultepec,2020,HOMBRES,6275,520,575,659,631,559,502,465,452,442,408,319,233,170,127,91,60,35,27
15027,Chapultepec,2020,MUJERES,6701,536,565,645,642,564,513,538,560,533,462,344,256,190,137,96,60,35,25
15027,Chapultepec,2021,HOMBRES,6393,517,569,665,643,562,508,510,511,447,408,319,235,173,131,88,59,27,21
15027,Chapultepec,2021,MUJERES,6714,546,570,637,619,560,519,530,537,535,464,353,265,200,142,98,63,44,32
15027,Chapultepec,2022,HOMBRES,6464,520,569,663,634,561,513,531,535,453,405,322,241,180,137,89,61,28,22
15027,Chapultepec,2022,MUJERES,6797,550,573,635,613,560,525,547,552,541,467,361,274,210,148,99,64,45,33
15027,Chapultepec,2023,HOMBRES,6554,522,572,657,631,557,519,552,560,464,402,326,249,189,144,92,64,30,24
15027,Chapultepec,2023,MUJERES,6884,550,575,630,607,559,530,565,568,549,468,369,284,221,156,103,67,48,35
15027,Chapultepec,2024,HOMBRES,6642,521,578,651,627,553,524,572,585,478,399,329,256,198,152,96,66,32,25
15027,Chapultepec,2024,MUJERES,6970,549,581,625,602,556,537,583,583,559,469,376,293,232,163,106,69,50,37
15027,Chapultepec,2025,HOMBRES,6724,520,582,645,622,546,531,589,610,496,396,330,262,207,159,100,69,33,27
15027,Chapultepec,2025,MUJERES,7050,549,586,617,597,551,544,598,600,569,468,381,302,242,171,111,72,53,39
15028,Chiautla,2015,HOMBRES,14793,1372,1482,1489,1455,1410,1262,1050,948,951,860,729,555,387,295,231,153,92,72
15028,Chiautla,2015,MUJERES,15072,1299,1266,1387,1381,1315,1200,1159,1142,1114,982,805,607,438,326,247,189,121,94
15028,Chiautla,2016,HOMBRES,14838,1338,1443,1472,1463,1413,1275,1070,944,950,873,746,577,410,304,234,156,94,76
15028,Chiautla,2016,MUJERES,15184,1268,1255,1373,1389,1325,1220,1167,1138,1122,1002,830,636,461,334,253,190,123,98
15028,Chiautla,2017,HOMBRES,14873,1300,1400,1461,1469,1411,1285,1088,946,943,886,763,600,434,313,238,159,96,81
15028,Chiautla,2017,MUJERES,15288,1238,1241,1361,1398,1332,1240,1174,1136,1125,1020,855,665,483,342,258,191,126,103
15028,Chiautla,2018,HOMBRES,14905,1268,1354,1452,1474,1408,1291,1105,955,933,896,777,622,459,324,241,162,98,86
15028,Chiautla,2018,MUJERES,15384,1208,1224,1351,1402,1338,1258,1181,1138,1123,1038,878,694,507,353,263,192,128,108
15028,Chiautla,2019,HOMBRES,14934,1236,1305,1447,1475,1407,1293,1120,970,923,904,791,643,484,338,243,165,100,90
15028,Chiautla,2019,MUJERES,15482,1181,1208,1344,1404,1347,1274,1188,1142,1118,1054,901,723,530,365,267,194,130,112
15028,Chiautla,2020,HOMBRES,14902,1213,1257,1433,1467,1405,1287,1132,988,911,904,799,659,504,348,239,164,100,92
15028,Chiautla,2020,MUJERES,15538,1162,1187,1332,1397,1358,1286,1195,1147,1111,1063,922,749,550,376,267,191,131,114
15028,Chiautla,2021,HOMBRES,14831,1207,1228,1387,1444,1389,1290,1157,1002,896,896,835,655,499,350,240,160,102,94
15028,Chiautla,2021,MUJERES,15591,1147,1175,1357,1393,1367,1272,1193,1163,1117,1072,904,772,574,389,264,195,125,112
15028,Chiautla,2022,HOMBRES,14839,1196,1210,1371,1433,1384,1283,1173,1025,898,887,842,663,510,360,242,162,103,97
15028,Chiautla,2022,MUJERES,15615,1137,1156,1342,1380,1364,1263,1201,1171,1119,1077,921,787,590,401,269,198,125,114
15028,Chiautla,2023,HOMBRES,14886,1181,1195,1351,1426,1375,1276,1189,1050,910,879,850,675,526,376,250,167,106,104
15028,Chiautla,2023,MUJERES,15662,1123,1143,1321,1371,1357,1255,1208,1180,1125,1079,939,805,610,417,278,204,128,119
15028,Chiautla,2024,HOMBRES,14920,1160,1187,1327,1419,1362,1270,1200,1073,928,871,856,686,541,391,259,171,109,110
15028,Chiautla,2024,MUJERES,15692,1104,1133,1300,1359,1346,1249,1212,1188,1134,1078,954,822,628,432,289,209,130,125
15028,Chiautla,2025,HOMBRES,14952,1141,1180,1306,1409,1346,1266,1205,1095,952,863,858,695,555,406,270,176,112,117
15028,Chiautla,2025,MUJERES,15721,1085,1126,1277,1347,1332,1245,1212,1197,1145,1076,967,838,646,447,302,215,133,131
15029,Chicoloapan,2015,HOMBRES,99991,9267,10114,10659,10435,9282,7862,7335,7528,7621,6179,4534,3263,2253,1539,917,522,373,308
15029,Chicoloapan,2015,MUJERES,108476,10610,10014,10403,9748,9042,8501,8706,9181,8880,7105,5390,3984,2697,1707,1120,726,397,265
15029,Chicoloapan,2016,HOMBRES,99874,9109,9843,10374,10416,9374,7999,7273,7179,7488,6380,4783,3440,2383,1608,981,559,377,308
15029,Chicoloapan,2016,MUJERES,107771,10042,9789,10122,9763,9113,8504,8461,8832,8866,7327,5579,4115,2822,1794,1186,755,413,288
15029,Chicoloapan,2017,HOMBRES,99666,8926,9540,10117,10383,9427,8114,7199,6887,7315,6573,5027,3619,2518,1683,1047,600,383,308
15029,Chicoloapan,2017,MUJERES,106986,9481,9539,9856,9769,9154,8497,8210,8512,8802,7547,5759,4243,2948,1888,1253,785,430,313
15029,Chicoloapan,2018,HOMBRES,99436,8741,9212,9891,10329,9472,8205,7110,6655,7119,6754,5271,3798,2655,1769,1116,643,389,307
15029,Chicoloapan,2018,MUJERES,106201,8954,9265,9617,9754,9192,8478,7959,8226,8701,7761,5935,4368,3074,1994,1321,816,447,339
15029,Chicoloapan,2019,HOMBRES,99168,8565,8870,9683,10245,9525,8260,7001,6470,6917,6917,5512,3975,2792,1868,1185,687,394,302
15029,Chicoloapan,2019,MUJERES,105407,8466,8981,9392,9710,9244,8433,7709,7963,8576,7961,6106,4485,3197,2115,1389,847,466,367
15029,Chicoloapan,2020,HOMBRES,98453,8414,8508,9418,10071,9555,8253,6875,6316,6696,7025,5730,4109,2895,1962,1239,717,389,281
15029,Chicoloapan,2020,MUJERES,104359,8044,8667,9119,9590,9290,8349,7469,7723,8415,8119,6273,4577,3299,2244,1447,869,477,388
15029,Chicoloapan,2021,HOMBRES,97755,8243,8507,9236,9781,9458,7966,6978,6778,6870,6836,5567,4078,2911,1966,1197,700,377,306
15029,Chicoloapan,2021,MUJERES,103017,7926,8213,8926,9420,9104,8430,7456,7389,8038,8158,6494,4702,3363,2272,1431,854,471,370
15029,Chicoloapan,2022,HOMBRES,96863,8087,8304,9025,9572,9305,7853,7051,6911,6822,6701,5569,4119,2963,1999,1189,696,377,320
15029,Chicoloapan,2022,MUJERES,102262,7774,8017,8712,9207,8967,8308,7485,7405,7986,8118,6586,4792,3445,2323,1431,853,472,381
15029,Chicoloapan,2023,HOMBRES,96205,7914,8137,8788,9389,9134,7744,7119,7053,6846,6575,5585,4179,3040,2058,1206,706,386,346
15029,Chicoloapan,2023,MUJERES,101625,7604,7855,8478,9011,8813,8192,7511,7424,7966,8058,6685,4895,3545,2391,1453,862,479,403
15029,Chicoloapan,2024,HOMBRES,95507,7717,8004,8539,9217,8936,7644,7160,7181,6917,6445,5582,4230,3110,2114,1230,714,395,372
15029,Chicoloapan,2024,MUJERES,100930,7409,7728,8230,8822,8631,8093,7519,7440,7963,7975,6765,4992,3640,2456,1483,870,487,427
15029,Chicoloapan,2025,HOMBRES,94765,7523,7874,8290,9038,8724,7556,7166,7296,7021,6327,5554,4273,3171,2166,1260,721,404,401
15029,Chicoloapan,2025,MUJERES,100182,7216,7604,7986,8626,8430,8010,7500,7459,7970,7886,6819,5086,3727,2518,1521,877,496,451
15030,Chiconcuac,2015,HOMBRES,13083,1290,1354,1264,1276,1327,1211,993,862,818,722,611,463,315,214,143,95,64,61
15030,Chiconcuac,2015,MUJERES,13156,1163,1167,1217,1249,1289,1146,984,942,917,786,647,499,359,274,211,145,88,73
15030,Chiconcuac,2016,HOMBRES,13248,1268,1344,1269,1289,1332,1236,1025,865,825,738,629,486,336,224,152,101,67,62
15030,Chiconcuac,2016,MUJERES,13402,1153,1169,1217,1268,1307,1179,1009,946,930,815,678,526,378,282,222,154,92,77
15030,Chiconcuac,2017,HOMBRES,13401,1242,1327,1276,1301,1333,1260,1056,874,828,754,646,509,357,235,161,108,70,64
15030,Chiconcuac,2017,MUJERES,13639,1140,1168,1219,1285,1322,1212,1033,953,939,844,708,553,397,292,233,163,97,81
15030,Chiconcuac,2018,HOMBRES,13559,1218,1309,1289,1311,1332,1280,1087,890,828,768,662,533,379,248,171,115,74,65
15030,Chiconcuac,2018,MUJERES,13872,1127,1162,1222,1301,1338,1244,1057,962,944,873,740,580,417,303,243,173,102,84
15030,Chiconcuac,2019,HOMBRES,13708,1196,1284,1303,1319,1334,1295,1116,911,827,780,677,556,402,263,180,122,77,66
15030,Chiconcuac,2019,MUJERES,14115,1118,1157,1227,1314,1356,1274,1082,974,947,901,771,608,437,316,254,184,107,88
15030,Chiconcuac,2020,HOMBRES,13813,1182,1261,1311,1319,1335,1304,1144,936,825,785,687,574,419,275,186,127,79,64
15030,Chiconcuac,2020,MUJERES,14329,1115,1148,1228,1321,1376,1302,1109,986,948,925,801,633,454,328,262,192,111,90
15030,Chiconcuac,2021,HOMBRES,13826,1191,1233,1306,1325,1386,1339,1134,907,793,785,685,570,410,266,184,147,91,74
15030,Chiconcuac,2021,MUJERES,14468,1112,1159,1229,1301,1338,1277,1158,1057,981,930,823,657,480,349,262,172,101,82
15030,Chiconcuac,2022,HOMBRES,13919,1193,1229,1300,1321,1391,1342,1158,935,798,780,693,580,420,273,185,149,95,77
15030,Chiconcuac,2022,MUJERES,14575,1113,1153,1221,1297,1345,1277,1175,1072,988,935,841,672,495,361,267,174,104,85
15030,Chiconcuac,2023,HOMBRES,14046,1193,1230,1290,1320,1392,1346,1182,964,812,776,701,594,434,284,191,154,100,83
15030,Chiconcuac,2023,MUJERES,14701,1110,1150,1209,1295,1349,1278,1191,1089,999,938,859,689,512,377,276,180,110,90
15030,Chiconcuac,2024,HOMBRES,14163,1188,1235,1276,1319,1389,1351,1201,992,832,771,708,605,448,295,198,159,106,90
15030,Chiconcuac,2024,MUJERES,14821,1105,1153,1194,1293,1348,1282,1205,1105,1013,939,875,706,528,392,287,184,116,96
15030,Chiconcuac,2025,HOMBRES,14273,1182,1240,1264,1318,1382,1358,1216,1019,857,767,711,616,460,305,206,163,113,96
15030,Chiconcuac,2025,MUJERES,14933,1098,1156,1182,1289,1343,1288,1215,1122,1028,939,888,722,543,407,300,189,122,102
15031,Chimalhuacán,2015,HOMBRES,342676,35549,36299,34789,34664,34672,31480,26195,22580,20715,17748,15523,12176,8160,5452,3389,1753,850,682
15031,Chimalhuacán,2015,MUJERES,353851,34244,32814,32973,34497,35706,32578,27947,25391,24043,20843,17048,13022,9038,5671,3440,2238,1443,915
15031,Chimalhuacán,2016,HOMBRES,344812,34900,35982,34528,34696,34711,32010,26685,22355,20751,18183,15944,12631,8635,5697,3583,1890,919,712
15031,Chimalhuacán,2016,MUJERES,356397,33475,32907,32919,34432,35390,32795,28298,25443,24297,21284,17579,13602,9535,5971,3683,2342,1462,983
15031,Chimalhuacán,2017,HOMBRES,346651,34192,35534,34351,34702,34616,32475,27158,22273,20677,18597,16332,13084,9130,5967,3784,2038,995,746
15031,Chimalhuacán,2017,MUJERES,358654,32657,32900,32915,34351,34973,32997,28625,25553,24426,21718,18085,14189,10048,6297,3934,2450,1481,1055
15031,Chimalhuacán,2018,HOMBRES,348436,33512,34973,34284,34647,34503,32859,27592,22361,20534,18981,16696,13531,9641,6277,3991,2196,1077,781
15031,Chimalhuacán,2018,MUJERES,360901,31879,32809,32989,34214,34567,33165,28943,25740,24463,22136,18580,14784,10573,6668,4196,2563,1502,1130
15031,Chimalhuacán,2019,HOMBRES,350110,32890,34337,34268,34504,34435,33117,27967,22591,20370,19314,17034,13960,10156,6638,4193,2362,1162,812
15031,Chimalhuacán,2019,MUJERES,363090,31171,32659,33104,33986,34227,33248,29252,25984,24439,22513,19064,15371,11101,7095,4463,2680,1524,1209
15031,Chimalhuacán,2020,HOMBRES,350332,32446,33583,34048,34123,34327,33182,28265,22877,20163,19469,17240,14233,10558,6973,4332,2484,1216,813
15031,Chimalhuacán,2020,MUJERES,364362,30622,32376,33044,33561,33928,33221,29568,26234,24344,22743,19474,15873,11572,7543,4701,2771,1526,1261
15031,Chimalhuacán,2021,HOMBRES,350277,31653,32639,33548,33718,34148,33258,28848,23271,19606,19201,17731,15203,11376,7174,4364,2436,1234,869
15031,Chimalhuacán,2021,MUJERES,364904,30506,31682,32573,33442,34463,33144,29402,26236,24566,23193,19880,15919,11647,7910,4755,2864,1543,1179
15031,Chimalhuacán,2022,HOMBRES,350859,31157,31905,32971,33508,34244,33191,29168,23671,19560,19081,18101,15725,11913,7527,4476,2497,1276,888
15031,Chimalhuacán,2022,MUJERES,366139,30021,30970,31975,33238,34680,33089,29543,26306,24579,23418,20547,16579,12233,8336,4901,2940,1593,1191
15031,Chimalhuacán,2023,HOMBRES,352243,30588,31313,32287,33379,34260,33132,29470,24100,19724,18983,18525,16338,12569,7994,4688,2608,1350,935
15031,Chimalhuacán,2023,MUJERES,367822,29467,30399,31293,33070,34820,33049,29670,26385,24690,23582,21248,17304,12907,8846,5131,3058,1669,1234
15031,Chimalhuacán,2024,HOMBRES,353429,29918,30846,31537,33274,34161,33101,29656,24474,20025,18864,18889,16930,13223,8469,4934,2716,1428,984
15031,Chimalhuacán,2024,MUJERES,369324,28808,29955,30554,32915,34835,33062,29724,26450,24849,23676,21909,18033,13588,9365,5399,3174,1750,1278
15031,Chimalhuacán,2025,HOMBRES,354406,29241,30379,30783,33125,33984,33113,29696,24803,20430,18775,19173,17507,13865,8950,5218,2821,1509,1034
15031,Chimalhuacán,2025,MUJERES,370617,28151,29508,29804,32710,34750,33137,29671,26520,25036,23743,22500,18772,14266,9894,5708,3288,1835,1324
15032,Donato Guerra,2015,HOMBRES,17129,2129,2244,2123,1936,1717,1398,1117,936,830,705,579,441,327,239,163,110,72,63
15032,Donato Guerra,2015,MUJERES,17831,2241,2007,2100,1997,1734,1421,1241,1094,926,736,604,461,335,290,256,184,112,92
15032,Donato Guerra,2016,HOMBRES,17474,2157,2241,2137,1963,1743,1451,1166,955,852,725,598,461,345,250,175,117,74,64
15032,Donato Guerra,2016,MUJERES,18133,2214,2049,2111,2014,1756,1463,1272,1113,961,768,622,479,354,296,260,187,116,98
15032,Donato Guerra,2017,HOMBRES,17813,2181,2232,2156,1989,1763,1502,1216,980,870,745,615,482,363,263,188,125,76,67
15032,Donato Guerra,2017,MUJERES,18431,2181,2087,2129,2031,1773,1506,1302,1136,994,802,639,497,374,304,262,190,120,104
15032,Donato Guerra,2018,HOMBRES,18152,2210,2212,2182,2013,1782,1550,1266,1014,885,764,632,502,382,278,201,132,78,69
15032,Donato Guerra,2018,MUJERES,18730,2153,2121,2148,2045,1791,1548,1333,1163,1023,835,655,516,394,312,265,194,124,110
15032,Donato Guerra,2019,HOMBRES,18492,2237,2189,2213,2031,1804,1595,1315,1056,900,781,648,523,401,295,213,140,80,71
15032,Donato Guerra,2019,MUJERES,19030,2125,2150,2173,2053,1813,1588,1363,1193,1051,868,671,534,415,323,267,197,129,117
15032,Donato Guerra,2020,HOMBRES,18777,2277,2158,2234,2039,1826,1633,1364,1103,915,792,659,538,415,309,221,144,80,70
15032,Donato Guerra,2020,MUJERES,19298,2113,2174,2186,2052,1839,1625,1397,1225,1078,898,684,549,433,332,265,197,131,120
15032,Donato Guerra,2021,HOMBRES,18972,2280,2149,2276,2085,1896,1682,1401,1140,910,787,647,533,376,286,218,146,82,78
15032,Donato Guerra,2021,MUJERES,19580,2126,2160,2176,2061,1856,1645,1450,1255,1088,909,715,570,487,370,269,201,131,111
15032,Donato Guerra,2022,HOMBRES,19237,2288,2143,2288,2113,1939,1714,1451,1184,919,784,654,542,385,295,223,151,84,80
15032,Donato Guerra,2022,MUJERES,19878,2133,2157,2185,2093,1902,1678,1495,1285,1100,916,732,582,502,384,276,208,136,114
15032,Donato Guerra,2023,HOMBRES,19548,2291,2149,2293,2148,1979,1748,1503,1231,937,781,662,554,397,309,233,159,89,85
15032,Donato Guerra,2023,MUJERES,20202,2133,2162,2187,2128,1946,1713,1542,1317,1116,922,750,597,520,402,288,218,142,119
15032,Donato Guerra,2024,HOMBRES,19857,2287,2159,2293,2188,2014,1785,1552,1277,963,777,669,565,409,322,244,168,94,91
15032,Donato Guerra,2024,MUJERES,20520,2127,2176,2184,2164,1983,1751,1586,1349,1135,926,767,611,537,420,302,228,149,125
15032,Donato Guerra,2025,HOMBRES,20152,2280,2173,2289,2225,2045,1825,1594,1323,994,774,672,575,420,335,257,176,99,96
15032,Donato Guerra,2025,MUJERES,20834,2119,2190,2182,2200,2017,1795,1626,1382,1156,928,781,624,553,437,318,238,157,131
15033,Ecatepec de Morelos,2015,HOMBRES,838834,66724,70477,72831,77222,80666,75327,63145,55860,56510,53654,47400,38669,29416,21390,14282,8310,4229,2722
15033,Ecatepec de Morelos,2015,MUJERES,874373,65282,68015,70958,74329,77419,73738,67980,65552,64720,58404,52172,43128,31985,23698,16553,10028,5826,4586
15033,Ecatepec de Morelos,2016,HOMBRES,834301,64811,69350,71284,76134,79405,75217,63621,54815,55408,53377,47761,39537,30422,21938,14979,8826,4497,2919
15033,Ecatepec de Morelos,2016,MUJERES,871193,63328,66764,69404,73417,76222,73317,67655,64425,64195,58878,52803,44134,33371,24483,17318,10576,6087,4816
15033,Ecatepec de Morelos,2017,HOMBRES,829093,62812,67989,69931,75010,77861,74935,64032,54133,54037,53005,47989,40363,31432,22553,15686,9380,4796,3149
15033,Ecatepec de Morelos,2017,MUJERES,867243,61300,65335,67974,72467,74816,72860,67256,63459,63338,59301,53306,45101,34769,25335,18076,11146,6359,5045
15033,Ecatepec de Morelos,2018,HOMBRES,823770,60903,66430,68817,73765,76303,74454,64330,53858,52521,52526,48118,41142,32432,23285,16400,9967,5123,3396
15033,Ecatepec de Morelos,2018,MUJERES,863274,59382,63770,66742,71417,73446,72324,66826,62695,62249,59655,53740,46028,36171,26319,18837,11741,6652,5280
15033,Ecatepec de Morelos,2019,HOMBRES,818211,59130,64757,67830,72357,74878,73686,64469,53927,50985,51890,48153,41834,33380,24166,17089,10574,5470,3636
15033,Ecatepec de Morelos,2019,MUJERES,859128,57613,62122,65602,70188,72229,71607,66370,62069,61027,59873,54110,46879,37543,27476,19572,12369,6961,5518
15033,Ecatepec de Morelos,2020,HOMBRES,809168,57729,62953,66527,70536,73456,72554,64468,54161,49426,50785,47794,42024,33881,24875,17496,11010,5724,3769
15033,Ecatepec de Morelos,2020,MUJERES,852798,56177,60317,64203,68620,71148,70705,65965,61504,59692,59674,54226,47407,38668,28606,20120,12917,7225,5624
15033,Ecatepec de Morelos,2021,HOMBRES,803691,56736,61037,65212,69447,73407,71765,64633,54151,48128,49768,47248,43419,35025,25883,17789,10794,5592,3657
15033,Ecatepec de Morelos,2021,MUJERES,853714,54855,58659,62984,67197,70093,70062,65855,61748,59429,60326,56525,48535,40279,29806,20442,13564,7588,5767
15033,Ecatepec de Morelos,2022,HOMBRES,802131,55475,59376,63725,68274,72700,70878,64881,54727,47708,49086,47815,44614,36525,27206,18366,11166,5815,3794
15033,Ecatepec de Morelos,2022,MUJERES,854190,53620,57055,61463,66012,69507,69160,65654,61489,58960,60369,57987,50251,42221,31434,21180,14036,7868,5924
15033,Ecatepec de Morelos,2023,HOMBRES,802666,54048,57948,62010,67241,71776,69973,65035,55315,47759,48423,48481,46014,38358,28933,19349,11767,6181,4055
15033,Ecatepec de Morelos,2023,MUJERES,855868,52241,55678,59757,64878,68722,68255,65371,61203,58688,60212,59473,52107,44425,33363,22279,14703,8277,6236
15033,Ecatepec de Morelos,2024,HOMBRES,802903,52469,56766,60190,66258,70630,69137,64932,55772,48126,47713,48975,47332,40165,30689,20488,12362,6568,4331
15033,Ecatepec de Morelos,2024,MUJERES,857361,50698,54552,57962,63780,67708,67471,64933,60890,58538,59884,60821,53948,46641,35324,23558,15376,8714,6563
15033,Ecatepec de Morelos,2025,HOMBRES,802832,50900,55601,58375,65212,69341,68399,64508,56113,48727,47081,49254,48589,41921,32471,21795,12951,6973,4621
15033,Ecatepec de Morelos,2025,MUJERES,858574,49177,53429,56170,62604,66520,66826,64265,60593,58454,59499,61944,55791,48829,37322,25028,16047,9169,6907
15034,Ecatzingo,2015,HOMBRES,4789,542,533,542,538,488,397,327,284,257,211,166,132,102,84,70,49,33,34
15034,Ecatzingo,2015,MUJERES,4917,524,490,534,543,490,416,369,329,281,224,186,138,99,85,71,57,45,36
15034,Ecatzingo,2016,HOMBRES,4918,549,545,543,543,502,419,343,290,265,220,173,138,110,87,71,51,34,35
15034,Ecatzingo,2016,MUJERES,5051,530,502,533,549,506,434,378,336,297,237,193,147,108,88,73,58,45,37
15034,Ecatzingo,2017,HOMBRES,5048,556,554,548,546,514,441,359,298,272,229,179,145,119,91,73,53,35,36
15034,Ecatzingo,2017,MUJERES,5185,538,511,533,554,521,453,386,345,312,250,200,156,116,92,75,59,45,39
15034,Ecatzingo,2018,HOMBRES,5185,563,564,553,549,527,463,375,309,279,238,186,152,128,96,74,55,37,37
15034,Ecatzingo,2018,MUJERES,5316,543,517,532,559,536,472,394,355,326,263,207,166,126,96,77,61,45,41
15034,Ecatzingo,2019,HOMBRES,5320,570,569,561,551,541,485,390,322,285,247,192,159,137,101,75,58,39,38
15034,Ecatzingo,2019,MUJERES,5459,553,525,533,563,553,491,403,366,340,276,214,176,135,101,79,62,46,43
15034,Ecatzingo,2020,HOMBRES,5441,581,576,565,550,556,506,406,337,291,254,197,164,145,105,74,58,39,37
15034,Ecatzingo,2020,MUJERES,5595,564,529,534,564,572,511,412,379,355,289,221,185,145,105,79,62,45,44
15034,Ecatzingo,2021,HOMBRES,5474,577,566,552,557,573,518,419,347,291,256,195,162,145,107,75,56,38,40
15034,Ecatzingo,2021,MUJERES,5622,562,523,542,564,573,513,420,384,352,286,226,189,149,108,78,65,47,41
15034,Ecatzingo,2022,HOMBRES,5510,572,559,550,561,582,524,431,358,292,253,195,163,148,110,76,56,39,41
15034,Ecatzingo,2022,MUJERES,5658,558,517,538,566,583,519,429,389,353,287,229,191,152,111,79,66,49,42
15034,Ecatzingo,2023,HOMBRES,5559,568,555,546,566,589,531,444,369,296,251,196,164,151,114,78,58,40,43
15034,Ecatzingo,2023,MUJERES,5709,553,512,535,573,592,526,439,394,356,287,233,194,156,115,81,69,51,43
15034,Ecatzingo,2024,HOMBRES,5604,560,551,540,571,594,538,455,381,301,248,197,165,155,119,81,60,42,46
15034,Ecatzingo,2024,MUJERES,5755,547,509,530,577,599,534,448,400,359,286,236,197,160,120,84,71,53,45
15034,Ecatzingo,2025,HOMBRES,5651,554,550,534,576,598,546,464,392,309,246,196,166,158,123,85,61,44,49
15034,Ecatzingo,2025,MUJERES,5798,539,508,523,581,605,543,456,406,363,285,238,200,163,124,88,73,55,48
15035,Huehuetoca,2015,HOMBRES,65777,7303,7947,7268,5955,5311,5400,5718,5665,5052,3598,2390,1564,1025,671,412,260,142,96
15035,Huehuetoca,2015,MUJERES,67461,7101,7241,6924,5970,5562,6060,6545,6106,5059,3558,2435,1711,1191,795,513,348,209,133
15035,Huehuetoca,2016,HOMBRES,68826,7359,8080,7589,6397,5651,5646,5879,5734,5290,3926,2654,1752,1148,733,452,279,152,105
15035,Huehuetoca,2016,MUJERES,70715,7101,7408,7235,6365,5863,6256,6691,6326,5440,3929,2705,1898,1320,868,565,375,222,148
15035,Huehuetoca,2017,HOMBRES,71942,7394,8178,7936,6862,5987,5885,6034,5837,5506,4273,2936,1957,1284,801,494,300,163,115
15035,Huehuetoca,2017,MUJERES,74062,7082,7553,7562,6781,6158,6451,6831,6564,5814,4334,2996,2101,1461,950,620,405,236,163
15035,Huehuetoca,2018,HOMBRES,75193,7429,8245,8322,7344,6335,6114,6179,5982,5707,4639,3240,2183,1432,880,540,322,174,126
15035,Huehuetoca,2018,MUJERES,77560,7064,7677,7917,7207,6466,6641,6966,6827,6186,4772,3312,2322,1614,1043,679,436,251,180
15035,Huehuetoca,2019,HOMBRES,78566,7470,8288,8734,7835,6708,6323,6308,6166,5904,5018,3567,2427,1594,970,587,344,186,137
15035,Huehuetoca,2019,MUJERES,81204,7055,7782,8297,7634,6796,6815,7097,7112,6560,5239,3655,2560,1777,1150,740,469,268,198
15035,Huehuetoca,2020,HOMBRES,82204,7591,8345,9139,8325,7116,6525,6458,6393,6114,5421,3935,2690,1760,1065,628,360,195,144
15035,Huehuetoca,2020,MUJERES,85253,7115,7899,8672,8065,7173,6996,7271,7440,6962,5759,4057,2828,1955,1270,800,498,281,212
15035,Huehuetoca,2021,HOMBRES,86123,7712,8577,9429,8523,7352,6872,7338,7266,6504,5553,4023,2733,1759,1074,644,382,224,158
15035,Huehuetoca,2021,MUJERES,88169,7524,8098,8965,8303,7436,7207,7248,7464,7103,6077,4347,3035,2126,1364,842,523,285,222
15035,Huehuetoca,2022,HOMBRES,89787,7985,8830,9716,8770,7599,7143,7835,7817,6818,5727,4203,2858,1848,1129,680,410,245,174
15035,Huehuetoca,2022,MUJERES,91963,7790,8338,9224,8536,7703,7496,7678,7897,7445,6353,4592,3198,2250,1448,897,563,311,244
15035,Huehuetoca,2023,HOMBRES,93825,8247,9131,9979,9050,7840,7430,8363,8420,7225,5915,4404,3005,1958,1203,734,448,274,199
15035,Huehuetoca,2023,MUJERES,96033,8046,8621,9467,8791,7965,7803,8134,8361,7836,6628,4857,3378,2392,1548,971,614,346,275
15035,Huehuetoca,2024,HOMBRES,97990,8488,9479,10224,9344,8062,7736,8892,9048,7706,6101,4597,3150,2068,1279,796,488,306,226
15035,Huehuetoca,2024,MUJERES,100222,8279,8951,9694,9055,8207,8138,8596,8849,8264,6895,5123,3564,2538,1651,1056,668,384,310
15035,Huehuetoca,2025,HOMBRES,102286,8728,9838,10469,9639,8271,8066,9407,9703,8258,6302,4778,3296,2178,1356,867,531,342,257
15035,Huehuetoca,2025,MUJERES,104524,8515,9291,9919,9314,8434,8503,9053,9369,8725,7166,5382,3755,2685,1757,1154,726,427,349
15036,Hueypoxtla,2015,HOMBRES,22654,2262,2473,2440,2214,2075,1851,1587,1437,1354,1128,937,778,586,448,389,305,219,171
15036,Hueypoxtla,2015,MUJERES,22282,2154,2145,2063,2019,2023,1950,1824,1672,1514,1262,1024,756,530,426,347,234,173,166
15036,Hueypoxtla,2016,HOMBRES,22864,2209,2434,2436,2241,2080,1884,1631,1443,1377,1171,977,814,617,459,388,305,220,178
15036,Hueypoxtla,2016,MUJERES,22634,2125,2136,2105,2056,2028,1973,1848,1686,1547,1305,1070,804,566,436,354,246,178,171
15036,Hueypoxtla,2017,HOMBRES,23055,2156,2388,2436,2264,2077,1913,1675,1458,1392,1212,1016,852,650,471,385,304,221,185
15036,Hueypoxtla,2017,MUJERES,22978,2092,2119,2152,2094,2026,1994,1871,1705,1573,1349,1116,854,605,447,361,260,184,176
15036,Hueypoxtla,2018,HOMBRES,23247,2103,2334,2445,2285,2073,1937,1716,1485,1403,1253,1055,889,683,485,383,303,222,193
15036,Hueypoxtla,2018,MUJERES,23316,2058,2097,2204,2128,2025,2014,1894,1728,1593,1392,1161,906,645,461,367,273,189,181
15036,Hueypoxtla,2019,HOMBRES,23430,2053,2277,2457,2298,2072,1953,1754,1521,1412,1290,1093,926,717,503,378,302,223,201
15036,Hueypoxtla,2019,MUJERES,23661,2031,2073,2260,2157,2027,2028,1915,1756,1609,1434,1207,959,686,477,372,288,196,186
15036,Hueypoxtla,2020,HOMBRES,23511,2017,2215,2453,2295,2070,1960,1789,1564,1420,1319,1125,954,742,514,365,291,218,200
15036,Hueypoxtla,2020,MUJERES,23956,2015,2044,2307,2174,2033,2037,1939,1785,1622,1470,1252,1010,725,490,370,299,199,185
15036,Hueypoxtla,2021,HOMBRES,23759,2074,2183,2428,2186,2118,2023,1863,1606,1403,1318,1186,990,744,516,386,311,221,203
15036,Hueypoxtla,2021,MUJERES,23941,1940,2017,2302,2267,2022,2014,1954,1828,1648,1480,1219,997,743,507,348,279,196,180
15036,Hueypoxtla,2022,HOMBRES,23898,2060,2158,2405,2179,2133,2038,1913,1661,1417,1309,1196,1001,758,530,391,316,225,208
15036,Hueypoxtla,2022,MUJERES,24110,1925,1992,2274,2262,2042,2031,1998,1864,1663,1492,1244,1016,763,524,355,284,199,182
15036,Hueypoxtla,2023,HOMBRES,24096,2043,2143,2372,2176,2143,2053,1962,1718,1447,1301,1208,1017,777,550,405,327,234,220
15036,Hueypoxtla,2023,MUJERES,24314,1908,1978,2242,2261,2056,2049,2041,1902,1683,1499,1270,1037,785,545,368,294,206,190
15036,Hueypoxtla,2024,HOMBRES,24284,2017,2135,2337,2174,2146,2070,2005,1774,1486,1292,1217,1031,795,571,421,337,244,232
15036,Hueypoxtla,2024,MUJERES,24495,1882,1968,2203,2258,2063,2071,2080,1939,1708,1503,1293,1058,807,566,383,302,213,198
15036,Hueypoxtla,2025,HOMBRES,24458,1991,2127,2300,2171,2144,2090,2039,1827,1535,1285,1220,1043,811,590,440,347,253,245
15036,Hueypoxtla,2025,MUJERES,24666,1856,1961,2164,2254,2065,2097,2112,1978,1735,1505,1311,1077,827,586,401,311,220,206
15037,Huixquilucan,2015,HOMBRES,131898,10851,11358,11473,11707,12449,11895,10113,9252,9283,8323,7126,5562,4033,3149,2398,1563,881,482
15037,Huixquilucan,2015,MUJERES,142959,10197,11519,11074,11987,13390,13157,12074,11350,10943,9776,8095,5860,4270,3494,2534,1534,899,806
15037,Huixquilucan,2016,HOMBRES,133506,10707,11371,11451,11820,12508,12116,10406,9227,9278,8514,7362,5797,4220,3204,2464,1621,909,531
15037,Huixquilucan,2016,MUJERES,144585,10133,11377,11085,12083,13366,13232,12171,11358,11066,9987,8336,6153,4520,3596,2656,1651,968,847
15037,Huixquilucan,2017,HOMBRES,135012,10545,11343,11460,11924,12519,12313,10696,9262,9224,8694,7584,6033,4412,3267,2529,1681,940,586
15037,Huixquilucan,2017,MUJERES,146108,10053,11201,11114,12174,13302,13301,12256,11393,11132,10195,8564,6452,4778,3708,2778,1776,1043,888
15037,Huixquilucan,2018,HOMBRES,136503,10391,11276,11500,12011,12524,12480,10975,9369,9140,8861,7799,6270,4607,3347,2590,1742,974,647
15037,Huixquilucan,2018,MUJERES,147643,9979,11004,11168,12247,13241,13357,12337,11464,11157,10397,8787,6757,5043,3839,2901,1911,1125,929
15037,Huixquilucan,2019,HOMBRES,137953,10253,11185,11564,12066,12547,12600,11232,9540,9048,9004,8005,6501,4799,3447,2644,1802,1007,709
15037,Huixquilucan,2019,MUJERES,149174,9923,10790,11240,12288,13206,13379,12413,11563,11155,10581,9005,7064,5312,3995,3020,2055,1214,971
15037,Huixquilucan,2020,HOMBRES,138838,10175,11074,11574,12051,12572,12662,11476,9749,8949,9072,8157,6669,4930,3507,2638,1818,1015,750
15037,Huixquilucan,2020,MUJERES,150405,9921,10554,11264,12269,13201,13375,12507,11679,11135,10704,9197,7343,5554,4131,3098,2185,1297,991
15037,Huixquilucan,2021,HOMBRES,139015,10200,10936,11567,12067,12054,12400,11624,10110,9049,8964,8108,6687,5033,3709,2812,1906,1084,705
15037,Huixquilucan,2021,MUJERES,151892,9781,10403,11097,11977,13711,13688,12760,11721,11002,10877,9565,7685,5823,4257,3038,2183,1278,1046
15037,Huixquilucan,2022,HOMBRES,139950,10122,10813,11441,11949,12027,12398,11858,10392,9090,8901,8219,6852,5233,3899,2910,1979,1133,734
15037,Huixquilucan,2022,MUJERES,153167,9707,10281,10958,11839,13699,13676,12935,11868,11054,10959,9821,7940,6095,4503,3163,2268,1327,1074
15037,Huixquilucan,2023,HOMBRES,141240,10015,10728,11272,11854,11964,12392,12081,10686,9221,8841,8348,7049,5479,4147,3074,2092,1210,787
15037,Huixquilucan,2023,MUJERES,154623,9600,10195,10782,11713,13649,13663,13099,12013,11144,11007,10085,8217,6404,4793,3343,2385,1400,1131
15037,Huixquilucan,2024,HOMBRES,142458,9869,10682,11077,11763,11860,12396,12259,10960,9417,8770,8447,7233,5721,4400,3263,2205,1292,844
15037,Huixquilucan,2024,MUJERES,156012,9460,10147,10584,11592,13550,13672,13231,12153,11257,11022,10326,8490,6714,5090,3552,2504,1477,1191
15037,Huixquilucan,2025,HOMBRES,143598,9720,10634,10875,11658,11730,12415,12376,11216,9661,8713,8508,7405,5953,4657,3479,2318,1377,903
15037,Huixquilucan,2025,MUJERES,157321,9313,10098,10382,11454,13415,13706,13316,12297,11384,11026,10529,8762,7018,5394,3792,2623,1558,1254
15038,Isidro Fabela,2015,HOMBRES,5987,621,649,641,618,582,483,406,392,390,335,258,178,121,93,85,71,43,21
15038,Isidro Fabela,2015,MUJERES,6018,567,570,636,603,529,483,479,453,416,347,263,182,138,123,96,63,37,33
15038,Isidro Fabela,2016,HOMBRES,5976,601,635,630,614,580,489,409,382,387,342,269,191,131,97,85,69,43,22
15038,Isidro Fabela,2016,MUJERES,6059,559,568,615,608,541,491,473,446,424,360,276,193,146,124,98,65,38,34
15038,Isidro Fabela,2017,HOMBRES,5962,580,617,621,610,574,494,412,375,382,348,280,205,143,101,84,68,44,24
15038,Isidro Fabela,2017,MUJERES,6093,551,565,596,610,551,498,466,440,429,373,288,206,154,126,100,66,39,35
15038,Isidro Fabela,2018,HOMBRES,5956,562,599,613,607,569,498,414,371,375,354,291,220,155,106,84,67,44,27
15038,Isidro Fabela,2018,MUJERES,6124,543,560,579,611,561,505,460,435,432,386,300,218,162,128,101,68,40,35
15038,Isidro Fabela,2019,HOMBRES,5942,544,579,606,601,563,499,415,369,368,358,302,235,168,112,83,66,45,29
15038,Isidro Fabela,2019,MUJERES,6162,536,555,564,612,573,511,453,430,435,399,313,232,170,130,103,69,41,36
15038,Isidro Fabela,2020,HOMBRES,5903,528,558,598,591,557,497,414,368,361,359,311,249,180,116,80,62,44,30
15038,Isidro Fabela,2020,MUJERES,6171,532,546,544,606,585,514,446,426,435,409,325,245,178,132,102,70,41,35
15038,Isidro Fabela,2021,HOMBRES,5911,530,541,576,600,566,502,424,381,367,359,306,236,175,119,92,64,45,28
15038,Isidro Fabela,2021,MUJERES,6123,523,544,558,584,570,507,448,428,426,404,328,255,183,132,89,68,39,37
15038,Isidro Fabela,2022,HOMBRES,5901,525,537,569,594,563,500,432,392,369,354,305,235,175,120,93,64,45,29
15038,Isidro Fabela,2022,MUJERES,6120,520,540,550,578,569,504,454,433,427,404,330,256,184,135,90,69,39,38
15038,Isidro Fabela,2023,HOMBRES,5903,518,532,563,591,558,497,440,403,373,350,305,234,176,124,95,66,47,31
15038,Isidro Fabela,2023,MUJERES,6124,515,536,542,574,566,503,460,439,430,402,332,257,187,139,93,71,39,39
15038,Isidro Fabela,2024,HOMBRES,5898,510,529,551,587,551,495,446,414,381,345,303,233,178,127,99,68,48,33
15038,Isidro Fabela,2024,MUJERES,6124,509,534,534,569,562,502,464,444,435,399,333,257,189,143,96,73,40,41
15038,Isidro Fabela,2025,HOMBRES,5894,501,529,544,581,544,494,449,424,391,340,300,231,178,130,103,70,49,36
15038,Isidro Fabela,2025,MUJERES,6119,503,533,524,563,556,502,467,450,439,395,332,258,190,147,100,75,41,44
15039,Ixtapaluca,2015,HOMBRES,251370,22736,25154,26230,26490,24572,20040,16221,15694,17717,17818,14473,9213,5733,4154,2620,1289,738,478
15039,Ixtapaluca,2015,MUJERES,257992,23350,22971,24480,23894,23273,21674,19636,19222,20423,18468,14104,10024,6659,3959,2323,1606,1068,858
15039,Ixtapaluca,2016,HOMBRES,255104,22481,24797,25931,26593,25066,21145,17141,15615,17324,17832,15024,10012,6326,4360,2746,1391,790,530
15039,Ixtapaluca,2016,MUJERES,263104,22751,22893,24336,24325,23886,22422,20106,19155,20441,19074,15043,10837,7201,4272,2573,1744,1130,915
15039,Ixtapaluca,2017,HOMBRES,258678,22170,24340,25688,26663,25461,22246,18081,15630,16840,17799,15540,10859,6970,4583,2869,1501,848,590
15039,Ixtapaluca,2017,MUJERES,268077,22110,22735,24218,24734,24430,23172,20555,19124,20341,19672,15997,11696,7774,4616,2843,1892,1195,973
15039,Ixtapaluca,2018,HOMBRES,262266,21861,23803,25511,26669,25836,23327,19023,15757,16304,17716,16030,11755,7665,4835,2987,1619,912,656
15039,Ixtapaluca,2018,MUJERES,273116,21492,22510,24146,25098,24978,23909,20993,19142,20153,20253,16979,12600,8376,5005,3133,2051,1265,1033
15039,Ixtapaluca,2019,HOMBRES,265810,21573,23207,25364,26592,26239,24350,19948,15979,15759,17563,16489,12687,8402,5122,3092,1743,978,723
15039,Ixtapaluca,2019,MUJERES,278183,20916,22237,24093,25388,25572,24594,21418,19193,19907,20791,17988,13540,9000,5449,3443,2221,1339,1094
15039,Ixtapaluca,2020,HOMBRES,268432,21403,22573,25082,26310,26591,25264,20835,16242,15208,17211,16825,13607,9132,5386,3130,1838,1025,770
15039,Ixtapaluca,2020,MUJERES,282836,20458,21905,23923,25510,26177,25220,21846,19246,19620,21165,18989,14534,9653,5930,3750,2382,1398,1130
15039,Ixtapaluca,2021,HOMBRES,270628,21180,22140,24998,26467,26750,24503,21237,16361,15790,18279,17937,13863,9122,5290,3065,1829,1025,792
15039,Ixtapaluca,2021,MUJERES,284034,20332,21565,23856,25436,26453,25834,21733,19759,19394,20840,18851,14923,10066,6240,3762,2372,1466,1152
15039,Ixtapaluca,2022,HOMBRES,272514,20976,21815,24855,26559,26931,24379,21469,16792,16059,18455,18375,14186,9376,5436,3092,1847,1073,839
15039,Ixtapaluca,2022,MUJERES,286646,20138,21247,23692,25507,26681,25727,21825,20026,19733,21353,19533,15381,10384,6453,3811,2406,1540,1209
15039,Ixtapaluca,2023,HOMBRES,275063,20722,21582,24629,26722,27054,24265,21690,17257,16508,18653,18872,14585,9712,5658,3185,1902,1151,916
15039,Ixtapaluca,2023,MUJERES,289662,19895,21024,23461,25615,26855,25636,21911,20304,20161,21826,20256,15893,10764,6721,3923,2473,1643,1301
15039,Ixtapaluca,2024,HOMBRES,277501,20403,21436,24351,26910,27095,24180,21834,17696,17089,18836,19315,14960,10035,5875,3299,1954,1234,999
15039,Ixtapaluca,2024,MUJERES,292580,19586,20890,23186,25736,26942,25592,21950,20579,20644,22249,20953,16400,11135,6985,4060,2538,1754,1401
15039,Ixtapaluca,2025,HOMBRES,279827,20079,21296,24066,27075,27081,24132,21876,18115,17781,19054,19684,15317,10337,6088,3433,2002,1322,1089
15039,Ixtapaluca,2025,MUJERES,295381,19275,20756,22900,25827,26959,25605,21916,20865,21169,22663,21593,16910,11491,7247,4223,2600,1873,1509
15040,Ixtapan de la Sal,2015,HOMBRES,17643,1830,1832,1967,1908,1748,1515,1206,979,903,807,749,644,465,345,280,209,144,112
15040,Ixtapan de la Sal,2015,MUJERES,18788,1979,1813,1790,1850,1804,1585,1311,1121,1113,1064,915,699,513,401,302,212,165,151
15040,Ixtapan de la Sal,2016,HOMBRES,17743,1824,1840,1936,1895,1745,1528,1231,989,916,825,760,658,488,360,287,208,141,112
15040,Ixtapan de la Sal,2016,MUJERES,18934,1931,1802,1793,1851,1794,1602,1343,1146,1128,1069,928,727,540,415,317,223,169,156
15040,Ixtapan de la Sal,2017,HOMBRES,17831,1816,1841,1910,1882,1736,1538,1256,1006,925,841,770,670,511,376,294,208,139,112
15040,Ixtapan de la Sal,2017,MUJERES,19067,1881,1788,1798,1851,1778,1618,1375,1174,1138,1074,939,755,568,429,332,235,173,161
15040,Ixtapan de la Sal,2018,HOMBRES,17913,1805,1837,1890,1864,1727,1544,1279,1032,931,856,778,682,535,395,301,208,137,112
15040,Ixtapan de la Sal,2018,MUJERES,19204,1834,1770,1808,1847,1763,1633,1407,1207,1144,1078,949,784,597,446,346,247,177,167
15040,Ixtapan de la Sal,2019,HOMBRES,17984,1798,1828,1873,1842,1719,1545,1299,1064,936,868,784,693,559,417,307,206,135,111
15040,Ixtapan de la Sal,2019,MUJERES,19336,1791,1746,1819,1839,1752,1643,1440,1244,1147,1080,957,811,626,465,361,261,181,173
15040,Ixtapan de la Sal,2020,HOMBRES,17977,1800,1814,1846,1811,1712,1537,1317,1102,940,872,784,694,575,436,305,199,128,105
15040,Ixtapan de la Sal,2020,MUJERES,19431,1758,1720,1827,1822,1744,1650,1475,1283,1149,1075,962,834,652,484,370,270,183,173
15040,Ixtapan de la Sal,2021,HOMBRES,17926,1774,1769,1839,1694,1705,1579,1356,1130,918,857,819,727,579,425,295,200,133,127
15040,Ixtapan de la Sal,2021,MUJERES,19596,1760,1701,1813,1938,1786,1632,1482,1285,1157,1094,955,824,668,513,381,272,181,154
15040,Ixtapan de la Sal,2022,HOMBRES,18001,1757,1744,1822,1691,1720,1590,1384,1155,917,850,828,739,592,438,300,204,138,132
15040,Ixtapan de la Sal,2022,MUJERES,19701,1746,1675,1794,1938,1804,1640,1502,1294,1157,1102,978,842,685,531,389,278,187,159
15040,Ixtapan de la Sal,2023,HOMBRES,18120,1738,1724,1798,1695,1731,1600,1412,1181,927,844,840,754,609,456,311,212,146,142
15040,Ixtapan de la Sal,2023,MUJERES,19829,1728,1656,1768,1942,1818,1648,1521,1303,1161,1107,1002,862,705,552,404,288,196,168
15040,Ixtapan de la Sal,2024,HOMBRES,18229,1714,1711,1772,1698,1736,1613,1434,1205,942,837,849,768,626,474,324,219,154,153
15040,Ixtapan de la Sal,2024,MUJERES,19944,1701,1643,1741,1944,1826,1660,1536,1311,1167,1108,1024,882,725,573,422,298,206,177
15040,Ixtapan de la Sal,2025,HOMBRES,18329,1686,1699,1745,1702,1738,1628,1450,1227,963,831,855,780,641,492,339,227,162,164
15040,Ixtapan de la Sal,2025,MUJERES,20056,1677,1631,1712,1948,1829,1674,1547,1320,1176,1109,1043,900,743,594,442,308,216,187
15041,Ixtapan del Oro,2015,HOMBRES,3517,429,376,410,394,336,276,227,186,164,147,136,109,82,71,59,47,37,31
15041,Ixtapan del Oro,2015,MUJERES,3406,399,415,374,333,298,256,232,201,168,144,128,108,86,76,67,49,37,35
15041,Ixtapan del Oro,2016,HOMBRES,3470,415,374,396,380,327,278,229,183,163,147,135,111,86,72,59,47,37,31
15041,Ixtapan del Oro,2016,MUJERES,3385,391,402,372,330,293,257,233,199,169,145,129,112,90,75,66,49,37,36
15041,Ixtapan del Oro,2017,HOMBRES,3415,398,369,384,365,316,279,231,181,161,146,134,113,90,73,59,47,37,32
15041,Ixtapan del Oro,2017,MUJERES,3358,380,389,369,328,287,258,233,198,169,145,131,115,93,75,64,49,38,37
15041,Ixtapan del Oro,2018,HOMBRES,3370,386,366,374,350,306,279,233,180,159,146,132,114,94,74,59,47,38,33
15041,Ixtapan del Oro,2018,MUJERES,3334,369,376,369,326,280,259,234,197,168,146,132,119,96,75,63,48,39,38
15041,Ixtapan del Oro,2019,HOMBRES,3319,373,360,364,335,296,278,234,181,157,144,131,116,98,76,58,47,38,33
15041,Ixtapan del Oro,2019,MUJERES,3308,361,361,369,323,275,258,234,197,167,146,132,122,100,76,62,48,39,38
15041,Ixtapan del Oro,2020,HOMBRES,3256,361,352,353,319,286,276,235,182,154,142,128,116,101,77,57,46,38,33
15041,Ixtapan del Oro,2020,MUJERES,3271,354,346,366,318,270,258,234,196,165,146,133,125,102,76,59,46,39,38
15041,Ixtapan del Oro,2021,HOMBRES,3288,356,350,372,334,296,281,241,186,150,138,125,117,97,76,56,45,35,33
15041,Ixtapan del Oro,2021,MUJERES,3187,349,330,336,299,263,252,232,195,164,145,134,122,105,77,59,48,41,36
15041,Ixtapan del Oro,2022,HOMBRES,3263,349,341,365,333,297,280,244,188,148,134,124,116,97,77,56,46,35,33
15041,Ixtapan del Oro,2022,MUJERES,3163,341,322,330,296,264,251,234,195,162,143,134,122,105,79,59,49,41,36
15041,Ixtapan del Oro,2023,HOMBRES,3248,342,334,357,331,297,279,247,191,148,131,123,116,98,79,58,47,36,34
15041,Ixtapan del Oro,2023,MUJERES,3146,333,316,322,296,265,250,235,195,160,141,135,122,106,80,61,50,42,37
15041,Ixtapan del Oro,2024,HOMBRES,3234,333,328,348,331,296,279,249,194,149,128,122,115,99,81,60,49,38,35
15041,Ixtapan del Oro,2024,MUJERES,3130,326,311,313,296,264,250,236,195,159,138,135,122,107,82,62,52,44,38
15041,Ixtapan del Oro,2025,HOMBRES,3217,324,324,339,330,295,279,250,196,150,125,120,115,99,83,62,51,39,36
15041,Ixtapan del Oro,2025,MUJERES,3108,317,305,307,293,263,250,236,195,158,136,134,122,107,83,65,53,45,39
15042,Ixtlahuaca,2015,HOMBRES,75726,8142,8291,8110,7735,7452,6847,5738,4739,4214,3547,3024,2441,1788,1313,966,680,409,290
15042,Ixtlahuaca,2015,MUJERES,81299,7936,8053,7865,7785,7629,7094,6599,5947,5096,4173,3505,2630,1889,1598,1314,893,623,670
15042,Ixtlahuaca,2016,HOMBRES,76329,7971,8205,8083,7809,7472,6913,5852,4772,4286,3658,3124,2523,1860,1352,1002,698,431,318
15042,Ixtlahuaca,2016,MUJERES,81990,7792,7999,7867,7809,7596,7145,6665,6004,5238,4307,3604,2744,1996,1630,1330,921,655,688
15042,Ixtlahuaca,2017,HOMBRES,76873,7790,8090,8075,7876,7464,6964,5962,4836,4337,3765,3219,2604,1934,1396,1039,718,455,349
15042,Ixtlahuaca,2017,MUJERES,82619,7637,7923,7878,7831,7541,7193,6725,6076,5355,4442,3698,2859,2106,1667,1345,948,690,705
15042,Ixtlahuaca,2018,HOMBRES,77407,7614,7951,8090,7932,7452,6996,6065,4939,4374,3868,3310,2684,2008,1447,1074,738,482,383
15042,Ixtlahuaca,2018,MUJERES,83242,7490,7826,7908,7841,7488,7234,6783,6167,5454,4576,3788,2975,2218,1711,1357,977,727,722
15042,Ixtlahuaca,2019,HOMBRES,77922,7452,7797,8122,7967,7450,7002,6153,5077,4406,3962,3397,2759,2079,1508,1107,757,511,416
15042,Ixtlahuaca,2019,MUJERES,83856,7358,7717,7949,7829,7449,7256,6838,6274,5542,4704,3876,3090,2332,1765,1366,1006,767,738
15042,Ixtlahuaca,2020,HOMBRES,78119,7335,7625,8107,7947,7443,6971,6229,5233,4435,4026,3460,2803,2121,1553,1112,756,528,435
15042,Ixtlahuaca,2020,MUJERES,84251,7265,7586,7952,7773,7421,7258,6898,6387,5622,4809,3951,3187,2431,1810,1350,1019,800,732
15042,Ixtlahuaca,2021,HOMBRES,78539,7358,7595,8060,7864,7581,7172,6399,5387,4441,3997,3476,2815,2117,1522,1030,767,531,427
15042,Ixtlahuaca,2021,MUJERES,84199,7061,7270,7802,7806,7459,7215,7020,6456,5569,4823,4015,3263,2525,1921,1436,1021,800,737
15042,Ixtlahuaca,2022,HOMBRES,78823,7257,7443,7940,7854,7660,7244,6566,5541,4448,3952,3503,2858,2173,1572,1046,785,542,439
15042,Ixtlahuaca,2022,MUJERES,84575,6959,7119,7670,7785,7546,7271,7159,6546,5581,4836,4091,3333,2600,1994,1469,1046,817,753
15042,Ixtlahuaca,2023,HOMBRES,79284,7137,7323,7793,7861,7721,7319,6731,5704,4502,3910,3538,2915,2247,1644,1085,819,568,467
15042,Ixtlahuaca,2023,MUJERES,85073,6840,7000,7519,7774,7615,7331,7296,6638,5616,4836,4172,3412,2689,2084,1527,1086,848,790
15042,Ixtlahuaca,2024,HOMBRES,79703,6995,7229,7632,7875,7758,7400,6874,5858,4588,3864,3561,2965,2317,1715,1132,851,594,495
15042,Ixtlahuaca,2024,MUJERES,85526,6698,6910,7353,7763,7659,7405,7418,6728,5663,4822,4242,3488,2774,2173,1596,1126,880,828
15042,Ixtlahuaca,2025,HOMBRES,80071,6850,7137,7466,7879,7777,7493,6985,6003,4698,3825,3567,3010,2382,1786,1185,883,620,525
15042,Ixtlahuaca,2025,MUJERES,85937,6555,6819,7187,7746,7681,7494,7515,6821,5717,4804,4297,3562,2855,2262,1675,1165,913,869
15043,Xalatlaco,2015,HOMBRES,14742,1611,1602,1587,1511,1485,1321,1050,904,857,726,604,480,355,257,172,103,62,55
15043,Xalatlaco,2015,MUJERES,15560,1552,1597,1468,1555,1574,1414,1223,1057,975,867,691,473,332,271,208,143,90,70
15043,Xalatlaco,2016,HOMBRES,14865,1583,1585,1570,1524,1496,1353,1082,900,857,746,625,500,371,261,177,110,66,59
15043,Xalatlaco,2016,MUJERES,15645,1521,1578,1476,1541,1556,1429,1240,1066,989,881,714,502,352,275,210,146,93,76
15043,Xalatlaco,2017,HOMBRES,14968,1551,1562,1554,1533,1502,1382,1115,901,853,765,645,520,387,266,183,116,70,63
15043,Xalatlaco,2017,MUJERES,15721,1488,1554,1485,1528,1535,1444,1257,1078,998,894,736,532,373,280,213,148,96,82
15043,Xalatlaco,2018,HOMBRES,15075,1522,1536,1546,1539,1507,1408,1147,909,846,783,665,539,403,272,188,123,75,67
15043,Xalatlaco,2018,MUJERES,15790,1456,1525,1497,1511,1513,1458,1273,1093,1003,907,758,564,394,285,215,151,98,89
15043,Xalatlaco,2019,HOMBRES,15169,1497,1504,1538,1539,1513,1429,1176,924,838,798,683,558,418,280,192,131,80,71
15043,Xalatlaco,2019,MUJERES,15863,1428,1496,1512,1492,1495,1467,1288,1111,1006,919,779,596,416,292,216,153,101,96
15043,Xalatlaco,2020,HOMBRES,15204,1477,1470,1522,1531,1518,1442,1203,940,828,807,697,572,429,285,192,134,84,73
15043,Xalatlaco,2020,MUJERES,15897,1407,1464,1519,1464,1479,1473,1304,1129,1006,924,798,627,435,297,213,154,103,101
15043,Xalatlaco,2021,HOMBRES,15088,1462,1453,1515,1453,1472,1444,1235,967,819,795,741,563,410,283,179,134,87,76
15043,Xalatlaco,2021,MUJERES,16031,1405,1435,1508,1531,1542,1476,1310,1138,1012,937,764,639,457,302,223,153,101,98
15043,Xalatlaco,2022,HOMBRES,15123,1452,1437,1503,1452,1478,1445,1257,992,823,788,744,565,414,288,180,136,90,79
15043,Xalatlaco,2022,MUJERES,16084,1393,1419,1493,1529,1553,1477,1327,1153,1019,943,774,645,463,309,226,156,105,100
15043,Xalatlaco,2023,HOMBRES,15190,1439,1425,1486,1453,1480,1446,1280,1019,837,783,749,570,421,297,185,141,95,84
15043,Xalatlaco,2023,MUJERES,16153,1379,1407,1474,1530,1560,1480,1344,1168,1030,946,786,653,472,317,233,160,109,105
15043,Xalatlaco,2024,HOMBRES,15248,1420,1420,1466,1454,1478,1449,1298,1045,856,776,752,574,428,305,191,146,101,89
15043,Xalatlaco,2024,MUJERES,16216,1361,1401,1454,1530,1563,1485,1358,1184,1043,947,795,660,479,325,241,165,115,110
15043,Xalatlaco,2025,HOMBRES,15292,1401,1414,1445,1453,1472,1454,1311,1069,880,771,751,576,433,313,198,150,106,95
15043,Xalatlaco,2025,MUJERES,16269,1342,1395,1432,1530,1561,1493,1367,1200,1058,947,802,667,486,333,251,169,120,116
15044,Jaltenco,2015,HOMBRES,13814,1270,1254,1286,1231,1249,1206,1054,935,903,832,739,607,469,340,208,114,64,53
15044,Jaltenco,2015,MUJERES,14661,1174,1305,1303,1276,1236,1205,1160,1084,1047,927,819,725,548,363,228,132,72,57
15044,Jaltenco,2016,HOMBRES,13850,1220,1252,1286,1248,1248,1204,1061,925,900,836,744,620,488,354,222,122,66,54
15044,Jaltenco,2016,MUJERES,14681,1148,1268,1278,1274,1230,1197,1151,1079,1052,942,833,736,572,386,249,145,78,63
15044,Jaltenco,2017,HOMBRES,13873,1166,1246,1289,1265,1243,1200,1066,920,891,839,747,631,508,369,238,131,69,55
15044,Jaltenco,2017,MUJERES,14696,1120,1228,1257,1271,1221,1189,1142,1075,1052,956,845,747,596,412,271,158,86,70
15044,Jaltenco,2018,HOMBRES,13900,1117,1237,1296,1280,1237,1192,1070,923,880,840,749,643,528,386,253,141,71,57
15044,Jaltenco,2018,MUJERES,14708,1095,1185,1237,1265,1211,1179,1132,1075,1047,969,856,756,621,441,295,173,94,77
15044,Jaltenco,2019,HOMBRES,13914,1072,1222,1304,1294,1233,1179,1070,932,867,838,749,652,547,406,269,150,73,57
15044,Jaltenco,2019,MUJERES,14721,1071,1141,1219,1258,1204,1166,1121,1077,1040,980,865,764,645,474,319,189,103,85
15044,Jaltenco,2020,HOMBRES,13857,1033,1203,1301,1294,1227,1160,1068,942,853,828,742,653,558,425,283,159,73,55
15044,Jaltenco,2020,MUJERES,14701,1054,1095,1195,1241,1198,1150,1111,1079,1030,984,870,766,663,511,345,206,112,91
15044,Jaltenco,2021,HOMBRES,13808,1071,1171,1224,1256,1230,1184,1075,946,820,806,744,666,575,446,291,163,82,58
15044,Jaltenco,2021,MUJERES,14707,987,1071,1218,1231,1191,1124,1111,1070,1030,1004,908,805,697,525,340,203,104,88
15044,Jaltenco,2022,HOMBRES,13795,1056,1143,1193,1234,1225,1181,1082,953,809,796,759,690,601,466,297,166,84,60
15044,Jaltenco,2022,MUJERES,14734,971,1046,1187,1208,1190,1118,1110,1061,1018,1007,938,842,734,552,350,207,106,89
15044,Jaltenco,2023,HOMBRES,13814,1037,1122,1159,1213,1216,1177,1088,960,807,786,776,717,632,493,309,171,88,63
15044,Jaltenco,2023,MUJERES,14787,953,1027,1153,1188,1185,1113,1107,1051,1010,1007,970,882,775,585,364,214,110,93
15044,Jaltenco,2024,HOMBRES,13832,1016,1105,1121,1195,1203,1174,1089,965,811,776,789,743,664,520,324,177,93,67
15044,Jaltenco,2024,MUJERES,14826,931,1009,1116,1167,1175,1109,1102,1040,1004,1003,999,921,817,618,382,221,115,97
15044,Jaltenco,2025,HOMBRES,13831,992,1086,1085,1173,1187,1172,1085,967,818,767,800,768,694,547,340,182,97,71
15044,Jaltenco,2025,MUJERES,14862,908,993,1079,1144,1163,1107,1092,1030,998,999,1026,962,859,652,402,228,119,101
15045,Jilotepec,2015,HOMBRES,44017,4413,4435,4698,4521,4170,3700,3144,2765,2632,2257,1877,1524,1183,909,680,496,345,268
15045,Jilotepec,2015,MUJERES,45859,4212,4523,4584,4484,4279,3880,3542,3219,2922,2485,2045,1547,1111,902,750,533,416,425
15045,Jilotepec,2016,HOMBRES,43981,4294,4355,4576,4473,4163,3759,3193,2726,2620,2302,1938,1583,1232,929,700,507,348,283
15045,Jilotepec,2016,MUJERES,45792,4094,4379,4471,4434,4248,3899,3542,3207,2972,2556,2111,1613,1172,924,764,552,422,432
15045,Jilotepec,2017,HOMBRES,43895,4167,4257,4465,4420,4139,3810,3239,2703,2594,2343,1996,1642,1281,952,718,517,352,300
15045,Jilotepec,2017,MUJERES,45684,3972,4225,4368,4381,4204,3915,3537,3203,3005,2628,2172,1679,1233,948,776,572,428,438
15045,Jilotepec,2018,HOMBRES,43813,4047,4150,4372,4361,4113,3850,3279,2702,2559,2380,2051,1701,1331,980,736,528,356,317
15045,Jilotepec,2018,MUJERES,45575,3855,4065,4273,4324,4160,3927,3531,3207,3027,2697,2233,1746,1296,976,788,592,435,443
15045,Jilotepec,2019,HOMBRES,43710,3935,4033,4287,4290,4092,3876,3311,2717,2522,2410,2104,1757,1379,1013,751,538,361,334
15045,Jilotepec,2019,MUJERES,45462,3749,3903,4190,4253,4124,3928,3522,3219,3041,2763,2292,1811,1359,1009,797,612,443,447
15045,Jilotepec,2020,HOMBRES,43418,3846,3915,4183,4194,4066,3879,3334,2739,2480,2421,2143,1796,1410,1037,749,534,355,337
15045,Jilotepec,2020,MUJERES,45229,3660,3741,4088,4162,4092,3917,3514,3230,3047,2813,2346,1869,1415,1039,792,624,442,438
15045,Jilotepec,2021,HOMBRES,43305,3771,3799,4144,4172,4115,3839,3406,2797,2464,2453,2184,1829,1398,1003,718,529,356,328
15045,Jilotepec,2021,MUJERES,45001,3610,3672,4016,4121,4080,3973,3538,3252,3013,2744,2316,1849,1444,1087,799,613,437,437
15045,Jilotepec,2022,HOMBRES,43200,3704,3717,4079,4143,4124,3839,3469,2858,2456,2413,2182,1838,1415,1020,717,530,360,336
15045,Jilotepec,2022,MUJERES,44945,3545,3592,3946,4097,4099,3975,3575,3279,3008,2737,2342,1868,1467,1111,803,616,443,442
15045,Jilotepec,2023,HOMBRES,43201,3627,3652,3999,4126,4124,3838,3530,2923,2474,2376,2185,1854,1444,1049,732,541,374,353
15045,Jilotepec,2023,MUJERES,44940,3471,3527,3864,4076,4109,3978,3610,3307,3015,2723,2370,1891,1497,1143,819,627,455,458
15045,Jilotepec,2024,HOMBRES,43179,3538,3600,3913,4114,4111,3843,3580,2983,2509,2337,2180,1866,1469,1076,750,551,387,372
15045,Jilotepec,2024,MUJERES,44917,3387,3480,3777,4055,4106,3989,3637,3335,3028,2701,2391,1912,1525,1173,841,637,469,474
15045,Jilotepec,2025,HOMBRES,43135,3451,3550,3825,4096,4090,3853,3612,3039,2559,2302,2166,1875,1490,1102,773,560,401,391
15045,Jilotepec,2025,MUJERES,44877,3303,3433,3691,4036,4092,4009,3653,3364,3045,2677,2404,1932,1549,1202,867,646,483,491
15046,Jilotzingo,2015,HOMBRES,9481,943,999,923,904,925,854,699,581,569,545,456,334,244,195,152,92,46,20
15046,Jilotzingo,2015,MUJERES,10007,938,961,922,899,935,889,769,686,670,591,469,354,262,217,177,115,70,83
15046,Jilotzingo,2016,HOMBRES,9577,937,980,926,914,918,860,718,586,572,553,471,352,258,200,157,98,51,26
15046,Jilotzingo,2016,MUJERES,10072,904,947,925,910,929,894,787,695,675,602,488,374,278,220,177,117,71,79
15046,Jilotzingo,2017,HOMBRES,9667,930,959,933,920,908,863,737,595,572,561,484,371,274,206,162,104,56,32
15046,Jilotzingo,2017,MUJERES,10129,868,930,928,923,920,900,805,706,676,613,506,395,294,223,177,119,71,75
15046,Jilotzingo,2018,HOMBRES,9754,923,932,942,928,898,865,756,608,569,567,498,390,289,214,166,111,61,37
15046,Jilotzingo,2018,MUJERES,10188,835,911,933,933,912,904,823,720,675,623,524,416,311,228,176,121,72,71
15046,Jilotzingo,2019,HOMBRES,9841,918,906,954,932,889,862,772,626,567,572,510,409,305,223,170,117,66,43
15046,Jilotzingo,2019,MUJERES,10245,805,890,940,941,905,905,840,735,672,632,543,438,328,233,175,123,73,67
15046,Jilotzingo,2020,HOMBRES,9877,913,879,959,928,879,855,788,646,563,571,519,424,318,229,169,121,70,46
15046,Jilotzingo,2020,MUJERES,10271,778,867,940,942,900,904,859,750,668,637,559,458,344,237,171,123,72,62
15046,Jilotzingo,2021,HOMBRES,9810,848,867,947,931,895,879,808,663,550,555,511,422,317,224,168,118,61,46
15046,Jilotzingo,2021,MUJERES,10373,834,852,938,931,893,883,860,755,678,657,580,473,356,248,169,123,83,60
15046,Jilotzingo,2022,HOMBRES,9836,842,857,939,928,898,879,821,678,551,551,515,427,324,229,168,119,63,47
15046,Jilotzingo,2022,MUJERES,10423,829,842,928,929,898,883,869,763,682,662,593,483,366,255,171,124,86,60
15046,Jilotzingo,2023,HOMBRES,9884,833,850,925,926,899,878,833,695,559,548,521,435,334,238,173,121,66,50
15046,Jilotzingo,2023,MUJERES,10482,818,834,917,927,902,884,879,771,689,666,606,495,377,264,175,127,90,61
15046,Jilotzingo,2024,HOMBRES,9929,819,846,913,927,898,879,843,711,570,544,524,442,344,246,178,124,69,52
15046,Jilotzingo,2024,MUJERES,10540,809,831,902,927,902,887,887,779,698,668,617,506,387,273,181,129,94,63
15046,Jilotzingo,2025,HOMBRES,9965,808,842,896,927,894,881,849,725,585,541,526,448,353,253,184,126,73,54
15046,Jilotzingo,2025,MUJERES,10591,797,826,889,923,900,891,892,788,708,670,627,517,398,282,188,131,99,65
15047,Jiquipilco,2015,HOMBRES,36998,4517,4225,4116,3813,3454,2962,2533,2255,2037,1687,1439,1166,842,635,512,379,242,184
15047,Jiquipilco,2015,MUJERES,39133,4074,4070,4155,3910,3624,3315,2969,2570,2286,1935,1594,1241,919,730,616,488,335,302
15047,Jiquipilco,2016,HOMBRES,37075,4395,4201,4097,3835,3451,2987,2558,2225,2041,1729,1482,1205,878,650,522,384,244,191
15047,Jiquipilco,2016,MUJERES,39513,4043,4055,4148,3940,3626,3334,2996,2605,2350,1995,1642,1286,960,749,629,494,341,320
15047,Jiquipilco,2017,HOMBRES,37122,4267,4159,4089,3857,3436,3006,2581,2208,2034,1769,1522,1244,915,668,532,389,247,199
15047,Jiquipilco,2017,MUJERES,39856,4002,4029,4146,3968,3617,3351,3021,2646,2403,2055,1687,1330,1002,771,640,500,349,339
15047,Jiquipilco,2018,HOMBRES,37169,4146,4108,4095,3870,3419,3017,2600,2209,2019,1807,1561,1282,953,688,542,395,251,207
15047,Jiquipilco,2018,MUJERES,40201,3966,3993,4154,3991,3610,3365,3045,2696,2448,2115,1732,1374,1044,796,651,506,356,359
15047,Jiquipilco,2019,HOMBRES,37195,4031,4046,4106,3874,3407,3017,2612,2223,2003,1840,1598,1318,989,714,549,399,255,214
15047,Jiquipilco,2019,MUJERES,40544,3938,3951,4169,4004,3609,3370,3069,2754,2488,2172,1776,1417,1086,826,660,511,364,380
15047,Jiquipilco,2020,HOMBRES,37074,3941,3975,4097,3853,3393,3001,2619,2243,1984,1859,1624,1339,1013,732,544,393,251,213
15047,Jiquipilco,2020,MUJERES,40772,3928,3896,4164,3992,3614,3366,3095,2815,2524,2218,1814,1451,1119,853,658,508,366,391
15047,Jiquipilco,2021,HOMBRES,37597,3899,3898,4092,3882,3477,3096,2756,2449,2036,1878,1653,1319,1016,731,537,397,256,225
15047,Jiquipilco,2021,MUJERES,40441,3912,3828,4102,3967,3632,3351,3086,2704,2448,2186,1806,1490,1139,879,662,510,364,375
15047,Jiquipilco,2022,HOMBRES,37744,3866,3837,4046,3890,3520,3127,2829,2521,2039,1856,1659,1328,1034,749,544,405,262,232
15047,Jiquipilco,2022,MUJERES,40639,3878,3768,4051,3975,3689,3389,3149,2735,2452,2189,1832,1512,1161,907,675,522,373,382
15047,Jiquipilco,2023,HOMBRES,37977,3821,3790,3988,3906,3555,3159,2902,2599,2064,1836,1670,1343,1061,777,563,422,275,246
15047,Jiquipilco,2023,MUJERES,40897,3836,3724,3992,3988,3740,3429,3212,2768,2466,2187,1860,1537,1190,941,698,542,389,398
15047,Jiquipilco,2024,HOMBRES,38195,3766,3761,3920,3926,3579,3195,2966,2672,2104,1813,1674,1355,1086,804,586,438,288,262
15047,Jiquipilco,2024,MUJERES,41135,3779,3696,3924,4002,3778,3476,3269,2801,2485,2179,1883,1561,1217,975,727,562,405,416
15047,Jiquipilco,2025,HOMBRES,38393,3709,3729,3851,3942,3597,3237,3016,2742,2155,1795,1672,1364,1107,831,613,454,301,278
15047,Jiquipilco,2025,MUJERES,41351,3722,3666,3856,4011,3806,3532,3315,2835,2508,2170,1899,1583,1241,1009,760,582,422,434
15048,Jocotitlán,2015,HOMBRES,32382,3351,3399,3268,3345,3119,2589,2191,2053,1989,1706,1446,1171,859,623,485,359,220,209
15048,Jocotitlán,2015,MUJERES,34604,3159,3191,3395,3279,3166,2923,2705,2485,2245,1935,1613,1213,908,762,604,432,313,276
15048,Jocotitlán,2016,HOMBRES,32727,3298,3369,3287,3356,3133,2665,2254,2043,2004,1757,1495,1213,897,645,503,368,227,213
15048,Jocotitlán,2016,MUJERES,35007,3113,3200,3381,3311,3171,2941,2724,2505,2311,2002,1668,1278,961,773,614,445,320,289
15048,Jocotitlán,2017,HOMBRES,33051,3242,3329,3313,3366,3135,2736,2315,2047,2009,1806,1542,1255,935,670,520,378,234,219
15048,Jocotitlán,2017,MUJERES,35384,3061,3199,3373,3340,3167,2958,2741,2531,2367,2071,1722,1344,1015,785,622,458,327,303
15048,Jocotitlán,2018,HOMBRES,33370,3187,3277,3351,3370,3136,2801,2374,2066,2006,1853,1587,1296,975,698,537,388,243,225
15048,Jocotitlán,2018,MUJERES,35765,3012,3192,3374,3363,3164,2971,2756,2565,2414,2139,1775,1413,1071,801,630,472,335,318
15048,Jocotitlán,2019,HOMBRES,33672,3136,3217,3394,3363,3142,2857,2428,2099,2002,1895,1630,1335,1013,731,553,397,251,229
15048,Jocotitlán,2019,MUJERES,36145,2970,3179,3380,3381,3166,2977,2771,2606,2457,2204,1828,1481,1128,821,636,485,343,332
15048,Jocotitlán,2020,HOMBRES,33848,3106,3151,3422,3338,3147,2898,2479,2140,1996,1924,1663,1361,1038,757,555,396,253,224
15048,Jocotitlán,2020,MUJERES,36443,2945,3157,3372,3379,3175,2978,2789,2651,2496,2260,1876,1544,1178,837,631,491,346,338
15048,Jocotitlán,2021,HOMBRES,34117,3077,3180,3410,3376,3192,2802,2566,2233,2016,1899,1675,1421,1074,762,537,402,271,224
15048,Jocotitlán,2021,MUJERES,36545,2945,3037,3336,3328,3197,3127,2819,2670,2482,2305,1919,1531,1182,863,647,489,331,337
15048,Jocotitlán,2022,HOMBRES,34323,3056,3142,3376,3373,3217,2820,2631,2304,2031,1888,1694,1445,1100,784,544,409,278,231
15048,Jocotitlán,2022,MUJERES,36829,2925,2998,3297,3323,3233,3151,2875,2718,2502,2326,1966,1566,1215,892,659,500,339,344
15048,Jocotitlán,2023,HOMBRES,34613,3027,3115,3329,3376,3235,2838,2695,2380,2068,1880,1717,1475,1134,817,563,425,292,247
15048,Jocotitlán,2023,MUJERES,37167,2898,2972,3249,3323,3261,3175,2931,2767,2533,2342,2015,1605,1255,929,682,518,353,359
15048,Jocotitlán,2024,HOMBRES,34887,2988,3099,3275,3385,3242,2859,2750,2452,2119,1869,1735,1503,1167,849,585,440,307,263
15048,Jocotitlán,2024,MUJERES,37481,2860,2956,3193,3324,3279,3206,2980,2816,2569,2350,2060,1643,1293,964,710,535,367,376
15048,Jocotitlán,2025,HOMBRES,35140,2946,3084,3221,3388,3242,2884,2793,2522,2183,1861,1744,1527,1197,881,611,454,322,280
15048,Jocotitlán,2025,MUJERES,37785,2824,2942,3139,3322,3287,3243,3020,2866,2610,2357,2097,1680,1329,999,742,552,382,394
15049,Joquicingo,2015,HOMBRES,7038,786,769,718,686,675,627,503,404,381,358,310,236,177,136,105,79,54,34
15049,Joquicingo,2015,MUJERES,7219,790,754,635,611,654,644,581,504,448,383,324,247,171,141,124,88,60,60
15049,Joquicingo,2016,HOMBRES,7178,782,794,733,696,673,634,523,414,386,362,318,250,189,142,108,80,55,39
15049,Joquicingo,2016,MUJERES,7378,783,765,661,628,652,651,598,517,461,398,339,261,184,146,125,89,61,59
15049,Joquicingo,2017,HOMBRES,7317,777,813,752,707,668,641,543,428,390,366,327,264,201,148,111,81,56,44
15049,Joquicingo,2017,MUJERES,7527,773,772,685,645,647,658,615,531,473,414,353,275,197,151,127,91,63,57
15049,Joquicingo,2018,HOMBRES,7455,773,832,775,714,663,645,564,445,392,368,334,279,214,154,113,83,58,49
15049,Joquicingo,2018,MUJERES,7685,765,777,714,664,643,664,632,547,483,430,367,289,211,158,128,93,64,56
15049,Joquicingo,2019,HOMBRES,7589,768,849,798,720,659,647,583,466,394,369,341,294,228,162,115,84,59,53
15049,Joquicingo,2019,MUJERES,7847,758,783,746,680,639,668,649,565,492,446,381,304,226,165,129,95,66,55
15049,Joquicingo,2020,HOMBRES,7702,770,864,816,722,656,646,602,490,395,367,346,307,239,169,115,83,59,56
15049,Joquicingo,2020,MUJERES,7999,755,786,777,692,639,672,668,584,500,460,395,318,240,171,128,95,67,52
15049,Joquicingo,2021,HOMBRES,7767,770,850,817,720,673,660,625,496,392,379,360,305,239,170,113,87,57,54
15049,Joquicingo,2021,MUJERES,8042,759,781,765,695,641,676,675,602,506,455,393,326,245,176,130,94,69,54
15049,Joquicingo,2022,HOMBRES,7829,770,842,810,720,682,667,642,511,395,378,364,309,244,175,115,90,59,56
15049,Joquicingo,2022,MUJERES,8114,761,775,757,695,650,684,688,612,511,460,401,331,251,182,134,97,71,54
15049,Joquicingo,2023,HOMBRES,7913,769,838,799,725,690,674,660,527,402,378,370,313,250,183,120,95,61,59
15049,Joquicingo,2023,MUJERES,8195,759,770,747,695,657,693,701,623,518,465,411,338,257,189,140,101,74,57
15049,Joquicingo,2024,HOMBRES,7994,765,838,788,728,696,682,675,543,413,377,374,317,256,190,126,100,64,62
15049,Joquicingo,2024,MUJERES,8269,755,769,734,695,662,703,713,633,527,468,419,344,263,196,146,106,77,59
15049,Joquicingo,2025,HOMBRES,8071,760,837,775,733,701,691,688,558,425,377,376,321,262,197,133,104,67,66
15049,Joquicingo,2025,MUJERES,8343,750,768,723,696,666,714,722,644,536,471,426,350,269,203,154,110,80,61
15050,Juchitepec,2015,HOMBRES,12829,1339,1327,1300,1277,1263,1131,943,816,748,652,562,435,315,245,196,137,79,64
15050,Juchitepec,2015,MUJERES,13278,1336,1320,1252,1233,1228,1132,1050,961,868,745,620,463,318,243,194,135,94,86
15050,Juchitepec,2016,HOMBRES,12960,1326,1330,1288,1282,1269,1153,962,813,758,670,578,455,332,252,202,140,82,68
15050,Juchitepec,2016,MUJERES,13465,1333,1314,1259,1242,1235,1156,1062,963,887,770,642,486,339,252,199,140,97,89
15050,Juchitepec,2017,HOMBRES,13081,1311,1325,1280,1285,1271,1173,981,816,764,687,593,474,350,261,207,144,85,74
15050,Juchitepec,2017,MUJERES,13642,1328,1305,1267,1251,1238,1180,1073,966,903,796,664,511,361,261,204,144,99,91
15050,Juchitepec,2018,HOMBRES,13203,1297,1317,1275,1287,1272,1190,998,825,768,703,607,494,369,271,213,148,89,80
15050,Juchitepec,2018,MUJERES,13816,1324,1292,1279,1257,1241,1203,1084,973,915,821,685,535,384,272,209,148,101,93
15050,Juchitepec,2019,HOMBRES,13319,1285,1305,1273,1286,1275,1203,1013,839,771,718,621,513,388,283,217,152,92,85
15050,Juchitepec,2019,MUJERES,13996,1323,1277,1293,1259,1247,1223,1095,983,925,846,707,561,407,285,213,153,104,95
15050,Juchitepec,2020,HOMBRES,13383,1279,1291,1264,1276,1277,1210,1026,857,773,727,630,527,403,292,217,152,94,88
15050,Juchitepec,2020,MUJERES,14144,1328,1260,1301,1256,1255,1241,1107,993,934,866,726,583,429,296,214,155,105,95
15050,Juchitepec,2021,HOMBRES,13542,1279,1280,1300,1280,1287,1246,1071,886,761,713,653,532,413,297,216,154,89,85
15050,Juchitepec,2021,MUJERES,14161,1329,1245,1258,1248,1268,1226,1110,1005,949,890,725,596,432,304,215,155,108,98
15050,Juchitepec,2022,HOMBRES,13642,1276,1271,1291,1281,1297,1255,1098,914,766,709,662,540,423,305,219,157,90,88
15050,Juchitepec,2022,MUJERES,14278,1328,1234,1248,1246,1280,1233,1131,1021,957,900,743,611,444,313,219,159,109,102
15050,Juchitepec,2023,HOMBRES,13778,1271,1266,1278,1283,1303,1264,1126,944,780,707,672,551,436,318,228,163,93,95
15050,Juchitepec,2023,MUJERES,14412,1323,1230,1234,1245,1289,1241,1153,1038,969,907,762,627,458,326,227,164,112,107
15050,Juchitepec,2024,HOMBRES,13907,1261,1266,1262,1287,1306,1274,1150,973,799,704,681,561,449,331,237,169,96,101
15050,Juchitepec,2024,MUJERES,14543,1313,1230,1218,1246,1294,1252,1172,1055,984,912,779,642,472,338,237,170,115,114
15050,Juchitepec,2025,HOMBRES,14026,1250,1267,1245,1288,1305,1287,1168,1001,823,702,686,570,460,344,248,175,99,108
15050,Juchitepec,2025,MUJERES,14659,1304,1228,1202,1243,1295,1264,1187,1072,1000,917,793,657,485,350,248,175,119,120
15051,Lerma,2015,HOMBRES,73831,7201,7585,6813,6688,6972,6654,5759,5065,4806,4272,3578,2661,1861,1379,1048,708,402,379
15051,Lerma,2015,MUJERES,77445,7528,7399,7381,7140,7062,6637,6102,5669,5355,4681,3709,2584,1818,1489,1192,795,499,405
15051,Lerma,2016,HOMBRES,76220,7187,7666,7059,6996,7157,6852,5996,5190,4967,4474,3767,2834,1991,1437,1093,740,424,390
15051,Lerma,2016,MUJERES,79486,7413,7459,7477,7301,7164,6812,6325,5857,5567,4890,3926,2795,1968,1544,1228,825,510,425
15051,Lerma,2017,HOMBRES,78608,7159,7718,7329,7311,7318,7039,6237,5351,5107,4679,3956,3014,2127,1500,1138,775,447,403
15051,Lerma,2017,MUJERES,81524,7285,7497,7587,7467,7247,6988,6548,6065,5757,5104,4145,3020,2126,1604,1262,855,521,446
15051,Lerma,2018,HOMBRES,81043,7133,7745,7632,7625,7478,7212,6476,5559,5232,4882,4145,3199,2269,1573,1183,811,473,416
15051,Lerma,2018,MUJERES,83615,7163,7517,7715,7620,7331,7160,6777,6300,5930,5322,4372,3259,2295,1672,1295,886,534,467
15051,Lerma,2019,HOMBRES,83518,7117,7754,7960,7929,7652,7360,6708,5811,5355,5079,4335,3387,2415,1657,1225,848,500,426
15051,Lerma,2019,MUJERES,85754,7055,7521,7858,7759,7430,7318,7011,6557,6094,5537,4604,3509,2471,1752,1325,918,547,488
15051,Lerma,2020,HOMBRES,85873,7163,7761,8264,8202,7839,7487,6945,6104,5483,5248,4511,3558,2540,1728,1240,864,515,421
15051,Lerma,2020,MUJERES,87915,7007,7522,7977,7869,7556,7473,7272,6841,6261,5737,4841,3768,2646,1827,1333,936,552,497
15051,Lerma,2021,HOMBRES,87096,7285,7737,8285,8221,8011,7674,7237,6355,5416,5227,4609,3670,2574,1753,1246,879,497,420
15051,Lerma,2021,MUJERES,88775,6968,7482,7952,7838,7546,7463,7365,6972,6436,5906,4969,3838,2761,1912,1345,940,583,499
15051,Lerma,2022,HOMBRES,88253,7319,7725,8259,8228,8082,7750,7461,6607,5499,5247,4704,3762,2663,1823,1274,902,513,435
15051,Lerma,2022,MUJERES,90031,7000,7469,7917,7834,7626,7533,7543,7130,6544,6013,5133,3962,2869,1998,1383,966,601,510
15051,Lerma,2023,HOMBRES,89640,7335,7744,8205,8255,8135,7829,7686,6875,5642,5273,4812,3874,2775,1920,1330,943,542,465
15051,Lerma,2023,MUJERES,91401,7008,7486,7853,7843,7688,7607,7721,7294,6678,6106,5305,4099,2995,2103,1444,1006,630,535
15051,Lerma,2024,HOMBRES,90976,7321,7788,8131,8287,8160,7915,7887,7135,5827,5291,4906,3979,2884,2016,1396,983,573,497
15051,Lerma,2024,MUJERES,92739,6994,7531,7775,7852,7724,7696,7884,7459,6830,6182,5467,4234,3119,2209,1516,1046,661,560
15051,Lerma,2025,HOMBRES,92274,7303,7835,8050,8308,8168,8014,8054,7391,6046,5318,4978,4079,2988,2113,1472,1023,604,530
15051,Lerma,2025,MUJERES,94034,6974,7576,7692,7853,7739,7800,8022,7629,6993,6254,5613,4370,3240,2315,1598,1085,693,588
15052,Malinalco,2015,HOMBRES,13836,1494,1508,1386,1341,1291,1115,899,785,760,681,624,543,414,316,250,191,139,99
15052,Malinalco,2015,MUJERES,14302,1427,1383,1389,1423,1357,1170,1012,896,845,761,627,488,392,354,302,208,139,129
15052,Malinalco,2016,HOMBRES,13904,1460,1481,1392,1350,1287,1131,925,787,763,695,635,551,425,323,257,196,142,104
15052,Malinalco,2016,MUJERES,14352,1391,1371,1390,1412,1338,1177,1025,907,860,773,645,509,407,353,300,212,146,136
15052,Malinalco,2017,HOMBRES,13962,1425,1449,1400,1360,1277,1145,950,795,762,708,644,558,437,330,265,200,147,110
15052,Malinalco,2017,MUJERES,14394,1354,1357,1394,1400,1315,1183,1037,920,872,786,661,531,423,352,298,215,153,143
15052,Malinalco,2018,HOMBRES,14012,1390,1413,1411,1365,1267,1156,975,808,759,720,653,564,449,339,271,205,151,116
15052,Malinalco,2018,MUJERES,14428,1319,1339,1400,1386,1292,1188,1050,935,880,797,676,552,438,352,295,218,161,150
15052,Malinalco,2019,HOMBRES,14061,1359,1374,1428,1368,1259,1162,997,827,755,730,660,569,460,350,277,209,155,122
15052,Malinalco,2019,MUJERES,14464,1285,1317,1408,1370,1273,1190,1062,954,886,807,692,574,452,355,291,221,169,158
15052,Malinalco,2020,HOMBRES,14049,1337,1334,1437,1363,1250,1163,1019,850,751,733,662,566,464,357,276,208,156,123
15052,Malinalco,2020,MUJERES,14468,1260,1295,1411,1347,1257,1190,1075,973,890,813,705,593,463,355,283,221,176,161
15052,Malinalco,2021,HOMBRES,14020,1322,1321,1421,1294,1270,1178,1041,869,740,726,666,583,462,358,274,209,160,126
15052,Malinalco,2021,MUJERES,14581,1257,1267,1404,1414,1269,1195,1090,985,893,819,713,587,477,367,288,226,174,156
15052,Malinalco,2022,HOMBRES,14087,1312,1302,1407,1296,1283,1185,1064,891,741,718,670,589,470,369,280,216,165,129
15052,Malinalco,2022,MUJERES,14654,1246,1248,1388,1415,1284,1202,1106,995,896,821,725,596,488,380,295,233,178,158
15052,Malinalco,2023,HOMBRES,14180,1297,1290,1388,1298,1293,1191,1085,914,749,710,675,597,482,384,292,226,173,136
15052,Malinalco,2023,MUJERES,14749,1231,1234,1367,1418,1296,1210,1121,1006,901,822,738,607,501,395,308,244,186,164
15052,Malinalco,2024,HOMBRES,14265,1276,1280,1366,1302,1299,1199,1103,935,762,702,677,604,493,399,306,236,182,144
15052,Malinalco,2024,MUJERES,14834,1211,1226,1346,1423,1304,1219,1134,1016,908,819,749,616,513,410,322,255,193,170
15052,Malinalco,2025,HOMBRES,14344,1256,1272,1341,1305,1302,1209,1115,955,780,695,676,610,503,414,322,247,191,151
15052,Malinalco,2025,MUJERES,14910,1191,1217,1320,1425,1308,1231,1143,1027,916,817,758,626,524,425,339,266,201,176
15053,Melchor Ocampo,2015,HOMBRES,28704,2892,2881,2852,2688,2626,2454,2196,2036,1939,1662,1383,1077,755,513,339,204,121,86
15053,Melchor Ocampo,2015,MUJERES,29961,2659,2853,2914,2705,2650,2617,2496,2331,2157,1755,1384,1081,787,574,416,279,173,130
15053,Melchor Ocampo,2016,HOMBRES,29100,2833,2859,2862,2755,2675,2509,2235,2015,1952,1712,1436,1128,795,533,361,221,126,93
15053,Melchor Ocampo,2016,MUJERES,30342,2625,2815,2895,2754,2683,2633,2497,2333,2202,1827,1455,1143,836,594,431,294,183,142
15053,Melchor Ocampo,2017,HOMBRES,29467,2767,2826,2878,2820,2713,2558,2272,2007,1954,1760,1485,1178,836,555,384,239,133,102
15053,Melchor Ocampo,2017,MUJERES,30699,2586,2767,2883,2802,2707,2647,2496,2340,2236,1900,1526,1207,886,615,446,309,193,153
15053,Melchor Ocampo,2018,HOMBRES,29842,2705,2785,2903,2881,2751,2602,2305,2015,1950,1806,1534,1229,878,581,408,258,140,111
15053,Melchor Ocampo,2018,MUJERES,31060,2550,2716,2875,2844,2732,2659,2493,2353,2262,1973,1598,1272,937,640,461,325,204,166
15053,Melchor Ocampo,2019,HOMBRES,30201,2647,2737,2931,2936,2792,2635,2332,2035,1943,1848,1580,1279,920,611,431,278,147,119
15053,Melchor Ocampo,2019,MUJERES,31422,2518,2658,2873,2881,2762,2663,2489,2372,2282,2045,1671,1339,989,669,475,341,216,179
15053,Melchor Ocampo,2020,HOMBRES,30450,2604,2686,2944,2970,2832,2654,2356,2061,1934,1875,1618,1316,950,635,446,293,151,125
15053,Melchor Ocampo,2020,MUJERES,31715,2501,2596,2853,2899,2796,2660,2487,2393,2296,2107,1743,1401,1036,696,482,354,226,189
15053,Melchor Ocampo,2021,HOMBRES,30570,2595,2663,2932,2912,2809,2620,2432,2138,1961,1878,1648,1355,972,641,439,293,153,129
15053,Melchor Ocampo,2021,MUJERES,32039,2507,2573,2854,2927,2839,2718,2514,2427,2288,2137,1781,1427,1069,724,488,353,222,191
15053,Melchor Ocampo,2022,HOMBRES,30820,2590,2645,2916,2901,2812,2626,2493,2211,1984,1878,1676,1388,1004,664,445,297,155,135
15053,Melchor Ocampo,2022,MUJERES,32347,2501,2554,2838,2916,2851,2727,2560,2474,2315,2163,1833,1472,1110,754,498,358,225,198
15053,Melchor Ocampo,2023,HOMBRES,31144,2576,2639,2892,2896,2809,2632,2554,2288,2028,1879,1709,1428,1044,696,461,307,160,146
15053,Melchor Ocampo,2023,MUJERES,32699,2488,2549,2811,2910,2857,2737,2606,2522,2351,2184,1888,1522,1157,790,515,368,232,212
15053,Melchor Ocampo,2024,HOMBRES,31462,2557,2640,2862,2894,2797,2641,2606,2362,2087,1879,1737,1466,1084,728,481,317,166,158
15053,Melchor Ocampo,2024,MUJERES,33039,2468,2553,2782,2902,2853,2752,2647,2571,2393,2199,1939,1571,1204,826,536,378,239,226
15053,Melchor Ocampo,2025,HOMBRES,31756,2533,2644,2828,2889,2779,2654,2646,2434,2157,1881,1756,1502,1122,760,503,325,172,171
15053,Melchor Ocampo,2025,MUJERES,33357,2444,2556,2748,2893,2841,2773,2679,2621,2439,2212,1984,1620,1250,862,561,387,246,241
15054,Metepec,2015,HOMBRES,114401,9306,9817,9390,10172,11246,10692,8577,7302,7355,6837,6451,5892,4402,2921,1985,1250,582,224
15054,Metepec,2015,MUJERES,119376,8302,8351,9055,9960,10669,10174,9293,9042,8937,8137,7392,6269,4816,3426,2240,1407,896,1010
15054,Metepec,2016,HOMBRES,115330,9019,9643,9423,10261,11133,10686,8764,7358,7432,7012,6582,5993,4577,3070,2122,1328,629,298
15054,Metepec,2016,MUJERES,121185,8182,8398,9099,10014,10592,10216,9418,9103,9115,8381,7593,6510,5091,3604,2397,1507,943,1022
15054,Metepec,2017,HOMBRES,116165,8721,9434,9481,10338,10977,10655,8945,7461,7469,7178,6697,6084,4753,3234,2265,1411,682,380
15054,Metepec,2017,MUJERES,122906,8047,8420,9156,10060,10484,10252,9534,9185,9246,8624,7781,6750,5374,3797,2560,1612,992,1032
15054,Metepec,2018,HOMBRES,117000,8435,9194,9567,10400,10818,10594,9114,7623,7481,7332,6800,6166,4929,3423,2414,1499,740,471
15054,Metepec,2018,MUJERES,124635,7919,8420,9236,10090,10377,10276,9646,9295,9343,8864,7961,6990,5663,4017,2730,1724,1045,1039
15054,Metepec,2019,HOMBRES,117806,8168,8939,9668,10434,10674,10492,9262,7838,7484,7467,6890,6232,5097,3640,2564,1590,802,565
15054,Metepec,2019,MUJERES,126353,7807,8405,9327,10095,10289,10273,9754,9426,9417,9090,8134,7223,5954,4269,2902,1843,1101,1044
15054,Metepec,2020,HOMBRES,118133,7961,8666,9719,10404,10541,10346,9396,8083,7478,7540,6925,6215,5192,3846,2680,1652,851,638
15054,Metepec,2020,MUJERES,127804,7746,8373,9374,10045,10230,10252,9874,9568,9473,9265,8273,7407,6207,4532,3058,1950,1149,1028
15054,Metepec,2021,HOMBRES,118414,7847,8505,9597,10301,10644,10433,9311,8074,7280,7342,6950,6684,5701,4020,2699,1605,811,610
15054,Metepec,2021,MUJERES,128917,7674,8157,9197,9920,10218,10192,10078,9659,9496,9540,8694,7517,6278,4782,3165,2072,1221,1057
15054,Metepec,2022,HOMBRES,119170,7733,8329,9408,10197,10667,10424,9399,8182,7243,7290,7113,6962,6025,4261,2801,1664,841,631
15054,Metepec,2022,MUJERES,130033,7566,7987,9006,9807,10249,10167,10100,9639,9455,9620,9020,7884,6651,5086,3298,2149,1265,1084
15054,Metepec,2023,HOMBRES,120215,7593,8179,9181,10109,10652,10404,9470,8289,7275,7238,7291,7277,6409,4566,2965,1755,890,672
15054,Metepec,2023,MUJERES,131311,7431,7843,8783,9697,10246,10135,10105,9611,9441,9665,9353,8279,7070,5442,3486,2256,1330,1138
15054,Metepec,2024,HOMBRES,121192,7425,8059,8934,10022,10598,10390,9501,8373,7353,7176,7444,7583,6796,4881,3153,1847,942,715
15054,Metepec,2024,MUJERES,132536,7267,7730,8543,9586,10204,10118,10083,9575,9446,9678,9666,8678,7497,5806,3704,2363,1397,1195
15054,Metepec,2025,HOMBRES,122095,7254,7936,8684,9922,10516,10386,9482,8438,7466,7123,7564,7883,7180,5202,3367,1936,996,760
15054,Metepec,2025,MUJERES,133701,7100,7614,8301,9461,10131,10117,10021,9538,9458,9680,9946,9083,7925,6181,3953,2470,1468,1254
15055,Mexicaltzingo,2015,HOMBRES,6360,643,646,603,621,641,565,464,422,410,360,300,220,145,106,83,56,36,39
15055,Mexicaltzingo,2015,MUJERES,6783,573,623,686,659,615,561,534,508,480,417,333,228,160,142,115,78,47,24
15055,Mexicaltzingo,2016,HOMBRES,6474,632,643,614,633,644,581,484,423,413,372,313,233,155,110,87,59,37,41
15055,Mexicaltzingo,2016,MUJERES,6861,569,621,674,659,617,573,544,511,487,428,347,244,171,143,116,79,50,28
15055,Mexicaltzingo,2017,HOMBRES,6580,618,638,627,644,645,596,504,426,413,383,325,246,165,114,91,63,39,43
15055,Mexicaltzingo,2017,MUJERES,6935,567,617,663,656,617,585,553,514,491,438,360,261,183,145,116,81,54,34
15055,Mexicaltzingo,2018,HOMBRES,6694,606,631,643,656,646,610,523,434,413,393,338,260,175,119,95,66,41,45
15055,Mexicaltzingo,2018,MUJERES,7009,565,611,654,652,618,596,563,520,493,448,373,278,195,147,116,82,58,40
15055,Mexicaltzingo,2019,HOMBRES,6798,594,624,658,663,647,621,542,444,411,403,349,274,186,125,99,69,43,46
15055,Mexicaltzingo,2019,MUJERES,7079,563,603,644,648,619,606,572,526,494,457,386,297,207,149,115,83,63,47
15055,Mexicaltzingo,2020,HOMBRES,6882,586,616,670,668,648,630,560,455,410,409,359,286,195,129,100,71,45,45
15055,Mexicaltzingo,2020,MUJERES,7143,564,595,633,641,621,615,582,533,493,464,398,315,219,151,113,83,67,56
15055,Mexicaltzingo,2021,HOMBRES,6881,583,610,665,666,654,619,578,473,403,400,358,289,198,131,94,69,48,43
15055,Mexicaltzingo,2021,MUJERES,7263,568,591,640,642,625,633,589,542,506,480,412,323,227,158,120,85,65,57
15055,Mexicaltzingo,2022,HOMBRES,6949,581,607,663,667,659,621,594,490,409,400,363,295,204,136,96,70,49,45
15055,Mexicaltzingo,2022,MUJERES,7341,567,589,638,641,630,635,599,553,514,486,423,331,235,166,123,86,67,58
15055,Mexicaltzingo,2023,HOMBRES,7036,580,606,659,670,662,624,609,509,419,400,369,302,212,143,100,72,52,48
15055,Mexicaltzingo,2023,MUJERES,7431,564,587,635,645,633,638,610,565,523,491,433,340,244,175,129,88,70,61
15055,Mexicaltzingo,2024,HOMBRES,7116,575,609,655,672,662,627,622,526,432,400,374,308,219,150,105,74,55,51
15055,Mexicaltzingo,2024,MUJERES,7520,561,590,628,645,634,642,620,578,534,495,443,350,253,184,136,90,73,64
15055,Mexicaltzingo,2025,HOMBRES,7201,571,610,650,676,662,631,633,543,448,401,377,314,227,158,111,76,58,55
15055,Mexicaltzingo,2025,MUJERES,7600,555,593,622,645,633,647,627,590,546,498,451,359,262,193,143,93,76,67
15056,Morelos,2015,HOMBRES,14857,1783,1689,1688,1548,1305,1065,909,835,811,702,586,480,384,330,285,206,146,105
15056,Morelos,2015,MUJERES,15865,1628,1595,1616,1577,1442,1215,1080,995,921,788,657,536,431,383,351,265,208,177
15056,Morelos,2016,HOMBRES,15158,1785,1706,1697,1575,1342,1115,948,842,822,724,610,505,402,333,288,211,145,108
15056,Morelos,2016,MUJERES,16188,1638,1621,1631,1596,1464,1259,1112,1014,950,817,680,557,449,388,352,271,208,181
15056,Morelos,2017,HOMBRES,15452,1782,1717,1712,1601,1375,1166,987,854,830,746,633,529,420,337,290,216,145,112
15056,Morelos,2017,MUJERES,16502,1645,1645,1649,1613,1482,1303,1144,1036,976,846,702,578,467,394,353,277,208,184
15056,Morelos,2018,HOMBRES,15752,1782,1723,1733,1625,1407,1215,1026,873,835,767,656,554,439,342,292,221,145,117
15056,Morelos,2018,MUJERES,16822,1654,1665,1670,1629,1501,1347,1176,1062,998,875,725,598,486,402,354,283,209,188
15056,Morelos,2019,HOMBRES,16054,1783,1724,1755,1648,1443,1262,1065,899,839,787,678,579,458,349,293,226,145,121
15056,Morelos,2019,MUJERES,17146,1666,1681,1696,1642,1523,1390,1209,1091,1019,903,747,619,504,412,353,290,210,191
15056,Morelos,2020,HOMBRES,16309,1797,1723,1774,1661,1480,1306,1104,929,843,801,697,599,470,352,287,225,141,120
15056,Morelos,2020,MUJERES,17442,1689,1693,1716,1649,1550,1433,1246,1123,1039,928,768,636,519,420,347,291,207,188
15056,Morelos,2021,HOMBRES,16311,1793,1701,1765,1660,1475,1328,1139,963,841,794,687,564,467,358,287,228,144,117
15056,Morelos,2021,MUJERES,17656,1687,1674,1720,1668,1608,1447,1268,1133,1033,929,787,685,539,432,350,294,208,194
15056,Morelos,2022,HOMBRES,16441,1790,1685,1757,1673,1498,1343,1170,993,843,783,690,570,478,370,294,234,149,121
15056,Morelos,2022,MUJERES,17815,1684,1655,1711,1682,1637,1463,1296,1150,1035,928,798,698,554,449,358,302,215,200
15056,Morelos,2023,HOMBRES,16608,1781,1676,1743,1688,1518,1358,1202,1024,853,774,694,578,493,387,306,245,158,130
15056,Morelos,2023,MUJERES,18003,1674,1646,1697,1696,1662,1481,1323,1168,1041,926,810,713,571,469,373,315,226,212
15056,Morelos,2024,HOMBRES,16771,1766,1672,1725,1706,1534,1374,1230,1054,870,764,696,585,508,404,322,255,167,139
15056,Morelos,2024,MUJERES,18184,1659,1643,1681,1713,1681,1501,1348,1185,1050,921,820,726,587,489,391,327,237,225
15056,Morelos,2025,HOMBRES,16921,1748,1669,1707,1721,1546,1393,1252,1082,891,755,695,592,521,420,339,266,176,148
15056,Morelos,2025,MUJERES,18354,1642,1638,1663,1727,1697,1525,1369,1203,1059,915,827,740,603,509,411,339,249,238
15057,Naucalpan de Juárez,2015,HOMBRES,419622,33396,35770,34969,36735,39324,37399,32241,29311,29008,25987,21994,17570,13663,11306,9167,6111,3364,2307
15057,Naucalpan de Juárez,2015,MUJERES,442880,31713,33978,34655,35597,38164,37896,35532,33653,32369,28266,24039,20334,16768,13690,10713,7513,4584,3416
15057,Naucalpan de Juárez,2016,HOMBRES,418010,32202,34779,34381,36574,38910,37396,32468,28767,28630,26229,22496,18136,14139,11384,9252,6257,3519,2491
15057,Naucalpan de Juárez,2016,MUJERES,441950,30591,33089,33951,35466,37746,37566,35202,33201,32464,28844,24665,20893,17231,13832,10988,7793,4785,3643
15057,Naucalpan de Juárez,2017,HOMBRES,416055,30986,33685,33887,36384,38350,37303,32658,28411,28104,26423,22943,18689,14617,11489,9323,6408,3693,2702
15057,Naucalpan de Juárez,2017,MUJERES,440635,29446,32126,33308,35314,37216,37219,34835,32826,32386,29406,25242,21437,17684,13998,11245,8077,4993,3877
15057,Naucalpan de Juárez,2018,HOMBRES,414039,29826,32516,33498,36130,37776,37109,32789,28271,27492,26563,23350,19227,15093,11647,9377,6561,3882,2932
15057,Naucalpan de Juárez,2018,MUJERES,439279,28361,31108,32751,35101,36698,36832,34453,32551,32180,29943,25797,21966,18122,14222,11489,8368,5216,4121
15057,Naucalpan de Juárez,2019,HOMBRES,411901,28751,31316,33166,35787,37264,36771,32840,28311,26861,26623,23720,19734,15544,11867,9398,6708,4080,3160
15057,Naucalpan de Juárez,2019,MUJERES,437844,27362,30064,32246,34798,36252,36357,34060,32347,31896,30420,26333,22461,18526,14520,11703,8670,5454,4375
15057,Naucalpan de Juárez,2020,HOMBRES,407992,27902,30129,32682,35227,36751,36268,32832,28448,26215,26468,23938,20029,15768,11947,9198,6688,4193,3309
15057,Naucalpan de Juárez,2020,MUJERES,435264,26564,29011,31617,34316,35878,35807,33715,32183,31551,30728,26800,22830,18773,14726,11728,8850,5640,4547
15057,Naucalpan de Juárez,2021,HOMBRES,404885,27335,29493,31894,34130,36491,36422,33260,28921,25815,25761,23446,19609,15776,12204,9621,7093,4371,3243
15057,Naucalpan de Juárez,2021,MUJERES,432866,26157,28282,31338,33715,34845,34535,33477,32124,31126,30788,27388,23680,19537,15323,11586,8721,5621,4623
15057,Naucalpan de Juárez,2022,HOMBRES,402641,26788,28867,31252,33331,35741,35773,33451,29377,25613,25242,23414,19791,16191,12691,9889,7331,4538,3361
15057,Naucalpan de Juárez,2022,MUJERES,431390,25633,27666,30664,32907,34220,33893,33464,32117,30851,30519,27629,24072,20175,16034,11981,9022,5814,4729
15057,Naucalpan de Juárez,2023,HOMBRES,401463,26161,28343,30489,32599,34893,35113,33589,29842,25656,24734,23417,20048,16733,13350,10371,7719,4816,3590
15057,Naucalpan de Juárez,2023,MUJERES,430522,25030,27152,29888,32128,33500,33250,33404,32092,30676,30150,27865,24506,20912,16884,12577,9448,6103,4957
15057,Naucalpan de Juárez,2024,HOMBRES,400151,25455,27933,29673,31906,33955,34499,33596,30238,25872,24207,23334,20254,17246,14010,10932,8104,5108,3829
15057,Naucalpan de Juárez,2024,MUJERES,429548,24348,26751,29068,31376,32682,32675,33266,32054,30565,29703,28028,24910,21629,17737,13274,9876,6409,5197
15057,Naucalpan de Juárez,2025,HOMBRES,398699,24752,27527,28853,31190,32968,33941,33440,30578,26212,23726,23147,20423,17718,14668,11580,8483,5413,4080
15057,Naucalpan de Juárez,2025,MUJERES,428426,23671,26348,28247,30600,31794,32174,33012,32025,30491,29237,28079,25295,22308,18592,14074,10303,6728,5448
15058,Nezahualcóyotl,2015,HOMBRES,513950,39372,41525,42095,45639,48202,44012,37195,35241,36777,34079,29234,23170,17822,14367,11022,7353,4354,2491
15058,Nezahualcóyotl,2015,MUJERES,551395,36430,40008,43051,44929,46457,44852,42739,42350,41746,36826,31944,27083,21711,17081,13650,10071,5982,4485
15058,Nezahualcóyotl,2016,HOMBRES,517784,38304,41119,41702,45653,48291,44923,38136,34755,36339,34543,30112,24158,18597,14597,11378,7736,4614,2827
15058,Nezahualcóyotl,2016,MUJERES,554430,35699,39594,42283,44725,46268,45035,42630,41552,41706,37848,33152,28098,22545,17539,14180,10480,6293,4803
15058,Nezahualcóyotl,2017,HOMBRES,521211,37174,40561,41405,45630,48185,45740,39046,34491,35711,34949,30927,25146,19386,14866,11726,8144,4902,3222
15058,Nezahualcóyotl,2017,MUJERES,556971,34902,39060,41586,44490,45938,45191,42467,40859,41442,38857,34314,29106,23377,18038,14696,10897,6620,5131
15058,Nezahualcóyotl,2018,HOMBRES,524569,36093,39871,41232,45524,48049,46439,39893,34483,34974,35282,31695,26132,20182,15203,12064,8571,5218,3664
15058,Nezahualcóyotl,2018,MUJERES,559489,34144,38432,41001,44184,45614,45294,42277,40297,41019,39844,35467,30110,24203,18624,15206,11325,6974,5474
15058,Nezahualcóyotl,2019,HOMBRES,527781,35088,39107,41127,45300,47980,46961,40651,34690,34209,35510,32421,27090,20958,15629,12370,9005,5552,4133
15058,Nezahualcóyotl,2019,MUJERES,561882,33459,37741,40462,43757,45375,45282,42068,39825,40498,40762,36613,31085,24999,19323,15686,11769,7348,5830
15058,Nezahualcóyotl,2020,HOMBRES,528727,34339,38281,40844,44822,47908,47260,41340,35047,33439,35441,32951,27777,21440,15881,12405,9236,5780,4536
15058,Nezahualcóyotl,2020,MUJERES,562917,32987,36970,39798,43135,45226,45173,41921,39447,39921,41453,37687,31905,25598,19929,15937,12061,7664,6105
15058,Nezahualcóyotl,2021,HOMBRES,524347,33650,37399,40473,43964,46951,46014,40882,35654,32950,35013,32733,27233,21571,16681,12990,9657,6043,4489
15058,Nezahualcóyotl,2021,MUJERES,567722,32530,36183,39094,42411,45071,45314,42977,39945,40109,41823,38746,33591,26918,20571,16010,12301,7831,6297
15058,Nezahualcóyotl,2022,HOMBRES,524685,32986,36617,39779,43213,46269,45313,41266,36487,33006,34647,32991,27699,22306,17474,13470,10090,6367,4705
15058,Nezahualcóyotl,2022,MUJERES,569861,31890,35421,38361,41635,44472,44635,43143,40243,40155,41895,39465,34462,28022,21689,16713,12907,8227,6526
15058,Nezahualcóyotl,2023,HOMBRES,526276,32204,35943,38899,42520,45427,44576,41566,37321,33365,34266,33289,28263,23219,18511,14246,10734,6852,5075
15058,Nezahualcóyotl,2023,MUJERES,572639,31140,34769,37477,40855,43721,43928,43225,40499,40309,41805,40169,35386,29264,23002,17702,13700,8763,6925
15058,Nezahualcóyotl,2024,HOMBRES,527569,31315,35402,37938,41855,44441,43874,41691,38068,33940,33838,33450,28752,24092,19555,15139,11381,7370,5468
15058,Nezahualcóyotl,2024,MUJERES,575152,30275,34252,36516,40096,42823,43288,43189,40725,40533,41583,40757,36267,30483,24326,18842,14514,9337,7346
15058,Nezahualcóyotl,2025,HOMBRES,528538,30423,34852,36957,41130,43359,43224,41597,38736,34676,33451,33449,29183,24912,20600,16159,12030,7916,5884
15058,Nezahualcóyotl,2025,MUJERES,577323,29413,33718,35538,39275,41809,42727,42982,40950,40792,41311,41176,37114,31648,25661,20142,15338,9940,7789
15059,Nextlalpan,2015,HOMBRES,20589,2334,2359,2235,1918,1835,1897,1749,1474,1295,1036,775,557,397,291,199,119,65,54
15059,Nextlalpan,2015,MUJERES,20850,2031,2215,2006,1899,1884,1929,1904,1674,1401,1091,858,663,474,325,210,126,88,72
15059,Nextlalpan,2016,HOMBRES,22027,2408,2507,2375,2051,1926,2006,1908,1605,1414,1136,852,613,437,313,216,130,71,59
15059,Nextlalpan,2016,MUJERES,22406,2113,2348,2173,2041,1982,2057,2063,1822,1538,1200,937,723,519,351,229,139,93,78
15059,Nextlalpan,2017,HOMBRES,23542,2480,2653,2526,2190,2014,2116,2078,1760,1537,1244,933,674,481,337,234,142,78,65
15059,Nextlalpan,2017,MUJERES,24051,2194,2480,2355,2191,2080,2192,2233,1987,1681,1319,1022,787,567,379,249,152,98,85
15059,Nextlalpan,2018,HOMBRES,25163,2554,2799,2699,2336,2105,2226,2260,1944,1664,1360,1020,740,528,365,253,155,85,70
15059,Nextlalpan,2018,MUJERES,25817,2282,2613,2562,2348,2183,2332,2416,2173,1830,1449,1112,855,618,410,271,167,104,92
15059,Nextlalpan,2019,HOMBRES,26887,2635,2946,2883,2486,2202,2332,2451,2160,1800,1481,1112,811,579,397,273,170,93,76
15059,Nextlalpan,2019,MUJERES,27702,2375,2749,2788,2510,2294,2476,2613,2381,1987,1588,1208,927,673,447,294,183,110,99
15059,Nextlalpan,2020,HOMBRES,28981,2770,3128,3102,2656,2332,2461,2684,2437,1969,1620,1218,887,632,432,291,182,100,80
15059,Nextlalpan,2020,MUJERES,30010,2516,2914,3054,2698,2445,2653,2861,2644,2181,1751,1323,1010,733,489,317,200,116,105
15059,Nextlalpan,2021,HOMBRES,29857,2834,3168,3170,2744,2447,2610,2847,2506,1950,1626,1227,904,704,446,295,190,103,86
15059,Nextlalpan,2021,MUJERES,30823,2567,2951,3105,2705,2472,2675,2963,2806,2288,1825,1408,1071,718,511,321,207,123,107
15059,Nextlalpan,2022,HOMBRES,30765,2894,3220,3220,2798,2516,2692,2997,2646,2006,1653,1268,940,738,469,304,200,111,93
15059,Nextlalpan,2022,MUJERES,31769,2618,2999,3154,2759,2547,2760,3096,2917,2353,1876,1473,1124,755,540,332,219,132,115
15059,Nextlalpan,2023,HOMBRES,31772,2949,3285,3264,2862,2582,2779,3153,2797,2086,1681,1314,982,781,498,320,214,121,104
15059,Nextlalpan,2023,MUJERES,32779,2664,3059,3195,2818,2619,2850,3235,3034,2430,1924,1543,1183,798,574,349,234,144,126
15059,Nextlalpan,2024,HOMBRES,32788,2992,3367,3296,2927,2641,2871,3304,2950,2184,1708,1357,1024,823,529,338,229,132,116
15059,Nextlalpan,2024,MUJERES,33804,2700,3134,3231,2878,2683,2948,3372,3155,2515,1968,1612,1243,842,610,369,250,156,138
15059,Nextlalpan,2025,HOMBRES,33811,3035,3447,3328,2991,2695,2970,3446,3104,2296,1738,1394,1065,865,559,359,245,145,129
15059,Nextlalpan,2025,MUJERES,34837,2735,3208,3264,2938,2742,3055,3503,3281,2606,2011,1677,1304,886,646,392,267,170,152
15060,Nicolás Romero,2015,HOMBRES,204457,20036,20520,19944,19466,19525,17849,15494,14434,13981,12113,9782,6949,5022,4010,2653,1398,737,544
15060,Nicolás Romero,2015,MUJERES,216051,18234,19259,20094,19895,19612,18789,18094,17221,15848,13322,10937,8250,5707,3966,2773,1897,1171,982
15060,Nicolás Romero,2016,HOMBRES,206529,19404,20203,19860,19708,19670,18214,15879,14324,14018,12471,10228,7410,5352,4111,2773,1516,802,586
15060,Nicolás Romero,2016,MUJERES,217816,17869,19131,19923,19952,19597,18869,18092,17135,16126,13809,11362,8616,6033,4162,2934,1980,1204,1022
15060,Nicolás Romero,2017,HOMBRES,208454,18747,19811,19819,19935,19738,18540,16252,14303,13977,12816,10661,7888,5698,4223,2894,1644,875,633
15060,Nicolás Romero,2017,MUJERES,219386,17477,18946,19779,19992,19519,18937,18068,17086,16321,14299,11773,8985,6369,4374,3098,2064,1237,1062
15060,Nicolás Romero,2018,HOMBRES,210401,18119,19364,19840,20128,19793,18818,16599,14390,13888,13142,11090,8380,6058,4356,3015,1782,954,685
15060,Nicolás Romero,2018,MUJERES,220931,17101,18711,19682,19999,19443,18981,18031,17086,16452,14788,12182,9357,6712,4614,3266,2152,1272,1102
15060,Nicolás Romero,2019,HOMBRES,212296,17532,18877,19889,20263,19871,19021,16906,14568,13782,13433,11511,8878,6423,4514,3130,1926,1037,735
15060,Nicolás Romero,2019,MUJERES,222425,16759,18443,19606,19953,19400,18975,17985,17122,16541,15258,12588,9724,7057,4891,3432,2242,1308,1141
15060,Nicolás Romero,2020,HOMBRES,213345,17065,18354,19825,20253,19924,19111,17169,14786,13647,13616,11867,9307,6723,4627,3182,2033,1097,759
15060,Nicolás Romero,2020,MUJERES,223373,16518,18123,19430,19781,19374,18908,17944,17163,16581,15648,12969,10057,7370,5162,3558,2309,1330,1148
15060,Nicolás Romero,2021,HOMBRES,214376,17035,18469,19807,20329,19832,18980,17557,15281,13572,13417,11906,9446,6900,4761,3206,1999,1107,772
15060,Nicolás Romero,2021,MUJERES,225927,16472,17616,19308,19530,19671,19238,18293,17446,16769,16100,13509,10474,7671,5377,3597,2385,1342,1129
15060,Nicolás Romero,2022,HOMBRES,216319,16972,18317,19673,20277,19900,19037,17988,15790,13699,13394,12136,9711,7173,4975,3288,2051,1142,796
15060,Nicolás Romero,2022,MUJERES,228463,16414,17467,19165,19463,19782,19307,18635,17776,16963,16322,13951,10861,8017,5649,3707,2452,1380,1152
15060,Nicolás Romero,2023,HOMBRES,218818,16863,18240,19473,20273,19921,19098,18416,16331,13974,13384,12400,10030,7513,5264,3443,2144,1204,847
15060,Nicolás Romero,2023,MUJERES,231311,16310,17389,18964,19422,19847,19385,18975,18118,17225,16503,14415,11288,8415,5975,3880,2553,1441,1206
15060,Nicolás Romero,2024,HOMBRES,221244,16696,18232,19230,20287,19879,19179,18783,16851,14353,13361,12626,10333,7849,5556,3624,2236,1270,899
15060,Nicolás Romero,2024,MUJERES,234086,16149,17382,18725,19385,19845,19499,19276,18461,17530,16640,14854,11714,8814,6306,4084,2653,1506,1263
15060,Nicolás Romero,2025,HOMBRES,223584,16521,18226,18977,20279,19795,19289,19066,17355,14816,13361,12799,10626,8174,5851,3832,2325,1337,955
15060,Nicolás Romero,2025,MUJERES,236772,15980,17373,18477,19325,19791,19654,19515,18816,17863,16765,15248,12145,9209,6643,4319,2753,1573,1323
15061,Nopaltepec,2015,HOMBRES,4549,416,485,492,442,375,330,297,277,290,264,219,173,133,115,97,62,47,35
15061,Nopaltepec,2015,MUJERES,4691,474,448,465,418,371,355,370,368,330,255,202,162,128,111,93,62,43,36
15061,Nopaltepec,2016,HOMBRES,4682,422,474,494,458,395,347,307,281,296,276,233,186,142,119,101,67,47,37
15061,Nopaltepec,2016,MUJERES,4817,459,447,470,437,388,366,373,368,341,274,218,174,138,115,97,67,46,39
15061,Nopaltepec,2017,HOMBRES,4813,429,462,495,475,414,363,317,286,300,287,248,200,151,123,105,71,47,40
15061,Nopaltepec,2017,MUJERES,4947,443,448,476,457,404,376,377,369,350,294,235,187,147,120,101,71,50,42
15061,Nopaltepec,2018,HOMBRES,4948,434,449,498,491,434,380,327,294,303,299,263,213,161,127,109,76,48,42
15061,Nopaltepec,2018,MUJERES,5079,429,444,483,477,420,387,380,370,358,315,254,200,158,126,104,76,53,45
15061,Nopaltepec,2019,HOMBRES,5082,439,434,502,507,455,395,336,303,306,309,278,228,171,133,113,81,48,44
15061,Nopaltepec,2019,MUJERES,5216,414,443,490,495,438,397,382,373,365,337,273,213,168,133,108,82,57,48
15061,Nopaltepec,2020,HOMBRES,5201,447,420,504,518,478,409,345,314,309,318,293,241,179,137,114,84,46,45
15061,Nopaltepec,2020,MUJERES,5353,402,441,496,514,458,406,386,376,372,359,294,227,178,139,109,86,60,50
15061,Nopaltepec,2021,HOMBRES,5292,430,445,517,523,475,404,355,324,323,336,298,239,180,140,113,89,55,46
15061,Nopaltepec,2021,MUJERES,5321,424,410,481,502,463,415,392,384,360,343,295,235,184,143,110,80,50,50
15061,Nopaltepec,2022,HOMBRES,5328,431,444,514,520,475,405,364,335,326,334,301,243,184,144,115,90,56,47
15061,Nopaltepec,2022,MUJERES,5369,425,410,479,501,464,415,400,392,363,346,301,239,190,149,113,81,50,51
15061,Nopaltepec,2023,HOMBRES,5382,432,446,511,518,474,406,373,346,332,332,304,247,190,151,119,92,58,51
15061,Nopaltepec,2023,MUJERES,5422,425,410,476,499,463,416,408,400,368,347,307,245,196,156,117,83,52,54
15061,Nopaltepec,2024,HOMBRES,5428,428,448,506,517,471,407,380,357,341,330,306,251,195,157,125,95,60,54
15061,Nopaltepec,2024,MUJERES,5472,425,413,471,498,461,417,415,408,373,347,313,250,202,163,122,85,53,56
15061,Nopaltepec,2025,HOMBRES,5471,424,450,499,516,467,410,386,367,351,328,307,254,200,164,131,97,62,58
15061,Nopaltepec,2025,MUJERES,5517,421,415,465,495,458,419,421,416,380,348,317,255,208,171,128,87,54,59
15062,Ocoyoacac,2015,HOMBRES,33334,3086,3296,3255,3187,3142,2852,2423,2231,2286,2057,1681,1254,890,673,465,280,165,111
15062,Ocoyoacac,2015,MUJERES,34683,3057,3022,3095,3140,3152,2999,2779,2614,2537,2253,1768,1226,896,736,577,390,239,203
15062,Ocoyoacac,2016,HOMBRES,33882,3060,3265,3258,3239,3182,2916,2493,2238,2297,2116,1758,1322,944,698,493,305,177,121
15062,Ocoyoacac,2016,MUJERES,35254,3016,3023,3109,3185,3173,3033,2817,2639,2590,2326,1851,1312,958,759,596,404,246,217
15062,Ocoyoacac,2017,HOMBRES,34412,3027,3222,3269,3292,3210,2974,2562,2258,2296,2173,1833,1391,1000,727,522,332,191,133
15062,Ocoyoacac,2017,MUJERES,35801,2969,3015,3131,3230,3185,3064,2852,2669,2630,2399,1934,1401,1022,784,614,419,252,231
15062,Ocoyoacac,2018,HOMBRES,34949,2996,3169,3292,3339,3237,3025,2629,2297,2288,2227,1907,1461,1058,760,551,361,206,146
15062,Ocoyoacac,2018,MUJERES,36355,2924,3000,3160,3269,3197,3093,2887,2709,2659,2472,2017,1494,1089,812,633,434,259,247
15062,Ocoyoacac,2019,HOMBRES,35476,2970,3109,3318,3377,3268,3065,2690,2350,2276,2275,1980,1531,1117,798,580,391,222,159
15062,Ocoyoacac,2019,MUJERES,36911,2886,2978,3192,3302,3216,3113,2921,2754,2683,2542,2102,1590,1158,846,649,449,267,263
15062,Ocoyoacac,2020,HOMBRES,35885,2962,3046,3330,3395,3298,3090,2748,2413,2262,2305,2043,1590,1164,829,597,413,233,167
15062,Ocoyoacac,2020,MUJERES,37399,2862,2952,3211,3315,3240,3127,2958,2804,2701,2598,2185,1686,1223,877,657,459,271,273
15062,Ocoyoacac,2021,HOMBRES,36091,2948,3022,3322,3375,3330,3145,2838,2540,2294,2292,2046,1590,1187,839,566,375,212,170
15062,Ocoyoacac,2021,MUJERES,37693,2878,2921,3196,3295,3228,3097,2987,2805,2688,2642,2253,1755,1267,917,690,498,301,275
15062,Ocoyoacac,2022,HOMBRES,36373,2944,3001,3300,3360,3332,3150,2906,2626,2317,2284,2073,1623,1228,872,577,382,220,178
15062,Ocoyoacac,2022,MUJERES,38048,2871,2901,3171,3279,3239,3103,3043,2856,2716,2670,2311,1806,1315,957,706,508,312,284
15062,Ocoyoacac,2023,HOMBRES,36739,2931,2990,3264,3353,3326,3155,2972,2716,2365,2277,2105,1663,1280,918,600,396,235,193
15062,Ocoyoacac,2023,MUJERES,38442,2856,2890,3133,3267,3242,3110,3098,2909,2754,2690,2370,1861,1370,1005,733,524,329,301
15062,Ocoyoacac,2024,HOMBRES,37084,2908,2991,3223,3346,3308,3163,3028,2803,2429,2268,2129,1700,1331,964,627,409,249,208
15062,Ocoyoacac,2024,MUJERES,38819,2830,2892,3092,3254,3234,3123,3145,2961,2799,2703,2425,1915,1424,1053,765,539,346,319
15062,Ocoyoacac,2025,HOMBRES,37408,2881,2992,3180,3336,3283,3175,3070,2886,2507,2262,2144,1735,1379,1009,658,422,265,224
15062,Ocoyoacac,2025,MUJERES,39172,2804,2893,3047,3238,3216,3141,3182,3014,2848,2714,2471,1969,1476,1100,802,554,365,338
15063,Ocuilan,2015,HOMBRES,17268,2068,1927,1896,1847,1699,1419,1156,987,915,803,673,525,402,322,243,166,118,102
15063,Ocuilan,2015,MUJERES,18091,2019,2038,1986,1846,1687,1479,1300,1148,1037,866,687,530,409,327,256,192,150,134
15063,Ocuilan,2016,HOMBRES,17436,2047,1942,1903,1854,1698,1446,1187,989,921,816,691,547,421,330,250,172,119,103
15063,Ocuilan,2016,MUJERES,18245,1979,2024,1969,1848,1695,1507,1326,1164,1059,894,719,559,427,331,261,197,149,137
15063,Ocuilan,2017,HOMBRES,17593,2025,1950,1913,1860,1691,1471,1219,997,922,828,707,570,441,338,258,178,120,105
15063,Ocuilan,2017,MUJERES,18395,1937,2007,1957,1851,1699,1534,1352,1183,1075,922,750,588,447,335,266,202,149,141
15063,Ocuilan,2018,HOMBRES,17741,2001,1952,1930,1859,1683,1492,1250,1014,920,838,722,593,461,348,265,184,122,107
15063,Ocuilan,2018,MUJERES,18538,1897,1982,1947,1850,1703,1560,1378,1207,1088,950,782,618,466,341,270,207,148,144
15063,Ocuilan,2019,HOMBRES,17884,1980,1950,1949,1857,1677,1507,1278,1037,917,845,735,616,480,361,272,190,124,109
15063,Ocuilan,2019,MUJERES,18681,1861,1956,1942,1845,1709,1582,1403,1233,1098,977,813,649,485,348,274,211,148,147
15063,Ocuilan,2020,HOMBRES,17956,1971,1941,1961,1842,1670,1515,1304,1064,912,846,744,632,493,369,272,192,122,106
15063,Ocuilan,2020,MUJERES,18782,1835,1923,1928,1829,1719,1601,1430,1261,1106,998,844,677,501,353,273,213,145,146
15063,Ocuilan,2021,HOMBRES,18129,1947,1919,1971,1846,1713,1551,1353,1093,897,870,772,648,501,359,265,192,119,113
15063,Ocuilan,2021,MUJERES,18782,1854,1898,1905,1834,1720,1598,1442,1280,1117,971,825,669,505,376,283,217,150,138
15063,Ocuilan,2022,HOMBRES,18246,1943,1901,1961,1851,1733,1565,1390,1126,900,861,774,653,511,370,270,198,123,116
15063,Ocuilan,2022,MUJERES,18919,1850,1881,1893,1839,1743,1613,1471,1300,1123,975,837,679,516,389,290,224,155,141
15063,Ocuilan,2023,HOMBRES,18403,1933,1891,1945,1862,1748,1580,1426,1161,913,853,778,660,524,385,282,208,130,124
15063,Ocuilan,2023,MUJERES,19082,1841,1873,1875,1847,1763,1629,1499,1321,1134,977,851,690,531,404,302,235,162,148
15063,Ocuilan,2024,HOMBRES,18550,1917,1888,1925,1875,1758,1597,1459,1194,932,844,779,666,536,400,295,217,137,131
15063,Ocuilan,2024,MUJERES,19233,1824,1872,1854,1855,1777,1648,1524,1342,1148,976,862,701,544,420,316,245,170,155
15063,Ocuilan,2025,HOMBRES,18695,1900,1886,1902,1887,1765,1617,1485,1226,958,837,777,671,548,415,311,227,144,139
15063,Ocuilan,2025,MUJERES,19379,1807,1871,1833,1864,1787,1671,1545,1364,1163,974,870,711,557,435,332,255,178,162
15064,El Oro,2015,HOMBRES,18461,2079,2024,2153,2107,1809,1423,1137,986,979,909,786,622,451,348,281,192,108,67
15064,El Oro,2015,MUJERES,19690,2000,2022,2100,1876,1672,1550,1462,1328,1167,998,860,653,489,441,405,309,189,169
15064,El Oro,2016,HOMBRES,18439,2017,2000,2103,2064,1794,1456,1177,996,984,917,798,641,473,355,284,195,113,72
15064,El Oro,2016,MUJERES,19610,1932,1984,2067,1880,1668,1548,1459,1321,1179,1009,867,674,510,441,399,306,192,174
15064,El Oro,2017,HOMBRES,18394,1953,1966,2056,2018,1773,1486,1217,1013,985,925,806,658,495,364,285,198,117,79
15064,El Oro,2017,MUJERES,19512,1864,1940,2038,1884,1659,1545,1454,1317,1185,1020,872,694,531,441,392,304,194,178
15064,El Oro,2018,HOMBRES,18354,1894,1929,2018,1969,1750,1513,1256,1038,982,930,814,676,517,374,286,200,123,85
15064,El Oro,2018,MUJERES,19407,1798,1892,2012,1884,1650,1541,1449,1316,1186,1030,876,713,551,443,385,301,197,183
15064,El Oro,2019,HOMBRES,18305,1837,1888,1981,1916,1731,1534,1292,1069,977,933,820,692,539,386,287,203,128,92
15064,El Oro,2019,MUJERES,19306,1736,1843,1992,1882,1645,1533,1443,1319,1184,1038,879,732,572,447,377,298,200,186
15064,El Oro,2020,HOMBRES,18178,1792,1842,1938,1850,1710,1546,1325,1105,972,927,819,701,554,394,279,199,130,95
15064,El Oro,2020,MUJERES,19152,1689,1789,1962,1868,1641,1521,1439,1323,1181,1039,878,747,589,449,363,290,199,185
15064,El Oro,2021,HOMBRES,18010,1747,1788,1948,1854,1743,1533,1348,1135,968,906,796,688,525,370,260,200,121,80
15064,El Oro,2021,MUJERES,19114,1669,1739,1896,1847,1632,1539,1445,1314,1157,1042,901,758,620,481,379,290,208,197
15064,El Oro,2022,HOMBRES,17932,1712,1741,1913,1845,1752,1533,1367,1155,962,890,795,689,530,377,262,203,124,82
15064,El Oro,2022,MUJERES,19049,1632,1692,1859,1841,1645,1538,1457,1318,1150,1036,907,762,627,492,385,296,212,200
15064,El Oro,2023,HOMBRES,17891,1673,1702,1873,1841,1756,1532,1384,1176,965,875,796,692,539,389,270,211,130,87
15064,El Oro,2023,MUJERES,19015,1593,1652,1818,1838,1653,1537,1468,1323,1147,1028,914,768,637,507,398,305,220,209
15064,El Oro,2024,HOMBRES,17841,1631,1670,1829,1838,1755,1533,1396,1194,976,859,793,693,547,401,280,218,136,92
15064,El Oro,2024,MUJERES,18968,1550,1619,1774,1835,1656,1539,1476,1327,1146,1016,918,772,646,521,413,315,228,217
15064,El Oro,2025,HOMBRES,17765,1584,1637,1783,1831,1749,1536,1402,1210,990,845,787,693,552,411,291,225,142,97
15064,El Oro,2025,MUJERES,18907,1505,1588,1729,1828,1654,1544,1478,1331,1147,1004,919,776,653,534,430,324,236,227
15065,Otumba,2015,HOMBRES,17971,1751,1891,1854,1701,1640,1526,1323,1171,1121,988,819,626,449,369,318,214,118,92
15065,Otumba,2015,MUJERES,18154,1661,1592,1628,1684,1663,1572,1490,1367,1259,1084,860,648,502,379,263,194,150,158
15065,Otumba,2016,HOMBRES,18101,1689,1840,1830,1712,1651,1555,1358,1180,1139,1016,847,657,480,381,322,218,125,101
15065,Otumba,2016,MUJERES,18217,1636,1584,1625,1684,1655,1569,1479,1354,1265,1105,892,676,518,387,278,203,150,157
15065,Otumba,2017,HOMBRES,18217,1627,1783,1808,1722,1655,1581,1393,1195,1152,1043,874,689,511,394,325,223,131,111
15065,Otumba,2017,MUJERES,18259,1607,1569,1622,1683,1642,1565,1468,1345,1264,1125,922,705,534,396,294,213,149,156
15065,Otumba,2018,HOMBRES,18331,1567,1724,1793,1726,1658,1602,1425,1220,1160,1068,900,721,544,409,327,228,138,121
15065,Otumba,2018,MUJERES,18302,1579,1552,1623,1681,1630,1559,1455,1340,1258,1145,953,734,550,407,310,223,149,154
15065,Otumba,2019,HOMBRES,18446,1513,1661,1782,1727,1663,1618,1453,1253,1167,1090,925,753,577,427,328,233,145,131
15065,Otumba,2019,MUJERES,18337,1557,1529,1626,1674,1620,1550,1442,1337,1250,1162,983,762,565,421,326,233,148,152
15065,Otumba,2020,HOMBRES,18474,1467,1598,1760,1717,1666,1624,1478,1289,1171,1103,944,778,603,441,321,231,148,135
15065,Otumba,2020,MUJERES,18328,1540,1507,1621,1656,1613,1536,1430,1335,1239,1173,1011,788,576,432,338,241,146,146
15065,Otumba,2021,HOMBRES,18474,1520,1574,1718,1670,1702,1654,1493,1326,1141,1084,940,760,600,444,337,233,145,133
15065,Otumba,2021,MUJERES,18393,1462,1479,1632,1676,1592,1526,1475,1352,1264,1192,1035,825,599,444,316,234,146,144
15065,Otumba,2022,HOMBRES,18536,1504,1551,1698,1659,1706,1663,1530,1366,1147,1075,945,768,613,455,339,234,147,136
15065,Otumba,2022,MUJERES,18465,1446,1454,1611,1668,1600,1530,1501,1370,1269,1196,1055,842,615,458,320,236,148,146
15065,Otumba,2023,HOMBRES,18640,1483,1533,1673,1651,1706,1671,1566,1409,1164,1066,953,780,631,473,348,239,152,142
15065,Otumba,2023,MUJERES,18553,1427,1437,1584,1660,1603,1535,1525,1389,1279,1197,1075,861,634,476,328,241,151,151
15065,Otumba,2024,HOMBRES,18736,1459,1523,1643,1644,1700,1681,1597,1449,1189,1056,957,790,648,490,360,244,157,149
15065,Otumba,2024,MUJERES,18631,1401,1426,1553,1652,1602,1543,1547,1407,1291,1195,1094,879,652,493,339,246,155,156
15065,Otumba,2025,HOMBRES,18823,1435,1512,1614,1635,1691,1694,1621,1488,1221,1048,957,799,663,506,373,248,162,156
15065,Otumba,2025,MUJERES,18705,1378,1416,1525,1643,1596,1554,1564,1427,1306,1192,1108,897,669,510,351,250,158,161
15066,Otzoloapan,2015,HOMBRES,2036,240,228,223,216,194,157,122,97,95,98,85,61,44,40,43,40,31,22
15066,Otzoloapan,2015,MUJERES,1982,195,195,232,219,175,140,121,108,104,96,84,67,55,50,44,37,30,30
15066,Otzoloapan,2016,HOMBRES,2116,244,242,235,218,194,162,129,102,99,101,90,68,50,42,43,40,32,25
15066,Otzoloapan,2016,MUJERES,2084,212,209,239,221,181,151,131,114,109,100,89,73,58,51,46,38,31,31
15066,Otzoloapan,2017,HOMBRES,2199,245,256,249,222,192,167,137,108,103,104,96,76,56,44,43,40,33,28
15066,Otzoloapan,2017,MUJERES,2192,229,224,246,225,187,163,141,121,113,105,94,78,62,53,48,39,32,32
15066,Otzoloapan,2018,HOMBRES,2283,246,270,265,225,191,171,145,116,106,106,101,84,62,47,43,40,34,31
15066,Otzoloapan,2018,MUJERES,2301,247,239,253,228,193,175,153,128,117,109,100,85,66,54,49,40,33,32
15066,Otzoloapan,2019,HOMBRES,2373,247,282,284,228,190,175,152,125,109,108,107,94,69,49,43,40,36,35
15066,Otzoloapan,2019,MUJERES,2420,267,256,262,232,199,188,166,136,121,113,105,91,69,56,51,41,34,33
15066,Otzoloapan,2020,HOMBRES,2461,249,297,303,229,189,178,161,135,113,110,112,103,76,52,42,39,36,37
15066,Otzoloapan,2020,MUJERES,2550,292,272,271,233,208,203,180,145,125,118,111,98,73,59,53,42,34,33
15066,Otzoloapan,2021,HOMBRES,2684,303,308,312,244,221,216,183,142,117,115,115,105,78,55,50,44,38,38
15066,Otzoloapan,2021,MUJERES,2532,251,268,282,242,198,182,178,155,130,121,118,104,78,62,50,42,37,34
15066,Otzoloapan,2022,HOMBRES,2796,309,313,323,255,232,226,194,151,122,118,120,109,82,58,54,47,42,41
15066,Otzoloapan,2022,MUJERES,2639,255,273,290,254,208,190,187,163,135,126,124,109,82,67,54,46,40,36
15066,Otzoloapan,2023,HOMBRES,2919,316,319,333,268,243,235,205,162,128,121,124,113,86,63,59,52,46,46
15066,Otzoloapan,2023,MUJERES,2751,261,276,298,266,218,198,197,171,141,131,130,114,86,72,59,50,44,39
15066,Otzoloapan,2024,HOMBRES,3049,321,326,342,282,254,246,217,172,136,125,129,117,91,68,65,56,51,51
15066,Otzoloapan,2024,MUJERES,2869,262,281,308,278,228,206,207,180,148,136,137,119,91,78,65,54,48,43
15066,Otzoloapan,2025,HOMBRES,3178,325,334,351,296,265,257,227,183,145,128,133,121,95,73,72,61,56,56
15066,Otzoloapan,2025,MUJERES,2991,267,288,314,293,238,215,216,189,155,140,143,124,95,84,72,59,53,46
15067,Otzolotepec,2015,HOMBRES,42784,4667,4782,4745,4309,4207,3808,3097,2696,2594,2293,1857,1309,865,607,421,264,140,123
15067,Otzolotepec,2015,MUJERES,43877,4386,4499,4501,4455,4376,3973,3471,3093,2803,2255,1725,1290,931,704,543,381,259,232
15067,Otzolotepec,2016,HOMBRES,43138,4533,4661,4700,4389,4257,3895,3204,2714,2615,2339,1910,1370,917,632,441,280,152,129
15067,Otzolotepec,2016,MUJERES,44321,4267,4416,4500,4486,4370,4025,3547,3141,2874,2349,1818,1367,982,720,556,397,269,237
15067,Otzolotepec,2017,HOMBRES,43455,4391,4527,4667,4466,4291,3974,3310,2749,2623,2381,1958,1430,972,658,461,297,164,136
15067,Otzolotepec,2017,MUJERES,44736,4145,4321,4504,4516,4350,4074,3620,3197,2931,2444,1911,1446,1036,738,569,413,280,241
15067,Otzolotepec,2018,HOMBRES,43772,4258,4381,4647,4534,4321,4044,3414,2806,2621,2419,2002,1491,1029,689,481,314,177,144
15067,Otzolotepec,2018,MUJERES,45145,4026,4217,4516,4536,4330,4118,3692,3262,2977,2540,2006,1529,1090,759,581,430,291,245
15067,Otzolotepec,2019,HOMBRES,44067,4131,4227,4634,4592,4356,4097,3511,2881,2615,2448,2042,1550,1085,725,499,332,191,151
15067,Otzolotepec,2019,MUJERES,45555,3918,4106,4536,4546,4318,4151,3763,3336,3015,2632,2103,1612,1144,785,591,448,302,249
15067,Otzolotepec,2020,HOMBRES,44200,4037,4075,4593,4614,4384,4126,3601,2965,2603,2455,2067,1594,1130,754,506,343,202,151
15067,Otzolotepec,2020,MUJERES,45850,3833,3992,4530,4524,4308,4170,3836,3410,3045,2710,2197,1690,1193,807,591,459,310,245
15067,Otzolotepec,2021,HOMBRES,44290,3979,4057,4573,4465,4329,4230,3707,3106,2648,2492,2078,1600,1135,736,472,329,206,148
15067,Otzolotepec,2021,MUJERES,46163,3856,3904,4505,4636,4426,4127,3884,3409,3005,2688,2240,1737,1235,857,618,467,314,255
15067,Otzolotepec,2022,HOMBRES,44561,3960,4018,4541,4451,4351,4256,3798,3204,2669,2479,2101,1628,1168,759,477,332,213,156
15067,Otzolotepec,2022,MUJERES,46471,3835,3858,4466,4626,4464,4149,3958,3465,3029,2708,2287,1776,1271,886,628,474,326,265
15067,Otzolotepec,2023,HOMBRES,44938,3932,3994,4495,4452,4364,4284,3890,3310,2719,2470,2129,1665,1211,793,493,341,226,170
15067,Otzolotepec,2023,MUJERES,46859,3805,3834,4415,4625,4494,4176,4034,3525,3067,2722,2338,1822,1315,924,648,487,344,284
15067,Otzolotepec,2024,HOMBRES,45292,3889,3988,4439,4456,4364,4318,3970,3411,2789,2457,2150,1698,1253,826,511,349,240,184
15067,Otzolotepec,2024,MUJERES,47220,3763,3824,4355,4625,4509,4210,4101,3585,3112,2729,2384,1867,1358,961,672,499,363,303
15067,Otzolotepec,2025,HOMBRES,45625,3846,3980,4381,4454,4355,4359,4032,3509,2874,2449,2162,1729,1291,859,533,357,255,200
15067,Otzolotepec,2025,MUJERES,47566,3719,3816,4296,4621,4513,4254,4155,3647,3162,2734,2421,1910,1400,998,701,511,384,324
15068,Ozumba,2015,HOMBRES,14400,1461,1444,1432,1519,1451,1207,984,870,849,777,672,526,375,272,212,156,104,89
15068,Ozumba,2015,MUJERES,15465,1445,1433,1407,1427,1406,1294,1181,1117,1067,888,720,590,449,342,263,192,125,119
15068,Ozumba,2016,HOMBRES,14551,1447,1460,1428,1506,1454,1242,1013,871,856,789,683,545,397,284,220,160,105,91
15068,Ozumba,2016,MUJERES,15631,1439,1432,1397,1427,1410,1315,1198,1117,1080,915,746,613,472,352,270,195,128,125
15068,Ozumba,2017,HOMBRES,14684,1432,1469,1426,1491,1450,1276,1042,877,858,800,692,563,420,297,227,164,107,93
15068,Ozumba,2017,MUJERES,15782,1431,1424,1389,1426,1409,1335,1213,1120,1088,942,772,637,495,364,277,198,131,131
15068,Ozumba,2018,HOMBRES,14824,1416,1473,1432,1475,1447,1307,1070,890,858,810,700,581,444,312,235,168,110,96
15068,Ozumba,2018,MUJERES,15941,1425,1415,1386,1424,1409,1354,1228,1127,1091,970,797,661,518,378,283,202,135,138
15068,Ozumba,2019,HOMBRES,14955,1402,1473,1439,1455,1445,1334,1097,909,857,818,706,598,468,330,242,172,112,98
15068,Ozumba,2019,MUJERES,16093,1421,1402,1383,1418,1412,1370,1243,1137,1093,996,822,685,542,394,288,205,138,144
15068,Ozumba,2020,HOMBRES,15028,1396,1470,1439,1429,1444,1355,1122,932,855,819,707,608,486,345,243,171,111,96
15068,Ozumba,2020,MUJERES,16207,1424,1385,1375,1406,1417,1384,1260,1148,1092,1016,844,705,562,409,289,205,139,147
15068,Ozumba,2021,HOMBRES,15013,1388,1424,1424,1448,1429,1336,1150,945,838,816,727,630,481,352,240,171,111,103
15068,Ozumba,2021,MUJERES,16361,1421,1392,1377,1379,1453,1418,1276,1177,1110,1029,847,705,587,415,291,208,139,137
15068,Ozumba,2022,HOMBRES,15100,1379,1409,1413,1448,1438,1340,1176,973,843,812,736,641,493,362,244,175,113,105
15068,Ozumba,2022,MUJERES,16481,1414,1376,1366,1378,1464,1423,1296,1194,1119,1038,867,722,605,428,297,214,141,139
15068,Ozumba,2023,HOMBRES,15218,1367,1397,1397,1450,1442,1345,1202,1002,857,809,746,655,509,378,252,182,117,111
15068,Ozumba,2023,MUJERES,16617,1402,1365,1350,1377,1471,1429,1316,1212,1132,1045,888,740,625,445,308,222,146,144
15068,Ozumba,2024,HOMBRES,15330,1351,1393,1376,1454,1442,1351,1223,1029,878,805,754,667,524,392,263,189,122,117
15068,Ozumba,2024,MUJERES,16748,1386,1360,1330,1377,1473,1437,1333,1230,1148,1050,907,758,645,462,320,231,151,150
15068,Ozumba,2025,HOMBRES,15433,1334,1386,1357,1456,1439,1359,1239,1056,903,802,758,679,538,407,275,196,126,123
15068,Ozumba,2025,MUJERES,16867,1367,1355,1310,1375,1472,1449,1346,1248,1166,1053,923,776,663,478,335,239,156,156
15069,Papalotla,2015,HOMBRES,2002,192,191,192,192,179,160,138,129,137,126,103,81,62,47,33,19,12,9
15069,Papalotla,2015,MUJERES,2097,154,177,184,189,183,161,157,164,171,155,120,88,62,46,36,24,14,12
15069,Papalotla,2016,HOMBRES,2080,195,196,196,200,189,170,145,129,138,131,110,87,67,50,35,20,13,9
15069,Papalotla,2016,MUJERES,2187,159,180,192,197,189,170,163,165,174,162,130,97,68,49,39,26,15,12
15069,Papalotla,2017,HOMBRES,2157,195,201,199,208,198,180,152,131,138,137,118,93,72,53,37,22,13,10
15069,Papalotla,2017,MUJERES,2276,164,183,198,204,195,179,169,166,175,170,141,105,75,53,42,28,16,13
15069,Papalotla,2018,HOMBRES,2237,198,206,202,215,208,190,159,133,137,143,126,99,78,57,39,23,14,10
15069,Papalotla,2018,MUJERES,2371,170,185,207,211,200,188,175,168,176,178,152,115,82,58,45,30,17,14
15069,Papalotla,2019,HOMBRES,2317,200,209,207,220,219,200,166,137,137,148,134,105,83,62,41,25,14,10
15069,Papalotla,2019,MUJERES,2473,176,190,214,219,207,197,182,170,177,186,164,125,89,63,48,33,19,14
15069,Papalotla,2020,HOMBRES,2404,206,214,214,226,230,210,173,142,137,153,142,111,88,66,42,26,14,10
15069,Papalotla,2020,MUJERES,2576,183,191,222,224,215,207,189,174,178,194,177,136,97,68,51,35,20,15
15069,Papalotla,2021,HOMBRES,2471,208,211,222,226,221,214,178,145,134,176,160,120,92,68,42,26,16,12
15069,Papalotla,2021,MUJERES,2536,178,190,212,223,225,202,189,177,182,174,164,133,99,70,51,35,20,12
15069,Papalotla,2022,HOMBRES,2483,207,207,219,225,221,213,181,150,136,176,162,123,95,71,43,26,16,12
15069,Papalotla,2022,MUJERES,2557,178,190,209,221,225,201,191,180,184,175,168,138,104,73,52,35,21,12
15069,Papalotla,2023,HOMBRES,2504,206,207,216,225,220,212,184,154,139,176,165,127,99,74,44,26,17,13
15069,Papalotla,2023,MUJERES,2583,177,189,207,220,225,200,192,183,187,177,172,143,109,77,54,36,22,13
15069,Papalotla,2024,HOMBRES,2527,204,208,212,225,219,212,186,159,143,176,167,130,104,78,46,27,18,13
15069,Papalotla,2024,MUJERES,2602,173,188,205,219,224,199,193,186,191,178,176,148,114,80,56,36,23,13
15069,Papalotla,2025,HOMBRES,2550,202,208,211,225,217,212,188,163,148,176,169,133,108,82,48,27,19,14
15069,Papalotla,2025,MUJERES,2626,172,189,200,218,223,199,194,189,195,179,180,153,118,84,58,37,24,14
15070,La Paz,2015,HOMBRES,149739,14292,14739,14845,15067,14831,12749,10615,10131,10479,9483,7531,5345,3647,2433,1567,984,616,385
15070,La Paz,2015,MUJERES,151172,14378,13399,14128,14027,13630,12366,11595,11812,11583,9319,7233,5515,4034,3165,2212,1243,762,771
15070,La Paz,2016,HOMBRES,150197,14071,14620,14668,15013,14829,13037,10863,9928,10247,9458,7679,5584,3855,2556,1688,1054,634,413
15070,La Paz,2016,MUJERES,152614,14045,13437,13973,14070,13760,12660,11746,11657,11561,9606,7592,5827,4266,3243,2287,1314,791,779
15070,La Paz,2017,HOMBRES,150520,13825,14447,14525,14949,14769,13299,11104,9791,9965,9412,7805,5825,4070,2691,1814,1128,656,445
15070,La Paz,2017,MUJERES,153938,13693,13431,13839,14104,13848,12953,11887,11529,11477,9891,7949,6149,4506,3328,2360,1388,821,785
15070,La Paz,2018,HOMBRES,150822,13588,14226,14429,14859,14699,13531,11331,9729,9657,9343,7914,6067,4292,2845,1946,1208,680,478
15070,La Paz,2018,MUJERES,155267,13360,13390,13738,14115,13938,13238,12023,11437,11348,10170,8311,6479,4751,3429,2430,1467,853,790
15070,La Paz,2019,HOMBRES,151062,13371,13976,14355,14727,14649,13711,11532,9728,9347,9241,8005,6302,4515,3021,2077,1292,704,509
15070,La Paz,2019,MUJERES,156570,13052,13326,13654,14087,14052,13494,12155,11368,11192,10432,8676,6812,4998,3549,2495,1548,887,793
15070,La Paz,2020,HOMBRES,150666,13224,13676,14204,14497,14579,13817,11705,9759,9032,9045,8031,6481,4688,3176,2170,1352,709,521
15070,La Paz,2020,MUJERES,157486,12809,13208,13504,13974,14179,13713,12289,11312,11012,10624,9026,7126,5222,3660,2531,1617,908,772
15070,La Paz,2021,HOMBRES,151418,13126,13472,14124,14338,14218,13840,11958,9907,9011,9460,8418,6650,4910,3285,2178,1317,672,534
15070,La Paz,2021,MUJERES,156819,12673,12938,13344,13817,14407,13506,12253,11470,10962,10259,8928,7269,5296,3768,2551,1672,956,750
15070,La Paz,2022,HOMBRES,151623,12993,13273,13963,14205,14121,13725,12111,10142,9035,9400,8533,6804,5088,3420,2224,1346,690,550
15070,La Paz,2022,MUJERES,157275,12543,12738,13172,13673,14352,13385,12331,11574,11003,10331,9157,7491,5507,3942,2619,1713,982,762
15070,La Paz,2023,HOMBRES,152175,12821,13129,13755,14107,13991,13612,12256,10392,9154,9346,8671,6991,5314,3606,2320,1402,725,583
15070,La Paz,2023,MUJERES,157921,12377,12591,12961,13545,14262,13270,12404,11682,11086,10377,9397,7737,5751,4153,2731,1778,1025,794
15070,La Paz,2024,HOMBRES,152647,12609,13035,13518,14018,13817,13514,12356,10622,9338,9282,8778,7166,5534,3792,2432,1457,761,618
15070,La Paz,2024,MUJERES,158484,12168,12494,12725,13421,14124,13180,12446,11784,11194,10392,9617,7978,5993,4365,2864,1842,1070,827
15070,La Paz,2025,HOMBRES,153018,12391,12939,13273,13913,13615,13434,12394,10836,9571,9231,8846,7330,5744,3978,2561,1509,799,654
15070,La Paz,2025,MUJERES,158963,11957,12396,12484,13283,13949,13115,12445,11890,11315,10399,9803,8219,6229,4579,3017,1905,1116,862
15071,Polotitlán,2015,HOMBRES,6934,701,688,650,685,631,504,441,436,433,380,337,287,222,180,142,99,65,53
15071,Polotitlán,2015,MUJERES,7293,694,647,678,643,615,584,550,514,494,441,365,284,225,182,137,95,73,72
15071,Polotitlán,2016,HOMBRES,7049,699,695,658,684,640,529,454,430,435,394,349,297,232,184,144,100,69,56
15071,Polotitlán,2016,MUJERES,7394,693,657,675,644,617,592,555,516,503,451,375,297,237,188,142,98,77,77
15071,Polotitlán,2017,HOMBRES,7161,696,702,666,684,646,553,466,427,435,407,360,307,243,189,146,102,72,60
15071,Polotitlán,2017,MUJERES,7485,692,664,673,646,617,599,559,518,510,460,383,310,250,195,146,101,81,81
15071,Polotitlán,2018,HOMBRES,7276,694,708,678,680,653,577,479,427,434,419,371,316,253,194,148,104,77,64
15071,Polotitlán,2018,MUJERES,7581,693,670,674,646,618,606,563,523,514,469,391,323,263,202,150,105,85,86
15071,Polotitlán,2019,HOMBRES,7388,693,710,689,676,660,599,490,430,432,431,382,326,264,201,150,106,81,68
15071,Polotitlán,2019,MUJERES,7673,692,677,675,643,619,612,567,528,518,478,399,336,276,211,154,108,90,90
15071,Polotitlán,2020,HOMBRES,7470,695,712,699,670,668,618,501,434,430,439,390,331,271,205,148,105,84,70
15071,Polotitlán,2020,MUJERES,7758,697,681,674,640,623,617,571,535,522,484,406,348,288,219,156,110,94,93
15071,Polotitlán,2021,HOMBRES,7480,698,706,696,674,666,580,515,450,426,438,390,339,276,211,148,109,87,71
15071,Polotitlán,2021,MUJERES,7835,692,669,673,630,631,660,577,540,528,492,422,355,297,224,156,106,91,92
15071,Polotitlán,2022,HOMBRES,7527,695,696,692,673,669,580,526,463,429,437,396,346,284,218,150,111,89,73
15071,Polotitlán,2022,MUJERES,7900,689,660,667,629,633,661,586,549,532,498,434,366,308,234,159,108,93,94
15071,Polotitlán,2023,HOMBRES,7596,690,690,685,674,670,580,537,476,437,437,403,355,294,228,155,115,93,77
15071,Polotitlán,2023,MUJERES,7975,684,654,660,627,634,662,595,557,539,503,446,377,320,245,166,112,96,98
15071,Polotitlán,2024,HOMBRES,7658,683,686,675,674,668,581,545,489,448,436,409,363,304,238,161,119,97,82
15071,Polotitlán,2024,MUJERES,8051,677,653,650,627,633,664,603,566,547,506,458,388,332,256,173,115,100,103
15071,Polotitlán,2025,HOMBRES,7723,674,683,666,677,665,582,552,502,461,435,413,371,314,249,168,122,102,87
15071,Polotitlán,2025,MUJERES,8120,669,649,641,626,631,668,608,575,556,509,468,399,344,267,181,118,103,108
15072,Rayón,2015,HOMBRES,6735,673,683,665,654,622,563,507,467,441,371,296,232,182,136,96,68,45,34
15072,Rayón,2015,MUJERES,6974,658,696,684,631,602,582,558,519,479,393,321,261,186,140,106,68,47,43
15072,Rayón,2016,HOMBRES,6969,671,700,691,684,644,584,528,477,455,388,312,248,193,141,100,70,47,36
15072,Rayón,2016,MUJERES,7241,657,707,702,661,626,605,580,538,502,419,343,278,199,145,111,72,50,46
15072,Rayón,2017,HOMBRES,7208,671,715,720,715,664,603,549,491,466,405,329,264,206,147,104,71,50,38
15072,Rayón,2017,MUJERES,7511,655,718,724,690,650,629,602,559,522,445,366,295,212,150,115,76,53,50
15072,Rayón,2018,HOMBRES,7450,672,729,749,746,684,622,569,508,477,421,345,281,218,154,109,73,52,41
15072,Rayón,2018,MUJERES,7792,652,724,748,724,674,653,624,582,542,472,390,313,226,157,120,81,56,54
15072,Rayón,2019,HOMBRES,7695,671,739,785,774,706,639,589,530,486,437,361,298,231,162,113,75,55,44
15072,Rayón,2019,MUJERES,8079,650,731,773,752,700,677,647,608,561,500,415,332,240,164,125,86,59,59
15072,Rayón,2020,HOMBRES,7943,678,751,817,805,730,655,611,556,497,451,377,313,242,169,115,75,56,45
15072,Rayón,2020,MUJERES,8389,657,738,799,784,731,701,674,637,581,528,441,350,253,172,128,91,62,62
15072,Rayón,2021,HOMBRES,8085,676,746,801,803,746,687,650,578,495,450,407,332,243,170,115,83,56,47
15072,Rayón,2021,MUJERES,8353,663,734,815,776,722,677,661,641,584,536,426,345,263,178,127,83,61,61
15072,Rayón,2022,HOMBRES,8150,679,742,798,801,748,690,666,596,499,448,413,339,250,175,116,84,57,49
15072,Rayón,2022,MUJERES,8422,665,732,809,773,725,680,673,651,588,542,437,354,272,184,129,84,61,63
15072,Rayón,2023,HOMBRES,8232,678,742,791,799,749,693,682,615,508,446,421,348,260,182,120,87,59,52
15072,Rayón,2023,MUJERES,8505,665,733,803,771,727,682,685,661,594,546,449,365,282,192,134,87,63,66
15072,Rayón,2024,HOMBRES,8313,677,746,782,799,746,696,696,633,521,444,427,356,268,190,125,90,61,56
15072,Rayón,2024,MUJERES,8581,664,734,794,771,726,686,695,671,602,549,459,375,292,200,139,89,65,70
15072,Rayón,2025,HOMBRES,8386,673,749,773,797,742,701,706,650,536,443,431,364,277,197,130,93,64,60
15072,Rayón,2025,MUJERES,8651,663,737,785,768,724,691,703,681,610,551,468,385,301,207,145,92,66,74
15073,San Antonio la Isla,2015,HOMBRES,13816,1603,1540,1383,1197,1133,1188,1256,1165,1000,757,556,389,246,159,106,60,36,42
15073,San Antonio la Isla,2015,MUJERES,14288,1375,1512,1449,1189,1146,1350,1474,1315,1038,754,554,376,256,193,135,84,50,38
15073,San Antonio la Isla,2016,HOMBRES,14206,1552,1553,1432,1267,1179,1211,1265,1174,1045,809,596,419,268,172,115,67,39,43
15073,San Antonio la Isla,2016,MUJERES,14783,1371,1517,1489,1264,1191,1353,1480,1356,1111,818,600,412,281,207,146,92,54,41
15073,San Antonio la Isla,2017,HOMBRES,14593,1499,1560,1485,1338,1222,1230,1273,1191,1084,863,637,450,292,185,125,74,42,43
15073,San Antonio la Isla,2017,MUJERES,15280,1363,1517,1534,1341,1232,1354,1483,1400,1181,886,647,451,308,221,158,101,58,45
15073,San Antonio la Isla,2018,HOMBRES,14984,1443,1561,1542,1413,1265,1245,1278,1215,1121,917,678,483,317,201,135,82,46,42
15073,San Antonio la Isla,2018,MUJERES,15796,1354,1512,1582,1422,1275,1352,1485,1449,1251,958,698,491,337,237,170,110,64,49
15073,San Antonio la Isla,2019,HOMBRES,15381,1393,1555,1605,1483,1310,1255,1279,1248,1156,971,721,516,344,218,146,90,49,42
15073,San Antonio la Isla,2019,MUJERES,16326,1348,1504,1633,1502,1320,1346,1485,1502,1320,1033,750,535,368,255,183,120,69,53
15073,San Antonio la Isla,2020,HOMBRES,15763,1353,1548,1662,1549,1355,1260,1281,1284,1192,1023,762,547,368,236,154,98,52,39
15073,San Antonio la Isla,2020,MUJERES,16867,1356,1490,1675,1576,1368,1338,1490,1558,1391,1110,806,580,399,275,195,130,74,56
15073,San Antonio la Isla,2021,HOMBRES,16370,1398,1564,1666,1566,1384,1316,1461,1432,1254,1030,772,551,374,244,157,103,55,43
15073,San Antonio la Isla,2021,MUJERES,17085,1383,1522,1715,1573,1379,1356,1457,1561,1390,1145,839,608,416,280,198,131,76,56
15073,San Antonio la Isla,2022,HOMBRES,16818,1436,1593,1684,1573,1402,1350,1547,1524,1292,1041,792,567,388,253,162,108,59,47
15073,San Antonio la Isla,2022,MUJERES,17556,1418,1549,1734,1583,1401,1393,1530,1633,1432,1173,870,631,434,292,206,137,81,59
15073,San Antonio la Isla,2023,HOMBRES,17311,1468,1631,1697,1585,1416,1386,1636,1623,1346,1053,813,586,405,265,171,114,64,52
15073,San Antonio la Isla,2023,MUJERES,18058,1454,1585,1748,1592,1420,1432,1606,1710,1481,1198,903,655,454,306,217,145,87,65
15073,San Antonio la Isla,2024,HOMBRES,17810,1495,1673,1704,1597,1427,1425,1724,1724,1411,1064,833,605,422,277,181,121,69,58
15073,San Antonio la Isla,2024,MUJERES,18564,1481,1629,1757,1604,1434,1475,1682,1790,1535,1221,934,679,474,321,230,153,94,71
15073,San Antonio la Isla,2025,HOMBRES,18317,1523,1717,1711,1608,1434,1466,1808,1828,1486,1077,849,623,438,289,193,128,75,64
15073,San Antonio la Isla,2025,MUJERES,19076,1509,1672,1764,1616,1445,1522,1755,1874,1593,1242,963,704,494,336,246,161,102,78
15074,San Felipe del Progreso,2015,HOMBRES,66092,8376,8272,8318,7698,6705,5457,4318,3566,3158,2664,2259,1698,1146,869,676,459,263,190
15074,San Felipe del Progreso,2015,MUJERES,71680,8500,8233,8198,7711,6974,5973,5095,4317,3734,3122,2464,1817,1438,1310,1140,765,462,427
15074,San Felipe del Progreso,2016,HOMBRES,67113,8317,8263,8268,7761,6831,5687,4518,3629,3229,2748,2325,1769,1211,897,702,479,276,203
15074,San Felipe del Progreso,2016,MUJERES,72709,8375,8186,8182,7817,7078,6130,5241,4425,3856,3232,2572,1920,1506,1313,1140,791,489,456
15074,San Felipe del Progreso,2017,HOMBRES,68081,8240,8224,8233,7818,6933,5912,4723,3717,3284,2829,2386,1839,1279,927,727,501,291,218
15074,San Felipe del Progreso,2017,MUJERES,73687,8234,8112,8179,7920,7162,6287,5385,4546,3961,3342,2679,2026,1576,1318,1138,817,518,487
15074,San Felipe del Progreso,2018,HOMBRES,69054,8165,8158,8227,7863,7032,6130,4927,3837,3329,2906,2444,1909,1348,963,751,523,307,235
15074,San Felipe del Progreso,2018,MUJERES,74674,8101,8021,8194,8010,7247,6440,5531,4684,4053,3452,2786,2135,1646,1329,1134,843,549,519
15074,San Felipe del Progreso,2019,HOMBRES,70016,8105,8072,8231,7886,7142,6330,5127,3985,3371,2977,2498,1977,1418,1004,773,546,323,251
15074,San Felipe del Progreso,2019,MUJERES,75666,7985,7915,8219,8080,7346,6580,5677,4836,4136,3558,2893,2246,1716,1346,1127,870,583,553
15074,San Felipe del Progreso,2020,HOMBRES,70747,8085,7972,8198,7856,7247,6502,5325,4151,3410,3023,2534,2024,1469,1032,774,554,332,259
15074,San Felipe del Progreso,2020,MUJERES,76485,7906,7787,8208,8105,7456,6706,5833,4997,4214,3644,2992,2347,1772,1353,1099,883,610,573
15074,San Felipe del Progreso,2021,HOMBRES,71099,7980,7819,8288,8072,7444,6554,5498,4271,3370,2983,2537,1964,1426,989,719,577,350,258
15074,San Felipe del Progreso,2021,MUJERES,77431,7992,7749,8260,8129,7560,6824,5930,5091,4241,3662,2998,2414,1858,1467,1190,898,601,567
15074,San Felipe del Progreso,2022,HOMBRES,71828,7962,7753,8337,8209,7581,6632,5659,4411,3387,2946,2538,1968,1454,1026,740,600,361,264
15074,San Felipe del Progreso,2022,MUJERES,78295,7974,7676,8303,8265,7726,6897,6058,5185,4266,3667,3025,2436,1903,1535,1241,940,621,577
15074,San Felipe del Progreso,2023,HOMBRES,72708,7923,7717,8360,8371,7705,6716,5822,4562,3441,2914,2545,1982,1494,1078,780,638,381,279
15074,San Felipe del Progreso,2023,MUJERES,79282,7937,7638,8322,8416,7880,6976,6189,5285,4310,3664,3056,2465,1958,1619,1315,998,651,603
15074,San Felipe del Progreso,2024,HOMBRES,73562,7859,7712,8366,8543,7806,6807,5967,4708,3521,2878,2543,1992,1531,1130,826,676,402,295
15074,San Felipe del Progreso,2024,MUJERES,80237,7872,7629,8325,8573,8010,7069,6307,5384,4364,3651,3080,2490,2010,1702,1401,1057,683,630
15074,San Felipe del Progreso,2025,HOMBRES,74376,7791,7706,8366,8710,7891,6909,6086,4848,3619,2848,2530,1997,1564,1183,879,714,424,311
15074,San Felipe del Progreso,2025,MUJERES,81164,7804,7621,8321,8725,8120,7178,6406,5487,4425,3635,3091,2513,2059,1787,1499,1117,717,659
15075,San Martín de las Pirámides,2015,HOMBRES,13590,1319,1265,1310,1311,1235,1103,982,913,913,829,698,531,375,273,198,143,102,90
15075,San Martín de las Pirámides,2015,MUJERES,14105,1128,1218,1349,1336,1271,1180,1122,1088,1049,896,695,505,386,300,216,156,110,100
15075,San Martín de las Pirámides,2016,HOMBRES,13793,1285,1269,1305,1328,1265,1148,1010,901,908,845,721,557,399,287,210,150,109,96
15075,San Martín de las Pirámides,2016,MUJERES,14318,1137,1213,1326,1347,1287,1200,1127,1082,1065,927,733,543,409,308,227,164,117,106
15075,San Martín de las Pirámides,2017,HOMBRES,13999,1251,1269,1306,1346,1290,1191,1038,896,899,861,743,584,425,302,221,158,116,103
15075,San Martín de las Pirámides,2017,MUJERES,14518,1144,1202,1305,1356,1299,1218,1131,1079,1075,959,771,582,432,317,238,174,123,113
15075,San Martín de las Pirámides,2018,HOMBRES,14199,1216,1263,1309,1362,1316,1233,1065,896,887,874,764,611,451,319,233,166,123,111
15075,San Martín de las Pirámides,2018,MUJERES,14724,1152,1188,1288,1366,1311,1236,1134,1078,1081,989,811,623,456,328,250,183,130,120
15075,San Martín de las Pirámides,2019,HOMBRES,14396,1184,1257,1314,1372,1343,1271,1089,903,874,885,784,637,478,338,244,174,131,118
15075,San Martín de las Pirámides,2019,MUJERES,14930,1162,1174,1272,1370,1326,1250,1136,1081,1084,1019,851,666,480,340,261,193,138,127
15075,San Martín de las Pirámides,2020,HOMBRES,14539,1155,1247,1314,1376,1370,1303,1112,913,860,888,799,659,500,355,251,178,137,122
15075,San Martín de las Pirámides,2020,MUJERES,15113,1178,1156,1253,1368,1343,1262,1140,1085,1086,1043,890,709,502,352,270,201,144,131
15075,San Martín de las Pirámides,2021,HOMBRES,14582,1177,1207,1269,1372,1352,1253,1134,942,897,914,835,686,495,354,250,182,138,125
15075,San Martín de las Pirámides,2021,MUJERES,15295,1157,1173,1300,1371,1375,1322,1167,1111,1064,1037,885,703,526,367,267,195,146,129
15075,San Martín de las Pirámides,2022,HOMBRES,14702,1171,1198,1265,1372,1355,1255,1163,975,909,915,848,697,506,363,252,184,143,131
15075,San Martín de las Pirámides,2022,MUJERES,15444,1152,1164,1293,1370,1383,1324,1188,1136,1079,1053,909,719,542,379,271,198,151,133
15075,San Martín de las Pirámides,2023,HOMBRES,14862,1164,1194,1256,1377,1355,1256,1192,1011,932,916,862,711,521,377,258,189,151,140
15075,San Martín de las Pirámides,2023,MUJERES,15616,1145,1159,1284,1372,1387,1326,1209,1161,1099,1066,933,738,561,395,279,204,158,140
15075,San Martín de las Pirámides,2024,HOMBRES,15013,1153,1194,1245,1379,1350,1259,1216,1045,961,916,873,724,536,391,267,194,159,151
15075,San Martín de las Pirámides,2024,MUJERES,15777,1135,1160,1271,1374,1387,1331,1227,1187,1121,1075,956,755,578,410,289,209,165,147
15075,San Martín de las Pirámides,2025,HOMBRES,15158,1142,1194,1233,1382,1343,1263,1235,1078,996,918,881,735,549,405,277,198,168,161
15075,San Martín de las Pirámides,2025,MUJERES,15932,1123,1160,1259,1376,1383,1338,1242,1213,1144,1084,975,773,595,425,300,214,173,155
15076,San Mateo Atenco,2015,HOMBRES,38407,3613,3848,3978,3951,3789,3315,2802,2580,2577,2312,1822,1229,869,689,474,286,165,108
15076,San Mateo Atenco,2015,MUJERES,39971,3923,3723,3667,3472,3528,3554,3392,3117,2885,2444,1896,1421,1041,713,483,326,213,173
15076,San Mateo Atenco,2016,HOMBRES,40332,3738,3981,4082,4099,3960,3545,3016,2687,2676,2431,1949,1356,960,731,511,313,178,119
15076,San Mateo Atenco,2016,MUJERES,41987,3990,3850,3822,3703,3714,3701,3526,3245,3046,2608,2042,1537,1133,775,531,353,226,185
15076,San Mateo Atenco,2017,HOMBRES,42311,3859,4103,4198,4250,4123,3780,3243,2816,2764,2552,2079,1492,1059,776,550,342,193,132
15076,San Mateo Atenco,2017,MUJERES,44070,4051,3968,3990,3950,3898,3852,3662,3386,3200,2781,2194,1661,1231,845,582,382,239,198
15076,San Mateo Atenco,2018,HOMBRES,44390,3988,4215,4332,4399,4291,4020,3479,2974,2846,2674,2214,1640,1167,827,591,375,211,147
15076,San Mateo Atenco,2018,MUJERES,46255,4117,4082,4173,4203,4093,4005,3800,3545,3349,2961,2354,1794,1337,925,637,414,254,212
15076,San Mateo Atenco,2019,HOMBRES,46542,4123,4319,4476,4540,4472,4257,3721,3161,2927,2794,2353,1798,1282,887,632,409,229,162
15076,San Mateo Atenco,2019,MUJERES,48542,4190,4188,4373,4466,4305,4154,3942,3719,3496,3147,2523,1932,1448,1018,696,448,270,227
15076,San Mateo Atenco,2020,HOMBRES,48893,4311,4444,4627,4677,4686,4510,3993,3389,3023,2909,2497,1962,1398,945,666,439,244,173
15076,San Mateo Atenco,2020,MUJERES,51128,4311,4313,4589,4743,4561,4325,4119,3928,3662,3341,2710,2084,1566,1121,754,480,285,236
15076,San Mateo Atenco,2021,HOMBRES,49362,4296,4390,4642,4767,4770,4384,4078,3501,3058,2906,2511,1982,1505,1048,671,439,238,176
15076,San Mateo Atenco,2021,MUJERES,51437,4304,4263,4528,4603,4529,4508,4206,3987,3652,3410,2824,2181,1566,1092,759,490,292,243
15076,San Mateo Atenco,2022,HOMBRES,49810,4277,4348,4603,4754,4792,4402,4181,3615,3089,2908,2566,2039,1570,1097,687,451,244,187
15076,San Mateo Atenco,2022,MUJERES,51961,4287,4223,4489,4581,4553,4530,4284,4058,3692,3462,2916,2263,1639,1147,780,503,299,255
15076,San Mateo Atenco,2023,HOMBRES,50376,4246,4324,4550,4749,4802,4422,4284,3737,3153,2913,2628,2107,1650,1162,717,472,256,204
15076,San Mateo Atenco,2023,MUJERES,52549,4260,4202,4436,4563,4567,4554,4362,4130,3746,3505,3014,2353,1722,1212,815,523,310,275
15076,San Mateo Atenco,2024,HOMBRES,50924,4201,4315,4486,4750,4797,4446,4373,3854,3240,2915,2682,2172,1729,1228,753,493,268,222
15076,San Mateo Atenco,2024,MUJERES,53123,4218,4196,4375,4550,4565,4586,4430,4203,3810,3539,3106,2443,1806,1278,855,544,323,296
15076,San Mateo Atenco,2025,HOMBRES,51444,4154,4306,4421,4744,4781,4476,4441,3966,3345,2921,2725,2234,1806,1294,794,513,281,242
15076,San Mateo Atenco,2025,MUJERES,53663,4170,4189,4311,4528,4551,4628,4483,4277,3879,3571,3189,2533,1889,1345,902,564,335,319
15077,San Simón de Guerrero,2015,HOMBRES,3025,383,352,339,327,278,211,169,152,156,148,124,93,73,66,54,44,35,21
15077,San Simón de Guerrero,2015,MUJERES,3159,348,350,360,300,249,241,239,208,167,132,121,107,85,71,61,46,36,38
15077,San Simón de Guerrero,2016,HOMBRES,3085,374,355,345,333,283,220,178,156,158,150,128,100,79,68,56,45,35,22
15077,San Simón de Guerrero,2016,MUJERES,3228,347,349,360,308,257,245,242,213,176,139,126,113,91,73,63,48,38,40
15077,San Simón de Guerrero,2017,HOMBRES,3149,367,355,352,340,287,228,187,161,160,152,132,107,86,71,58,46,36,24
15077,San Simón de Guerrero,2017,MUJERES,3292,345,345,359,316,264,249,246,219,184,147,130,118,96,76,65,49,41,43
15077,San Simón de Guerrero,2018,HOMBRES,3211,357,356,360,346,290,236,196,167,161,154,136,114,93,74,61,47,37,26
15077,San Simón de Guerrero,2018,MUJERES,3354,345,340,355,325,271,252,248,225,191,155,135,124,102,79,67,51,43,46
15077,San Simón de Guerrero,2019,HOMBRES,3271,349,354,369,350,294,243,204,175,162,155,140,122,100,78,63,48,37,28
15077,San Simón de Guerrero,2019,MUJERES,3423,342,336,356,333,279,255,251,233,199,163,140,130,108,83,68,53,46,48
15077,San Simón de Guerrero,2020,HOMBRES,3323,344,353,378,354,298,249,213,183,162,154,142,128,107,81,64,48,37,28
15077,San Simón de Guerrero,2020,MUJERES,3487,343,332,356,339,288,257,255,240,206,171,144,135,114,86,69,54,48,50
15077,San Simón de Guerrero,2021,HOMBRES,3381,343,348,378,360,315,254,226,195,166,154,140,128,107,81,63,52,41,30
15077,San Simón de Guerrero,2021,MUJERES,3532,350,334,358,343,286,265,258,241,204,174,151,139,117,91,73,54,46,48
15077,San Simón de Guerrero,2022,HOMBRES,3435,344,348,380,364,323,259,235,203,168,154,141,130,109,84,65,55,43,30
15077,San Simón de Guerrero,2022,MUJERES,3593,353,335,359,346,293,271,266,248,206,176,155,141,120,95,76,57,47,49
15077,San Simón de Guerrero,2023,HOMBRES,3500,346,348,380,370,330,265,244,211,172,154,143,132,112,88,68,59,46,32
15077,San Simón de Guerrero,2023,MUJERES,3660,354,336,358,351,300,278,275,254,209,177,159,144,124,99,80,61,50,51
15077,San Simón de Guerrero,2024,HOMBRES,3564,345,351,380,376,336,271,252,219,177,153,145,134,115,92,72,63,49,34
15077,San Simón de Guerrero,2024,MUJERES,3724,355,339,357,355,305,285,283,260,213,177,162,147,127,104,84,65,52,54
15077,San Simón de Guerrero,2025,HOMBRES,3628,346,355,378,382,341,278,259,227,182,153,146,136,118,96,77,67,52,35
15077,San Simón de Guerrero,2025,MUJERES,3784,354,340,355,359,310,292,290,266,217,178,165,150,130,108,90,69,55,56
15078,Santo Tomás,2015,HOMBRES,4929,546,529,513,525,487,380,302,265,255,243,226,173,123,111,94,66,51,40
15078,Santo Tomás,2015,MUJERES,4972,492,463,486,490,466,426,358,295,278,267,233,171,135,128,110,75,53,46
15078,Santo Tomás,2016,HOMBRES,4930,547,528,504,510,474,390,317,269,254,240,226,179,130,111,93,66,51,41
15078,Santo Tomás,2016,MUJERES,4970,487,463,483,484,460,427,361,297,279,267,236,179,139,125,108,75,53,47
15078,Santo Tomás,2017,HOMBRES,4931,547,528,498,495,460,398,332,274,251,237,225,186,137,111,92,66,52,42
15078,Santo Tomás,2017,MUJERES,4969,484,462,481,477,452,428,364,300,280,267,240,187,143,121,106,76,54,47
15078,Santo Tomás,2018,HOMBRES,4931,548,525,493,479,447,406,346,281,248,234,224,192,144,111,91,66,53,43
15078,Santo Tomás,2018,MUJERES,4963,480,461,479,470,445,428,367,303,279,266,243,195,147,119,103,76,54,48
15078,Santo Tomás,2019,HOMBRES,4929,551,521,488,463,434,412,361,290,244,230,222,197,151,112,90,66,53,44
15078,Santo Tomás,2019,MUJERES,4956,477,458,479,462,438,427,370,307,278,265,245,203,150,116,100,77,55,49
15078,Santo Tomás,2020,HOMBRES,4908,555,517,481,444,422,416,375,301,241,224,218,201,155,112,86,65,52,43
15078,Santo Tomás,2020,MUJERES,4936,476,454,477,452,433,425,373,311,276,262,247,210,152,113,96,76,55,48
15078,Santo Tomás,2021,HOMBRES,4844,532,472,484,444,432,425,366,298,237,222,216,200,150,112,91,67,53,43
15078,Santo Tomás,2021,MUJERES,4958,480,469,459,449,429,417,390,321,275,261,252,213,159,115,90,76,55,48
15078,Santo Tomás,2022,HOMBRES,4835,523,459,475,443,435,424,371,304,236,219,217,201,152,115,93,69,55,44
15078,Santo Tomás,2022,MUJERES,4947,472,455,449,447,433,416,392,322,274,261,255,215,162,118,92,79,56,49
15078,Santo Tomás,2023,HOMBRES,4829,510,448,465,443,436,423,375,310,238,216,217,202,155,119,96,72,57,47
15078,Santo Tomás,2023,MUJERES,4944,461,446,439,448,435,415,395,323,274,260,258,217,165,122,95,82,58,51
15078,Santo Tomás,2024,HOMBRES,4830,498,440,453,441,437,423,379,316,241,213,218,204,158,123,100,76,60,50
15078,Santo Tomás,2024,MUJERES,4938,450,437,429,445,436,415,397,324,275,258,260,220,168,126,99,86,60,53
15078,Santo Tomás,2025,HOMBRES,4824,487,430,440,443,436,424,380,321,246,210,217,204,160,127,104,79,63,53
15078,Santo Tomás,2025,MUJERES,4925,436,429,416,444,435,416,397,325,276,256,262,222,170,130,104,90,62,55
15079,Soyaniquilpan de Juárez,2015,HOMBRES,6761,679,683,649,646,636,551,454,429,440,383,309,247,192,146,114,85,62,56
15079,Soyaniquilpan de Juárez,2015,MUJERES,6887,637,678,654,598,601,602,561,504,452,379,309,239,181,150,121,87,72,62
15079,Soyaniquilpan de Juárez,2016,HOMBRES,6864,681,694,655,647,631,561,474,431,439,390,320,257,201,152,119,88,64,60
15079,Soyaniquilpan de Juárez,2016,MUJERES,6978,628,672,658,608,603,609,571,508,462,392,320,253,194,155,122,88,73,62
15079,Soyaniquilpan de Juárez,2017,HOMBRES,6968,682,704,662,649,623,571,494,437,436,396,330,267,211,159,125,91,67,64
15079,Soyaniquilpan de Juárez,2017,MUJERES,7066,618,665,664,618,603,616,580,513,470,405,331,267,208,159,123,89,74,63
15079,Soyaniquilpan de Juárez,2018,HOMBRES,7066,683,711,671,648,615,580,513,445,431,402,340,277,220,166,131,94,70,69
15079,Soyaniquilpan de Juárez,2018,MUJERES,7151,609,655,671,624,602,622,589,521,476,419,342,281,223,165,124,90,75,63
15079,Soyaniquilpan de Juárez,2019,HOMBRES,7161,682,715,682,647,608,586,532,457,426,406,349,287,229,175,137,97,73,73
15079,Soyaniquilpan de Juárez,2019,MUJERES,7241,602,646,678,632,603,627,599,529,481,432,353,295,238,171,124,92,76,63
15079,Soyaniquilpan de Juárez,2020,HOMBRES,7234,689,720,688,642,601,590,551,471,421,407,356,294,235,183,139,98,74,75
15079,Soyaniquilpan de Juárez,2020,MUJERES,7317,597,635,683,636,606,630,609,539,486,443,364,308,253,177,123,91,75,62
15079,Soyaniquilpan de Juárez,2021,HOMBRES,7256,665,677,697,638,619,601,572,491,424,403,351,304,252,185,134,96,73,74
15079,Soyaniquilpan de Juárez,2021,MUJERES,7390,621,660,668,636,600,632,616,545,485,451,380,308,246,184,128,93,76,61
15079,Soyaniquilpan de Juárez,2022,HOMBRES,7311,664,672,690,636,623,606,587,507,429,401,354,309,258,191,136,97,75,76
15079,Soyaniquilpan de Juárez,2022,MUJERES,7452,618,654,660,634,606,637,630,555,490,455,389,316,254,191,130,94,77,62
15079,Soyaniquilpan de Juárez,2023,HOMBRES,7383,659,670,681,634,626,611,602,525,438,400,358,315,266,199,140,100,78,81
15079,Soyaniquilpan de Juárez,2023,MUJERES,7526,612,652,650,633,610,643,644,566,497,459,398,324,263,199,135,97,80,64
15079,Soyaniquilpan de Juárez,2024,HOMBRES,7447,653,667,670,634,626,617,616,541,450,397,361,320,274,207,146,102,81,85
15079,Soyaniquilpan de Juárez,2024,MUJERES,7598,608,649,641,633,612,650,656,577,505,460,406,332,271,208,141,99,83,67
15079,Soyaniquilpan de Juárez,2025,HOMBRES,7510,646,667,658,632,625,623,626,557,464,396,363,325,281,215,153,105,84,90
15079,Soyaniquilpan de Juárez,2025,MUJERES,7665,602,650,629,631,613,658,666,588,514,462,413,340,279,216,147,102,86,69
15080,Sultepec,2015,HOMBRES,12965,1631,1527,1621,1409,1061,812,681,618,644,621,549,434,334,303,260,202,154,104
15080,Sultepec,2015,MUJERES,14296,1599,1548,1598,1499,1237,972,850,812,788,692,575,451,363,348,349,278,175,162
15080,Sultepec,2016,HOMBRES,12687,1566,1494,1555,1358,1027,799,680,612,636,609,542,439,344,302,261,202,151,110
15080,Sultepec,2016,MUJERES,13986,1541,1518,1540,1435,1195,969,848,793,772,688,579,461,369,340,335,269,173,161
15080,Sultepec,2017,HOMBRES,12398,1501,1454,1495,1304,990,784,679,611,624,597,534,444,354,300,260,202,148,117
15080,Sultepec,2017,MUJERES,13670,1481,1482,1487,1374,1150,965,845,776,753,683,582,470,376,333,321,260,172,160
15080,Sultepec,2018,HOMBRES,12117,1440,1411,1441,1253,953,767,676,614,611,584,524,448,363,301,259,202,145,125
15080,Sultepec,2018,MUJERES,13360,1423,1445,1438,1313,1108,960,842,762,732,677,584,478,382,328,307,252,170,159
15080,Sultepec,2019,HOMBRES,11836,1382,1367,1392,1199,919,747,672,620,598,569,513,452,372,302,258,201,142,131
15080,Sultepec,2019,MUJERES,13057,1371,1406,1393,1253,1069,952,838,750,709,670,585,486,387,324,293,244,169,158
15080,Sultepec,2020,HOMBRES,11526,1335,1322,1340,1144,888,724,667,630,584,551,500,451,376,300,249,196,136,133
15080,Sultepec,2020,MUJERES,12740,1329,1366,1345,1190,1034,944,836,740,687,660,585,492,390,318,275,232,165,152
15080,Sultepec,2021,HOMBRES,11402,1344,1293,1326,1124,871,734,679,628,555,536,490,445,367,294,250,200,136,130
15080,Sultepec,2021,MUJERES,12612,1275,1319,1325,1186,1042,917,829,746,692,654,586,492,400,332,273,230,163,151
15080,Sultepec,2022,HOMBRES,11296,1319,1259,1303,1113,863,724,683,636,549,522,485,443,370,300,254,203,138,132
15080,Sultepec,2022,MUJERES,12515,1251,1287,1302,1175,1039,907,830,744,683,645,586,491,404,342,278,234,165,152
15080,Sultepec,2023,HOMBRES,11221,1291,1232,1277,1105,853,713,685,644,547,509,480,443,376,310,263,211,143,139
15080,Sultepec,2023,MUJERES,12440,1224,1258,1276,1169,1033,897,831,742,677,635,587,492,409,354,288,242,169,157
15080,Sultepec,2024,HOMBRES,11138,1259,1210,1247,1097,840,703,685,650,550,495,474,442,381,319,273,219,149,145
15080,Sultepec,2024,MUJERES,12345,1193,1235,1245,1158,1023,889,829,740,672,623,585,491,413,365,299,250,174,161
15080,Sultepec,2025,HOMBRES,11052,1225,1188,1218,1089,826,695,682,655,555,483,466,439,385,328,286,226,154,152
15080,Sultepec,2025,MUJERES,12251,1162,1214,1217,1145,1011,882,824,738,668,610,581,491,417,376,313,258,178,166
15081,Tecámac,2015,HOMBRES,225375,22453,22687,23486,21107,18256,17301,18311,18976,18796,14973,10198,6738,4587,3142,2066,1192,617,489
15081,Tecámac,2015,MUJERES,236199,20679,22907,23112,20322,18532,19404,21743,22225,19797,14439,10229,7333,5274,3935,2625,1703,1121,819
15081,Tecámac,2016,HOMBRES,234276,22059,23068,24076,22140,19293,18240,18940,19172,19383,15952,11125,7445,5078,3437,2304,1342,690,532
15081,Tecámac,2016,MUJERES,245928,20485,23057,23630,21366,19444,20069,22184,22757,20957,15778,11262,8078,5824,4246,2875,1855,1182,879
15081,Tecámac,2017,HOMBRES,243319,21613,23356,24722,23194,20298,19170,19558,19481,19866,16951,12094,8208,5613,3765,2564,1511,773,582
15081,Tecámac,2017,MUJERES,255841,20239,23124,24182,22437,20327,20733,22596,23340,22053,17215,12362,8881,6419,4587,3141,2017,1247,941
15081,Tecámac,2018,HOMBRES,252681,21174,23554,25454,24243,21331,20079,20148,19934,20277,17962,13114,9031,6193,4140,2847,1699,865,636
15081,Tecámac,2018,MUJERES,266129,19998,23117,24789,23511,21241,21381,22990,23997,23101,18748,13542,9746,7060,4972,3423,2193,1315,1005
15081,Tecámac,2019,HOMBRES,262301,20756,23683,26230,25255,22434,20934,20691,20517,20657,18960,14184,9907,6812,4572,3148,1905,966,690
15081,Tecámac,2019,MUJERES,276772,19781,23054,25430,24555,22223,21980,23367,24712,24122,20359,14808,10667,7743,5412,3718,2382,1387,1072
15081,Tecámac,2020,HOMBRES,272234,20588,23834,26937,26177,23614,21737,21265,21230,21038,19916,15332,10815,7429,5026,3431,2095,1049,721
15081,Tecámac,2020,MUJERES,288247,19789,22998,26012,25537,23321,22572,23836,25530,25168,22061,16241,11678,8472,5897,4011,2567,1446,1111
15081,Tecámac,2021,HOMBRES,277894,20804,23919,27165,26345,23587,22574,22535,22535,22143,20102,15388,10762,7607,5146,3412,2060,1035,775
15081,Tecámac,2021,MUJERES,291789,20070,23108,26219,25375,23698,22440,24355,26132,24668,22337,16855,12328,8821,6132,4046,2609,1469,1127
15081,Tecámac,2022,HOMBRES,282858,21037,24084,27323,26408,23717,22900,23519,23679,22606,20152,15661,11053,7901,5358,3472,2095,1059,834
15081,Tecámac,2022,MUJERES,297395,20291,23267,26327,25409,23900,22756,25274,27057,25152,22685,17373,12752,9216,6428,4142,2662,1506,1198
15081,Tecámac,2023,HOMBRES,288667,21221,24354,27391,26538,23799,23242,24534,24911,23325,20226,15981,11406,8272,5651,3609,2172,1109,926
15081,Tecámac,2023,MUJERES,303528,20465,23529,26366,25483,24055,23094,26223,28030,25754,22986,17924,13224,9674,6787,4309,2752,1568,1305
15081,Tecámac,2024,HOMBRES,294526,21333,24724,27401,26697,23810,23618,25500,26148,24230,20279,16253,11743,8639,5946,3771,2246,1162,1026
15081,Tecámac,2024,MUJERES,309673,20569,23893,26353,25570,24133,23482,27148,29033,26429,23230,18445,13696,10134,7152,4508,2841,1634,1423
15081,Tecámac,2025,HOMBRES,300434,21440,25111,27395,26834,23773,24038,26381,27399,25296,20368,16460,12068,8996,6244,3960,2318,1216,1137
15081,Tecámac,2025,MUJERES,315820,20671,24266,26325,25629,24151,23931,28014,30088,27160,23463,18912,14174,10591,7523,4739,2929,1703,1551
15082,Tejupilco,2015,HOMBRES,38560,4720,4597,4527,4123,3460,2790,2253,1931,1876,1747,1596,1287,934,766,674,546,387,346
15082,Tejupilco,2015,MUJERES,41068,4488,4326,4487,4342,3904,3230,2685,2273,2041,1928,1742,1351,1040,896,793,647,477,418
15082,Tejupilco,2016,HOMBRES,38641,4660,4591,4470,4098,3467,2850,2317,1935,1866,1740,1597,1317,978,780,671,538,398,368
15082,Tejupilco,2016,MUJERES,41239,4457,4343,4421,4302,3896,3296,2748,2302,2071,1933,1753,1399,1081,897,789,639,483,429
15082,Tejupilco,2017,HOMBRES,38683,4591,4570,4422,4070,3462,2904,2380,1951,1846,1730,1592,1346,1023,795,668,531,409,393
15082,Tejupilco,2017,MUJERES,41374,4419,4347,4363,4263,3877,3362,2810,2337,2091,1937,1761,1447,1122,899,782,630,489,438
15082,Tejupilco,2018,HOMBRES,38728,4526,4534,4390,4036,3455,2952,2440,1983,1820,1717,1585,1374,1070,815,665,524,423,419
15082,Tejupilco,2018,MUJERES,41513,4385,4342,4316,4218,3859,3426,2872,2381,2103,1939,1766,1495,1164,906,775,622,496,448
15082,Tejupilco,2019,HOMBRES,38755,4467,4488,4367,3992,3453,2989,2496,2028,1793,1699,1576,1399,1115,839,659,516,436,443
15082,Tejupilco,2019,MUJERES,41636,4358,4328,4277,4161,3849,3481,2935,2430,2110,1937,1770,1541,1204,916,765,614,503,457
15082,Tejupilco,2020,HOMBRES,38615,4431,4429,4323,3926,3450,3013,2550,2082,1764,1666,1553,1408,1147,852,637,494,437,453
15082,Tejupilco,2020,MUJERES,41650,4351,4297,4219,4089,3845,3531,3003,2484,2114,1923,1765,1579,1236,921,742,596,502,453
15082,Tejupilco,2021,HOMBRES,38872,4453,4344,4333,3965,3529,3086,2647,2140,1746,1643,1578,1391,1123,845,642,524,445,438
15082,Tejupilco,2021,MUJERES,41634,4274,4229,4226,4107,3848,3469,2972,2485,2112,1949,1771,1619,1287,965,752,596,506,467
15082,Tejupilco,2022,HOMBRES,39042,4417,4278,4328,4001,3564,3085,2687,2188,1748,1629,1589,1402,1141,869,659,546,458,453
15082,Tejupilco,2022,MUJERES,41853,4239,4165,4215,4140,3891,3470,3001,2502,2116,1958,1801,1642,1315,999,777,623,522,477
15082,Tejupilco,2023,HOMBRES,39303,4369,4228,4308,4046,3590,3083,2725,2238,1768,1617,1603,1420,1169,904,690,579,483,483
15082,Tejupilco,2023,MUJERES,42135,4194,4117,4192,4179,3924,3472,3029,2520,2128,1963,1833,1669,1349,1042,816,661,548,499
15082,Tejupilco,2024,HOMBRES,39551,4307,4195,4278,4095,3605,3085,2753,2285,1801,1602,1612,1435,1194,940,726,614,510,514
15082,Tejupilco,2024,MUJERES,42400,4133,4088,4161,4221,3945,3480,3049,2537,2145,1962,1861,1694,1381,1085,862,699,575,522
15082,Tejupilco,2025,HOMBRES,39776,4242,4164,4244,4141,3612,3091,2769,2328,1844,1591,1614,1447,1216,974,768,648,537,546
15082,Tejupilco,2025,MUJERES,42646,4071,4059,4129,4256,3956,3496,3060,2555,2165,1959,1882,1718,1411,1127,914,738,603,547
15083,Temamatla,2015,HOMBRES,6493,680,733,653,584,515,540,564,500,441,357,280,209,147,109,79,50,29,23
15083,Temamatla,2015,MUJERES,6845,623,654,686,620,608,623,601,556,485,361,275,217,166,126,91,64,49,40
15083,Temamatla,2016,HOMBRES,6614,680,734,663,596,529,552,572,504,448,365,290,219,157,114,82,53,31,25
15083,Temamatla,2016,MUJERES,6944,625,657,682,628,612,631,612,559,493,378,291,228,174,129,93,65,47,40
15083,Temamatla,2017,HOMBRES,6728,680,732,672,609,542,562,579,512,453,373,298,230,166,119,86,56,33,26
15083,Temamatla,2017,MUJERES,7040,623,657,681,638,615,640,622,563,498,394,306,240,182,132,96,67,46,40
15083,Temamatla,2018,HOMBRES,6846,679,729,687,622,555,571,586,523,456,380,307,240,176,124,89,59,35,28
15083,Temamatla,2018,MUJERES,7130,620,657,680,643,617,648,633,569,502,412,322,251,190,136,98,68,44,40
15083,Temamatla,2019,HOMBRES,6963,680,725,702,631,569,578,591,538,459,386,315,250,186,131,93,62,37,30
15083,Temamatla,2019,MUJERES,7226,620,656,680,650,621,654,643,577,504,429,339,263,198,140,100,70,43,39
15083,Temamatla,2020,HOMBRES,7052,683,718,714,638,582,582,595,555,462,388,321,258,194,136,94,64,38,30
15083,Temamatla,2020,MUJERES,7308,623,655,676,651,626,659,655,585,506,444,355,274,205,144,101,70,41,38
15083,Temamatla,2021,HOMBRES,7095,680,714,708,639,581,595,620,567,459,394,327,258,196,135,93,61,38,30
15083,Temamatla,2021,MUJERES,7416,627,651,693,653,630,651,662,608,518,448,364,286,213,152,104,74,42,40
15083,Temamatla,2022,HOMBRES,7171,682,711,709,639,580,595,637,589,466,395,334,264,202,140,95,63,39,31
15083,Temamatla,2022,MUJERES,7511,628,649,696,653,632,652,678,623,527,456,375,294,221,159,107,77,42,42
15083,Temamatla,2023,HOMBRES,7275,682,714,711,642,578,596,655,613,478,397,341,272,209,147,100,65,41,34
15083,Temamatla,2023,MUJERES,7615,627,649,696,655,632,655,694,639,538,462,387,304,230,167,112,80,44,44
15083,Temamatla,2024,HOMBRES,7370,678,719,709,644,574,597,670,636,494,398,348,279,217,154,105,68,43,37
15083,Temamatla,2024,MUJERES,7720,624,655,696,658,631,658,708,655,550,467,397,313,239,175,118,84,45,47
15083,Temamatla,2025,HOMBRES,7463,675,721,709,648,569,599,683,659,513,399,353,285,223,161,111,70,45,40
15083,Temamatla,2025,MUJERES,7816,620,657,694,659,627,662,721,671,564,473,407,322,247,183,124,87,47,51
15084,Temascalapa,2015,HOMBRES,19791,2027,2001,1997,1968,1888,1621,1336,1201,1197,1082,894,694,536,449,355,231,158,156
15084,Temascalapa,2015,MUJERES,19982,1800,1894,1909,1884,1791,1603,1482,1451,1420,1219,968,720,520,412,344,250,179,136
15084,Temascalapa,2016,HOMBRES,20209,2008,2016,2026,2014,1908,1661,1389,1229,1228,1119,934,732,566,458,361,240,162,158
15084,Temascalapa,2016,MUJERES,20500,1823,1910,1945,1933,1821,1648,1530,1482,1456,1260,1010,763,557,429,355,256,179,143
15084,Temascalapa,2017,HOMBRES,20623,1987,2028,2061,2056,1921,1698,1444,1266,1254,1156,973,770,597,467,366,250,167,162
15084,Temascalapa,2017,MUJERES,21013,1843,1921,1988,1981,1847,1694,1579,1517,1484,1301,1051,808,595,448,365,263,178,150
15084,Temascalapa,2018,HOMBRES,21045,1966,2032,2105,2098,1933,1732,1498,1314,1275,1192,1012,810,629,479,371,261,173,165
15084,Temascalapa,2018,MUJERES,21532,1864,1927,2033,2028,1873,1739,1628,1558,1508,1342,1093,854,635,470,375,269,178,158
15084,Temascalapa,2019,HOMBRES,21464,1947,2030,2154,2134,1948,1760,1551,1372,1296,1225,1050,850,661,494,375,271,179,167
15084,Temascalapa,2019,MUJERES,22063,1889,1929,2085,2072,1904,1781,1679,1604,1529,1381,1135,901,676,495,384,276,178,165
15084,Temascalapa,2020,HOMBRES,21825,1940,2028,2193,2161,1965,1782,1605,1440,1318,1251,1083,883,686,503,370,275,180,162
15084,Temascalapa,2020,MUJERES,22582,1928,1930,2130,2108,1942,1822,1735,1656,1549,1415,1176,946,716,518,387,279,176,169
15084,Temascalapa,2021,HOMBRES,22156,1990,2000,2217,2170,1986,1833,1667,1461,1300,1243,1111,950,699,517,372,275,184,181
15084,Temascalapa,2021,MUJERES,22458,1860,1902,2086,2090,1957,1796,1737,1699,1573,1440,1182,907,727,523,378,274,176,151
15084,Temascalapa,2022,HOMBRES,22291,1978,1978,2197,2170,2001,1842,1705,1504,1311,1239,1125,965,716,531,375,276,189,189
15084,Temascalapa,2022,MUJERES,22621,1849,1880,2066,2090,1976,1805,1765,1726,1588,1455,1210,926,747,540,384,277,182,155
15084,Temascalapa,2023,HOMBRES,22479,1962,1963,2170,2173,2010,1851,1742,1550,1335,1236,1141,985,738,552,385,283,200,203
15084,Temascalapa,2023,MUJERES,22806,1832,1866,2039,2091,1990,1815,1792,1753,1609,1467,1239,948,772,562,396,283,190,162
15084,Temascalapa,2024,HOMBRES,22654,1939,1956,2138,2178,2012,1862,1773,1593,1369,1231,1154,1003,758,573,398,289,210,218
15084,Temascalapa,2024,MUJERES,22973,1808,1856,2010,2091,1998,1827,1815,1780,1634,1475,1265,969,795,582,410,289,199,170
15084,Temascalapa,2025,HOMBRES,22812,1913,1946,2107,2179,2011,1875,1796,1634,1410,1228,1161,1019,777,593,413,295,222,233
15084,Temascalapa,2025,MUJERES,23136,1785,1850,1978,2091,2000,1844,1832,1807,1661,1481,1287,990,817,603,427,295,209,179
15085,Temascalcingo,2015,HOMBRES,31155,3427,3388,3539,3384,2811,2227,1921,1753,1733,1561,1284,1035,869,740,580,412,260,231
15085,Temascalcingo,2015,MUJERES,34158,3439,3393,3592,3433,3145,2733,2393,2141,1948,1719,1513,1188,878,771,701,531,350,290
15085,Temascalcingo,2016,HOMBRES,31467,3392,3381,3506,3379,2840,2308,1987,1760,1741,1592,1338,1090,899,737,589,425,265,238
15085,Temascalcingo,2016,MUJERES,34343,3382,3352,3527,3411,3129,2769,2438,2170,2000,1768,1550,1233,920,778,704,540,359,313
15085,Temascalcingo,2017,HOMBRES,31750,3349,3361,3484,3372,2859,2384,2053,1777,1739,1621,1390,1146,928,735,597,438,272,245
15085,Temascalcingo,2017,MUJERES,34498,3319,3301,3466,3387,3104,2803,2482,2205,2043,1817,1584,1277,962,787,706,549,368,338
15085,Temascalcingo,2018,HOMBRES,32038,3310,3330,3475,3357,2876,2457,2118,1809,1731,1647,1442,1203,958,737,605,451,279,253
15085,Temascalcingo,2018,MUJERES,34658,3259,3243,3418,3359,3080,2835,2525,2248,2078,1865,1616,1322,1004,799,706,558,378,365
15085,Temascalcingo,2019,HOMBRES,32312,3277,3293,3468,3337,2896,2521,2179,1853,1722,1669,1491,1260,986,742,610,464,286,258
15085,Temascalcingo,2019,MUJERES,34812,3206,3179,3374,3321,3062,2860,2568,2296,2109,1910,1647,1366,1046,816,704,566,389,393
15085,Temascalcingo,2020,HOMBRES,32446,3261,3248,3447,3295,2915,2573,2237,1905,1710,1677,1532,1305,999,738,600,465,286,253
15085,Temascalcingo,2020,MUJERES,34880,3168,3109,3316,3270,3050,2879,2615,2347,2136,1945,1674,1404,1080,826,690,565,393,413
15085,Temascalcingo,2021,HOMBRES,32385,3214,3129,3408,3230,2923,2624,2282,1955,1700,1648,1521,1303,1000,755,596,463,321,313
15085,Temascalcingo,2021,MUJERES,35048,3132,3081,3287,3328,3109,2865,2659,2378,2131,1962,1705,1433,1118,849,703,581,370,357
15085,Temascalcingo,2022,HOMBRES,32469,3167,3066,3366,3226,2948,2636,2329,2009,1702,1626,1525,1316,1024,783,610,476,334,326
15085,Temascalcingo,2022,MUJERES,35207,3087,3016,3242,3328,3145,2879,2704,2410,2138,1964,1730,1457,1151,883,722,600,384,367
15085,Temascalcingo,2023,HOMBRES,32627,3112,3012,3310,3230,2966,2647,2374,2066,1722,1605,1532,1335,1056,821,636,498,355,350
15085,Temascalcingo,2023,MUJERES,35404,3031,2963,3184,3333,3172,2893,2747,2443,2153,1960,1755,1484,1189,925,753,628,404,387
15085,Temascalcingo,2024,HOMBRES,32767,3048,2972,3245,3237,2974,2660,2410,2119,1753,1582,1533,1351,1086,858,668,520,377,374
15085,Temascalcingo,2024,MUJERES,35579,2965,2923,3120,3337,3187,2912,2783,2475,2172,1950,1776,1509,1226,966,789,655,426,408
15085,Temascalcingo,2025,HOMBRES,32890,2981,2931,3181,3237,2976,2677,2436,2169,1794,1562,1527,1364,1113,895,704,542,400,401
15085,Temascalcingo,2025,MUJERES,35736,2898,2884,3055,3336,3194,2937,2810,2507,2194,1939,1789,1532,1261,1007,832,683,449,429
15086,Temascaltepec,2015,HOMBRES,15938,1985,1788,1856,1647,1468,1243,980,850,824,755,676,532,380,292,239,183,128,112
15086,Temascaltepec,2015,MUJERES,16595,1833,1834,1835,1703,1494,1282,1124,982,903,794,676,533,394,325,280,223,195,185
15086,Temascaltepec,2016,HOMBRES,16271,1984,1829,1860,1676,1487,1278,1029,868,834,771,696,559,407,307,246,185,134,121
15086,Temascaltepec,2016,MUJERES,16905,1838,1845,1851,1719,1513,1322,1161,1005,925,819,703,561,416,333,285,227,196,186
15086,Temascaltepec,2017,HOMBRES,16597,1976,1863,1871,1706,1501,1312,1080,893,841,785,713,586,436,323,253,187,141,130
15086,Temascaltepec,2017,MUJERES,17199,1839,1851,1869,1734,1528,1362,1198,1030,943,844,730,589,439,341,289,231,196,186
15086,Temascaltepec,2018,HOMBRES,16933,1972,1892,1889,1733,1514,1342,1131,926,845,799,731,613,467,342,260,189,148,140
15086,Temascaltepec,2018,MUJERES,17499,1842,1853,1893,1747,1543,1402,1236,1060,958,869,757,618,462,350,293,234,197,185
15086,Temascaltepec,2019,HOMBRES,17262,1970,1915,1909,1756,1529,1368,1181,966,848,810,747,640,498,363,266,191,156,149
15086,Temascaltepec,2019,MUJERES,17805,1849,1852,1919,1755,1561,1440,1275,1094,971,893,784,647,486,362,297,238,198,184
15086,Temascaltepec,2020,HOMBRES,17545,1981,1935,1921,1771,1545,1389,1233,1012,850,816,758,662,525,381,266,188,159,153
15086,Temascaltepec,2020,MUJERES,18080,1865,1843,1940,1757,1584,1476,1317,1130,983,913,809,674,508,373,295,238,196,179
15086,Temascaltepec,2021,HOMBRES,17753,1994,1918,1962,1785,1605,1446,1268,1052,849,824,766,660,505,364,264,196,164,131
15086,Temascaltepec,2021,MUJERES,18356,1862,1841,1926,1784,1594,1471,1355,1154,1002,929,835,702,547,407,304,241,198,204
15086,Temascaltepec,2022,HOMBRES,18020,1999,1911,1971,1810,1639,1468,1308,1092,863,829,780,673,518,376,271,204,171,137
15086,Temascaltepec,2022,MUJERES,18657,1865,1834,1933,1809,1630,1495,1392,1182,1020,946,861,721,563,423,314,253,206,210
15086,Temascaltepec,2023,HOMBRES,18328,1998,1911,1973,1838,1669,1491,1347,1135,886,834,797,689,535,393,285,217,183,147
15086,Temascaltepec,2023,MUJERES,18979,1862,1834,1932,1836,1663,1521,1430,1210,1042,960,887,741,582,441,329,268,218,223
15086,Temascaltepec,2024,HOMBRES,18634,1990,1921,1969,1869,1694,1516,1383,1176,916,838,811,705,552,410,300,230,195,159
15086,Temascaltepec,2024,MUJERES,19298,1852,1843,1928,1863,1690,1549,1465,1239,1067,972,912,761,601,460,347,283,230,236
15086,Temascaltepec,2025,HOMBRES,18932,1980,1928,1966,1898,1716,1543,1413,1218,952,844,822,719,567,426,318,243,208,171
15086,Temascaltepec,2025,MUJERES,19614,1841,1850,1924,1889,1714,1582,1495,1269,1094,984,934,781,618,479,368,299,243,250
15087,Temoaya,2015,HOMBRES,51540,6000,6023,6006,5395,5022,4575,3803,3247,2961,2381,1881,1412,975,728,524,322,188,97
15087,Temoaya,2015,MUJERES,54732,6332,6247,5985,5499,5120,4720,4288,3753,3207,2564,2004,1451,1006,819,718,463,276,280
15087,Temoaya,2016,HOMBRES,51802,5879,5937,5972,5445,5023,4608,3883,3258,2986,2448,1952,1473,1025,745,537,334,192,105
15087,Temoaya,2016,MUJERES,54793,6075,6108,5925,5488,5088,4754,4337,3786,3294,2665,2083,1519,1063,834,717,478,288,291
15087,Temoaya,2017,HOMBRES,52018,5748,5829,5953,5492,5005,4630,3960,3290,2995,2513,2020,1533,1076,764,550,348,198,114
15087,Temoaya,2017,MUJERES,54816,5816,5952,5874,5475,5041,4785,4381,3829,3365,2768,2160,1588,1122,850,715,492,301,302
15087,Temoaya,2018,HOMBRES,52215,5620,5704,5954,5526,4984,4640,4032,3346,2992,2573,2086,1593,1127,786,563,362,204,123
15087,Temoaya,2018,MUJERES,54841,5572,5784,5837,5451,4995,4811,4423,3883,3424,2870,2236,1657,1183,869,711,507,315,313
15087,Temoaya,2019,HOMBRES,52388,5501,5569,5960,5546,4969,4630,4093,3425,2986,2627,2149,1652,1178,813,573,375,210,132
15087,Temoaya,2019,MUJERES,54863,5346,5610,5807,5414,4957,4823,4463,3945,3475,2969,2311,1726,1243,893,706,522,329,324
15087,Temoaya,2020,HOMBRES,52341,5410,5419,5931,5522,4945,4591,4142,3512,2974,2661,2200,1694,1215,831,568,379,211,136
15087,Temoaya,2020,MUJERES,54737,5156,5423,5741,5341,4921,4817,4502,4007,3517,3055,2382,1787,1297,912,687,528,339,325
15087,Temoaya,2021,HOMBRES,51846,5376,5321,5770,5350,4900,4703,4256,3579,2950,2654,2206,1682,1151,757,526,331,203,131
15087,Temoaya,2021,MUJERES,54911,5057,5285,5774,5426,4996,4730,4524,4047,3476,3004,2381,1824,1396,1020,726,571,339,335
15087,Temoaya,2022,HOMBRES,51758,5307,5220,5689,5319,4905,4707,4339,3665,2941,2603,2204,1697,1175,780,533,333,205,136
15087,Temoaya,2022,MUJERES,54879,4987,5182,5690,5394,5017,4737,4588,4084,3467,2988,2404,1850,1429,1056,740,578,341,347
15087,Temoaya,2023,HOMBRES,51785,5225,5145,5594,5302,4900,4713,4422,3757,2964,2557,2208,1720,1209,815,552,343,212,147
15087,Temoaya,2023,MUJERES,54917,4905,5103,5592,5370,5029,4748,4651,4125,3472,2965,2429,1881,1470,1100,767,592,348,370
15087,Temoaya,2024,HOMBRES,51779,5125,5090,5487,5290,4879,4724,4490,3842,3007,2509,2204,1739,1241,848,575,351,220,158
15087,Temoaya,2024,MUJERES,54928,4808,5046,5483,5345,5024,4768,4705,4164,3485,2934,2448,1910,1509,1144,798,607,356,394
15087,Temoaya,2025,HOMBRES,51741,5026,5034,5379,5270,4849,4742,4536,3921,3066,2465,2190,1755,1269,881,602,359,227,170
15087,Temoaya,2025,MUJERES,54910,4712,4989,5374,5318,5005,4797,4743,4204,3502,2902,2458,1937,1544,1188,835,620,363,419
15088,Tenancingo,2015,HOMBRES,48835,5340,5377,5257,4823,4595,4145,3412,2941,2834,2503,2073,1637,1226,924,699,469,330,250
15088,Tenancingo,2015,MUJERES,51642,5214,4864,4960,4959,4839,4503,4038,3584,3230,2728,2273,1780,1350,1071,841,611,420,377
15088,Tenancingo,2016,HOMBRES,49574,5280,5369,5280,4912,4639,4237,3545,2989,2874,2561,2144,1712,1284,944,719,490,335,260
15088,Tenancingo,2016,MUJERES,52187,5131,4900,4994,4975,4800,4508,4093,3640,3317,2821,2349,1854,1411,1093,863,626,425,387
15088,Tenancingo,2017,HOMBRES,50281,5210,5340,5317,5001,4665,4322,3680,3059,2899,2616,2211,1788,1344,967,739,511,340,272
15088,Tenancingo,2017,MUJERES,52692,5039,4921,5035,4992,4748,4511,4145,3706,3390,2915,2421,1929,1473,1117,884,640,430,396
15088,Tenancingo,2018,HOMBRES,50986,5144,5293,5370,5082,4688,4396,3813,3153,2915,2667,2277,1865,1405,995,758,534,347,284
15088,Tenancingo,2018,MUJERES,53207,4954,4933,5090,5001,4698,4510,4195,3785,3451,3009,2493,2005,1536,1146,904,655,436,406
15088,Tenancingo,2019,HOMBRES,51682,5087,5237,5434,5149,4718,4453,3940,3272,2927,2710,2340,1941,1466,1029,775,556,353,295
15088,Tenancingo,2019,MUJERES,53705,4876,4933,5152,4997,4657,4497,4245,3874,3505,3099,2563,2080,1598,1181,922,670,442,414
15088,Tenancingo,2020,HOMBRES,52185,5060,5166,5472,5183,4748,4489,4064,3407,2938,2732,2387,1998,1506,1051,774,565,350,295
15088,Tenancingo,2020,MUJERES,54092,4828,4921,5192,4968,4628,4477,4301,3970,3555,3173,2627,2144,1647,1210,924,675,441,411
15088,Tenancingo,2021,HOMBRES,51724,5004,5129,5365,4973,4640,4418,4158,3500,2921,2718,2356,1998,1515,1062,773,546,352,296
15088,Tenancingo,2021,MUJERES,55159,4855,4826,5241,5141,4814,4637,4403,4043,3572,3211,2739,2225,1716,1256,928,703,442,407
15088,Tenancingo,2022,HOMBRES,52084,4985,5076,5318,4957,4668,4453,4271,3612,2941,2705,2386,2039,1562,1099,786,559,361,306
15088,Tenancingo,2022,MUJERES,55611,4835,4772,5191,5130,4858,4674,4495,4111,3598,3237,2807,2284,1775,1306,949,722,452,415
15088,Tenancingo,2023,HOMBRES,52572,4951,5044,5255,4954,4685,4489,4384,3732,2992,2695,2422,2090,1623,1151,817,583,379,326
15088,Tenancingo,2023,MUJERES,56142,4801,4739,5126,5128,4892,4715,4587,4181,3638,3255,2879,2349,1845,1367,985,751,470,434
15088,Tenancingo,2024,HOMBRES,53035,4901,5031,5180,4953,4688,4530,4483,3846,3065,2682,2450,2137,1682,1203,853,607,398,346
15088,Tenancingo,2024,MUJERES,56654,4750,4724,5053,5127,4910,4765,4670,4251,3687,3264,2945,2414,1913,1429,1029,781,489,453
15088,Tenancingo,2025,HOMBRES,53481,4848,5020,5105,4950,4681,4579,4562,3957,3156,2673,2467,2181,1737,1254,896,630,417,368
15088,Tenancingo,2025,MUJERES,57138,4698,4710,4975,5120,4915,4825,4739,4324,3741,3271,3001,2478,1979,1490,1080,809,509,474
15089,Tenango del Aire,2015,HOMBRES,6292,632,673,611,591,550,497,446,403,396,356,306,255,196,139,95,64,43,39
15089,Tenango del Aire,2015,MUJERES,6389,562,559,614,564,564,563,534,482,425,372,318,232,164,133,115,93,59,36
15089,Tenango del Aire,2016,HOMBRES,6158,602,643,593,580,542,494,441,387,380,351,307,258,200,139,95,64,43,39
15089,Tenango del Aire,2016,MUJERES,6274,537,555,585,548,547,547,519,470,423,372,320,241,172,133,115,93,59,38
15089,Tenango del Aire,2017,HOMBRES,6028,576,611,581,570,533,489,436,374,363,344,307,260,204,140,95,64,43,38
15089,Tenango del Aire,2017,MUJERES,6158,511,548,559,537,529,532,504,458,419,371,321,250,180,134,114,92,59,40
15089,Tenango del Aire,2018,HOMBRES,5890,549,578,567,560,523,482,430,364,345,337,306,262,207,141,95,64,43,37
15089,Tenango del Aire,2018,MUJERES,6046,489,541,536,522,511,516,489,448,413,370,323,259,188,136,112,92,59,42
15089,Tenango del Aire,2019,HOMBRES,5756,525,547,555,547,513,474,423,356,327,330,304,264,210,143,95,64,43,36
15089,Tenango del Aire,2019,MUJERES,5940,468,533,515,508,496,500,475,440,406,368,323,268,197,138,111,91,59,44
15089,Tenango del Aire,2020,HOMBRES,5600,504,513,543,530,504,464,415,351,310,319,301,263,210,143,92,63,42,33
15089,Tenango del Aire,2020,MUJERES,5821,450,523,493,491,481,483,462,432,399,364,323,276,205,139,107,89,58,46
15089,Tenango del Aire,2021,HOMBRES,5377,489,487,502,485,469,455,408,356,316,310,291,257,203,120,89,64,41,35
15089,Tenango del Aire,2021,MUJERES,5752,435,511,502,500,488,464,458,419,372,357,324,273,206,159,104,84,55,41
15089,Tenango del Aire,2022,HOMBRES,5249,475,471,486,468,454,440,403,356,308,299,286,254,202,119,88,64,40,36
15089,Tenango del Aire,2022,MUJERES,5618,421,493,484,484,475,450,451,412,363,349,322,270,204,159,103,83,54,41
15089,Tenango del Aire,2023,HOMBRES,5133,459,456,468,453,438,426,398,356,304,289,281,251,202,120,89,65,41,37
15089,Tenango del Aire,2023,MUJERES,5496,406,479,465,468,460,436,445,406,356,340,320,268,204,161,104,83,54,41
15089,Tenango del Aire,2024,HOMBRES,5015,442,442,449,439,422,413,392,355,302,279,276,248,201,121,90,65,41,38
15089,Tenango del Aire,2024,MUJERES,5374,392,466,445,453,445,424,437,399,350,331,318,265,203,162,105,83,54,42
15089,Tenango del Aire,2025,HOMBRES,4902,426,432,431,426,405,401,384,353,301,269,270,244,200,122,92,66,41,39
15089,Tenango del Aire,2025,MUJERES,5249,376,452,428,438,429,413,428,393,344,322,314,263,201,163,106,83,53,43
15090,Tenango del Valle,2015,HOMBRES,43407,4966,4652,4296,4209,4205,3826,3129,2676,2567,2270,1908,1519,1107,780,533,364,235,165
15090,Tenango del Valle,2015,MUJERES,45151,4281,4524,4502,4319,4266,3921,3441,3107,2884,2530,2134,1558,1045,823,707,520,338,251
15090,Tenango del Valle,2016,HOMBRES,43851,4840,4651,4331,4256,4228,3909,3232,2687,2570,2305,1960,1573,1152,799,557,381,244,176
15090,Tenango del Valle,2016,MUJERES,45482,4285,4497,4463,4326,4252,3944,3475,3115,2921,2583,2186,1628,1110,847,715,525,341,269
15090,Tenango del Valle,2017,HOMBRES,44263,4707,4633,4378,4301,4235,3986,3335,2716,2559,2336,2008,1628,1197,821,581,399,255,188
15090,Tenango del Valle,2017,MUJERES,45771,4281,4457,4430,4330,4225,3966,3506,3131,2945,2634,2234,1699,1177,872,722,530,345,287
15090,Tenango del Valle,2018,HOMBRES,44666,4578,4599,4438,4339,4240,4054,3436,2766,2540,2362,2053,1682,1243,847,605,417,266,201
15090,Tenango del Valle,2018,MUJERES,46061,4281,4405,4411,4328,4200,3984,3537,3156,2957,2684,2280,1771,1247,902,727,535,349,307
15090,Tenango del Valle,2019,HOMBRES,45066,4459,4556,4508,4367,4252,4107,3531,2835,2518,2383,2096,1734,1287,878,627,436,278,214
15090,Tenango del Valle,2019,MUJERES,46349,4288,4349,4398,4317,4182,3992,3567,3189,2962,2729,2325,1843,1319,937,731,540,353,328
15090,Tenango del Valle,2020,HOMBRES,45275,4362,4502,4552,4366,4262,4139,3620,2915,2494,2382,2122,1768,1313,900,634,442,282,220
15090,Tenango del Valle,2020,MUJERES,46518,4319,4277,4363,4282,4173,3991,3600,3225,2961,2756,2361,1905,1384,969,723,536,352,341
15090,Tenango del Valle,2021,HOMBRES,44928,4362,4420,4527,4254,4277,4070,3542,2961,2458,2380,2177,1764,1311,864,612,439,282,228
15090,Tenango del Valle,2021,MUJERES,47117,4299,4252,4339,4350,4202,4096,3803,3291,2985,2768,2358,1952,1426,1039,739,538,345,335
15090,Tenango del Valle,2022,HOMBRES,45109,4345,4377,4491,4240,4293,4079,3616,3045,2468,2362,2196,1786,1339,887,619,445,284,237
15090,Tenango del Valle,2022,MUJERES,47354,4284,4209,4298,4333,4226,4109,3861,3330,3000,2786,2405,1988,1462,1072,751,547,348,345
15090,Tenango del Valle,2023,HOMBRES,45395,4317,4352,4441,4235,4300,4090,3689,3135,2504,2346,2222,1817,1378,922,639,460,294,254
15090,Tenango del Valle,2023,MUJERES,47652,4258,4185,4244,4323,4241,4124,3919,3370,3028,2797,2455,2030,1505,1115,776,563,356,363
15090,Tenango del Valle,2024,HOMBRES,45655,4274,4345,4382,4235,4293,4105,3749,3220,2559,2328,2239,1844,1414,956,664,474,303,271
15090,Tenango del Valle,2024,MUJERES,47928,4217,4176,4184,4315,4242,4147,3969,3410,3063,2801,2499,2070,1546,1157,806,579,364,383
15090,Tenango del Valle,2025,HOMBRES,45890,4230,4338,4320,4230,4277,4126,3792,3301,2627,2314,2247,1868,1447,990,693,487,313,290
15090,Tenango del Valle,2025,MUJERES,48178,4175,4170,4121,4300,4231,4179,4005,3452,3102,2803,2535,2109,1585,1199,841,594,373,404
15091,Teoloyucan,2015,HOMBRES,33512,3401,3352,3268,3287,3209,2874,2483,2247,2167,1922,1605,1199,835,600,429,304,196,134
15091,Teoloyucan,2015,MUJERES,34429,2998,3302,3388,3185,3054,2790,2601,2556,2486,2112,1712,1324,946,674,505,387,249,160
15091,Teoloyucan,2016,HOMBRES,33340,3292,3295,3235,3275,3180,2868,2481,2198,2142,1926,1621,1238,876,619,446,312,196,140
15091,Teoloyucan,2016,MUJERES,34339,2952,3221,3298,3172,3034,2797,2602,2518,2470,2135,1750,1372,995,699,520,388,247,169
15091,Teoloyucan,2017,HOMBRES,33141,3181,3225,3209,3263,3140,2856,2476,2164,2106,1927,1633,1275,919,640,464,320,197,146
15091,Teoloyucan,2017,MUJERES,34225,2901,3135,3218,3157,3004,2802,2600,2486,2442,2157,1785,1419,1046,727,535,389,245,177
15091,Teoloyucan,2018,HOMBRES,32941,3077,3148,3195,3244,3099,2836,2467,2147,2064,1923,1642,1312,962,665,481,328,198,153
15091,Teoloyucan,2018,MUJERES,34102,2854,3041,3144,3135,2975,2805,2597,2461,2405,2176,1817,1467,1097,758,550,390,243,187
15091,Teoloyucan,2019,HOMBRES,32722,2977,3064,3185,3217,3062,2805,2451,2144,2020,1914,1648,1346,1004,694,497,336,199,159
15091,Teoloyucan,2019,MUJERES,33974,2812,2944,3076,3107,2952,2800,2593,2442,2362,2191,1848,1513,1148,795,563,391,241,196
15091,Teoloyucan,2020,HOMBRES,32369,2894,2974,3156,3168,3024,2759,2430,2146,1973,1888,1640,1367,1037,720,504,335,194,160
15091,Teoloyucan,2020,MUJERES,33764,2782,2843,2998,3062,2933,2787,2591,2424,2315,2190,1871,1551,1194,832,569,385,236,201
15091,Teoloyucan,2021,HOMBRES,32470,2859,2908,3129,3131,3024,2792,2548,2177,1929,1842,1632,1479,1082,738,504,341,193,162
15091,Teoloyucan,2021,MUJERES,33361,2735,2776,2921,2996,2900,2720,2509,2436,2317,2226,1926,1491,1195,846,562,379,235,191
15091,Teoloyucan,2022,HOMBRES,32358,2813,2846,3067,3085,3003,2770,2577,2217,1922,1818,1647,1506,1110,759,510,347,197,164
15091,Teoloyucan,2022,MUJERES,33292,2691,2717,2859,2949,2884,2697,2518,2444,2311,2231,1968,1527,1233,876,571,386,238,192
15091,Teoloyucan,2023,HOMBRES,32329,2761,2799,2996,3046,2975,2749,2604,2260,1935,1797,1667,1541,1148,790,526,359,205,171
15091,Teoloyucan,2023,MUJERES,33266,2641,2669,2790,2907,2862,2675,2526,2453,2313,2230,2011,1568,1278,913,589,398,246,197
15091,Teoloyucan,2024,HOMBRES,32284,2701,2762,2921,3011,2938,2731,2622,2298,1961,1774,1681,1573,1183,821,545,371,213,178
15091,Teoloyucan,2024,MUJERES,33224,2582,2633,2716,2866,2831,2658,2528,2461,2321,2223,2051,1607,1321,950,611,409,254,202
15091,Teoloyucan,2025,HOMBRES,32218,2640,2726,2845,2971,2895,2717,2627,2332,1997,1754,1687,1603,1216,851,568,382,222,185
15091,Teoloyucan,2025,MUJERES,33171,2525,2598,2643,2822,2792,2647,2522,2470,2332,2214,2082,1646,1363,987,637,421,262,208
15092,Teotihuacán,2015,HOMBRES,28671,2765,2875,2884,2771,2677,2453,2023,1795,1880,1688,1375,1091,765,537,426,319,204,143
15092,Teotihuacán,2015,MUJERES,29687,2544,2642,2755,2746,2634,2450,2403,2338,2187,1868,1506,1093,775,599,467,326,187,167
15092,Teotihuacán,2016,HOMBRES,28719,2672,2803,2841,2779,2664,2460,2063,1800,1880,1713,1416,1134,806,560,441,328,207,152
15092,Teotihuacán,2016,MUJERES,29905,2486,2597,2725,2733,2619,2468,2413,2331,2217,1919,1565,1164,833,629,491,339,197,179
15092,Teotihuacán,2017,HOMBRES,28744,2579,2722,2805,2785,2639,2461,2101,1817,1871,1736,1454,1176,847,584,457,337,211,162
15092,Teotihuacán,2017,MUJERES,30104,2426,2546,2697,2718,2596,2485,2421,2330,2235,1968,1623,1237,894,661,515,353,207,192
15092,Teotihuacán,2018,HOMBRES,28763,2488,2634,2778,2786,2614,2455,2136,1847,1855,1754,1490,1217,889,612,472,347,216,173
15092,Teotihuacán,2018,MUJERES,30302,2368,2488,2674,2699,2573,2498,2426,2335,2245,2016,1679,1313,958,698,540,368,219,205
15092,Teotihuacán,2019,HOMBRES,28767,2403,2543,2755,2778,2591,2439,2165,1890,1836,1768,1523,1255,931,644,486,356,220,184
15092,Teotihuacán,2019,MUJERES,30499,2316,2427,2656,2673,2554,2505,2430,2346,2248,2060,1735,1390,1024,741,563,382,230,219
15092,Teotihuacán,2020,HOMBRES,28640,2333,2448,2716,2751,2566,2408,2189,1937,1814,1764,1546,1282,963,673,489,355,218,188
15092,Teotihuacán,2020,MUJERES,30615,2274,2361,2624,2630,2538,2503,2434,2355,2244,2090,1786,1465,1089,784,580,391,239,228
15092,Teotihuacán,2021,HOMBRES,28997,2372,2465,2709,2748,2599,2451,2238,1983,1798,1744,1559,1329,1002,706,508,373,217,196
15092,Teotihuacán,2021,MUJERES,30357,2202,2270,2582,2580,2505,2461,2448,2378,2252,2126,1825,1466,1092,782,558,376,239,215
15092,Teotihuacán,2022,HOMBRES,29069,2351,2434,2677,2724,2593,2445,2276,2032,1806,1733,1577,1351,1028,726,515,380,221,200
15092,Teotihuacán,2022,MUJERES,30500,2184,2239,2549,2558,2507,2456,2477,2405,2263,2144,1868,1503,1126,809,569,384,242,217
15092,Teotihuacán,2023,HOMBRES,29216,2323,2411,2637,2707,2581,2440,2312,2084,1832,1724,1599,1381,1062,756,532,394,230,211
15092,Teotihuacán,2023,MUJERES,30676,2156,2218,2506,2539,2503,2451,2505,2432,2283,2157,1914,1543,1166,843,589,397,250,224
15092,Teotihuacán,2024,HOMBRES,29351,2287,2400,2590,2693,2560,2438,2340,2132,1872,1713,1615,1407,1095,786,553,408,240,222
15092,Teotihuacán,2024,MUJERES,30839,2123,2206,2458,2520,2491,2452,2527,2458,2308,2163,1956,1583,1205,877,613,409,258,232
15092,Teotihuacán,2025,HOMBRES,29468,2251,2387,2544,2675,2535,2439,2357,2177,1922,1705,1625,1431,1125,815,577,421,249,233
15092,Teotihuacán,2025,MUJERES,30989,2090,2193,2413,2499,2472,2457,2540,2486,2337,2168,1991,1622,1242,910,642,421,266,240
15093,Tepetlaoxtoc,2015,HOMBRES,15622,1570,1521,1574,1533,1400,1252,1102,985,969,896,771,604,446,348,271,185,113,82
15093,Tepetlaoxtoc,2015,MUJERES,15855,1391,1455,1495,1453,1419,1313,1241,1196,1116,956,788,600,434,323,258,193,125,99
15093,Tepetlaoxtoc,2016,HOMBRES,15758,1541,1518,1565,1544,1420,1281,1128,987,970,907,790,626,466,355,273,187,115,85
15093,Tepetlaoxtoc,2016,MUJERES,16072,1384,1441,1495,1472,1434,1335,1253,1194,1134,988,821,632,461,336,264,194,129,105
15093,Tepetlaoxtoc,2017,HOMBRES,15885,1509,1513,1559,1555,1435,1308,1154,995,967,917,808,649,486,362,275,188,117,88
15093,Tepetlaoxtoc,2017,MUJERES,16276,1375,1426,1495,1489,1446,1358,1263,1195,1146,1020,852,665,489,350,269,195,132,111
15093,Tepetlaoxtoc,2018,HOMBRES,16014,1479,1502,1561,1565,1449,1333,1178,1011,960,924,824,671,507,371,277,190,120,92
15093,Tepetlaoxtoc,2018,MUJERES,16482,1364,1406,1500,1505,1458,1379,1273,1200,1154,1052,884,699,518,366,275,196,136,117
15093,Tepetlaoxtoc,2019,HOMBRES,16132,1452,1487,1564,1570,1466,1352,1200,1034,952,929,839,692,527,383,277,191,122,95
15093,Tepetlaoxtoc,2019,MUJERES,16692,1358,1384,1507,1517,1473,1398,1283,1208,1160,1082,916,733,547,385,279,197,141,124
15093,Tepetlaoxtoc,2020,HOMBRES,16185,1431,1470,1560,1566,1482,1366,1221,1061,944,926,848,706,540,390,271,187,122,94
15093,Tepetlaoxtoc,2020,MUJERES,16859,1358,1359,1506,1520,1490,1413,1294,1217,1163,1107,946,765,574,403,279,195,143,127
15093,Tepetlaoxtoc,2021,HOMBRES,16334,1407,1430,1558,1575,1497,1402,1245,1074,935,937,879,738,563,406,274,188,124,102
15093,Tepetlaoxtoc,2021,MUJERES,16889,1373,1361,1496,1499,1492,1389,1316,1250,1176,1114,952,763,573,404,276,195,138,122
15093,Tepetlaoxtoc,2022,HOMBRES,16436,1400,1415,1546,1572,1501,1405,1271,1106,942,935,893,753,578,419,278,191,125,106
15093,Tepetlaoxtoc,2022,MUJERES,17019,1366,1347,1482,1493,1500,1392,1337,1268,1188,1128,980,784,590,418,282,199,139,126
15093,Tepetlaoxtoc,2023,HOMBRES,16584,1389,1405,1529,1570,1503,1408,1297,1140,959,935,911,772,597,438,289,198,130,114
15093,Tepetlaoxtoc,2023,MUJERES,17174,1355,1337,1466,1491,1505,1395,1357,1287,1204,1140,1009,807,611,435,293,206,143,133
15093,Tepetlaoxtoc,2024,HOMBRES,16722,1373,1401,1508,1570,1499,1413,1318,1172,983,933,925,790,616,457,302,205,134,123
15093,Tepetlaoxtoc,2024,MUJERES,17315,1340,1333,1445,1488,1505,1401,1375,1306,1223,1148,1036,829,630,452,305,212,147,140
15093,Tepetlaoxtoc,2025,HOMBRES,16852,1357,1396,1487,1570,1492,1420,1334,1202,1013,933,935,807,633,475,316,211,139,132
15093,Tepetlaoxtoc,2025,MUJERES,17453,1325,1329,1424,1485,1501,1410,1388,1325,1244,1156,1060,852,649,469,319,218,151,148
15094,Tepetlixpa,2015,HOMBRES,10063,973,1003,949,975,1002,889,717,614,603,550,470,370,268,213,175,123,85,84
15094,Tepetlixpa,2015,MUJERES,10258,885,909,898,942,965,884,798,751,697,597,500,384,303,259,197,134,90,65
15094,Tepetlixpa,2016,HOMBRES,10091,958,995,946,973,992,897,733,613,600,557,481,381,279,215,175,125,85,86
15094,Tepetlixpa,2016,MUJERES,10355,884,913,899,942,956,893,813,756,705,610,515,400,313,259,201,137,91,68
15094,Tepetlixpa,2017,HOMBRES,10108,944,983,945,970,978,903,749,615,593,563,492,391,289,217,175,128,86,87
15094,Tepetlixpa,2017,MUJERES,10436,882,914,900,939,944,902,827,762,710,622,530,417,322,259,204,140,91,71
15094,Tepetlixpa,2018,HOMBRES,10127,930,967,947,967,965,907,764,622,585,569,501,402,300,220,175,130,87,89
15094,Tepetlixpa,2018,MUJERES,10521,880,915,904,937,932,910,841,771,712,634,544,433,332,261,206,143,92,74
15094,Tepetlixpa,2019,HOMBRES,10142,919,951,950,960,953,907,778,634,577,572,510,411,310,224,174,133,88,91
15094,Tepetlixpa,2019,MUJERES,10606,880,912,912,931,922,916,855,783,713,645,559,449,341,264,209,146,92,77
15094,Tepetlixpa,2020,HOMBRES,10113,910,933,949,950,941,903,790,648,568,571,516,416,316,226,168,132,87,89
15094,Tepetlixpa,2020,MUJERES,10661,884,906,914,923,915,920,871,795,712,653,571,463,347,264,207,147,91,78
15094,Tepetlixpa,2021,HOMBRES,10192,904,924,948,950,961,919,815,666,597,563,512,414,313,227,170,134,88,87
15094,Tepetlixpa,2021,MUJERES,10638,877,885,898,915,910,912,874,804,681,663,588,477,360,272,206,145,92,79
15094,Tepetlixpa,2022,HOMBRES,10233,897,910,939,946,967,922,832,685,601,559,516,419,319,232,172,137,90,90
15094,Tepetlixpa,2022,MUJERES,10693,869,872,886,913,916,915,887,816,684,666,600,486,368,281,210,148,95,81
15094,Tepetlixpa,2023,HOMBRES,10300,886,899,925,946,971,924,848,705,611,556,522,427,328,241,178,142,95,96
15094,Tepetlixpa,2023,MUJERES,10765,860,862,873,913,921,917,899,827,690,668,613,497,379,292,218,153,99,84
15094,Tepetlixpa,2024,HOMBRES,10360,872,894,909,947,971,927,861,723,626,552,526,433,336,249,185,147,100,102
15094,Tepetlixpa,2024,MUJERES,10829,847,855,856,912,922,922,910,839,697,668,623,508,390,303,228,158,103,88
15094,Tepetlixpa,2025,HOMBRES,10411,859,886,894,944,969,932,870,741,644,548,527,439,344,258,193,151,104,108
15094,Tepetlixpa,2025,MUJERES,10892,836,851,840,911,921,928,917,851,706,667,632,518,399,314,239,162,108,92
15095,Tepotzotlán,2015,HOMBRES,47184,4223,4295,4559,4397,4426,4225,3634,3219,3089,2815,2553,2041,1381,924,629,376,223,175
15095,Tepotzotlán,2015,MUJERES,49668,4264,4579,4244,4327,4661,4482,3999,3711,3545,3073,2544,1988,1462,1031,712,485,294,267
15095,Tepotzotlán,2016,HOMBRES,48146,4156,4322,4596,4511,4517,4343,3749,3236,3128,2885,2617,2123,1472,980,674,408,240,189
15095,Tepotzotlán,2016,MUJERES,50513,4158,4546,4332,4427,4662,4512,4067,3753,3607,3165,2664,2120,1567,1084,754,509,307,279
15095,Tepotzotlán,2017,HOMBRES,49079,4082,4330,4645,4622,4590,4453,3864,3273,3150,2952,2675,2204,1568,1042,720,444,259,206
15095,Tepotzotlán,2017,MUJERES,51319,4047,4496,4425,4523,4650,4539,4131,3804,3650,3257,2782,2257,1677,1142,796,533,320,290
15095,Tepotzotlán,2018,HOMBRES,50025,4011,4326,4707,4728,4662,4553,3976,3337,3161,3015,2729,2285,1668,1112,769,482,280,224
15095,Tepotzotlán,2018,MUJERES,52143,3942,4436,4533,4614,4637,4560,4194,3867,3680,3348,2901,2399,1792,1207,839,558,334,302
15095,Tepotzotlán,2019,HOMBRES,50960,3946,4310,4778,4823,4740,4635,4080,3422,3169,3069,2777,2362,1769,1194,818,523,303,242
15095,Tepotzotlán,2019,MUJERES,52977,3843,4371,4647,4695,4633,4570,4256,3940,3701,3433,3021,2545,1910,1282,882,585,349,314
15095,Tepotzotlán,2020,HOMBRES,51723,3910,4287,4826,4891,4817,4696,4180,3523,3174,3097,2805,2413,1854,1272,854,554,319,251
15095,Tepotzotlán,2020,MUJERES,53743,3777,4295,4744,4753,4640,4572,4325,4018,3715,3499,3135,2686,2024,1361,917,605,360,317
15095,Tepotzotlán,2021,HOMBRES,51728,3855,4232,4816,4865,4695,4596,4231,3610,3127,3060,2897,2601,1889,1280,854,552,324,244
15095,Tepotzotlán,2021,MUJERES,54488,3788,4224,4690,4740,4837,4721,4405,4062,3774,3612,3202,2653,2121,1439,927,613,359,321
15095,Tepotzotlán,2022,HOMBRES,52155,3827,4178,4770,4854,4720,4609,4312,3708,3152,3065,2963,2683,1963,1333,872,563,332,251
15095,Tepotzotlán,2022,MUJERES,55018,3760,4174,4639,4724,4878,4737,4460,4107,3805,3670,3317,2751,2215,1509,951,627,367,327
15095,Tepotzotlán,2023,HOMBRES,52715,3789,4140,4707,4853,4733,4623,4390,3811,3211,3072,3037,2780,2055,1405,909,585,348,267
15095,Tepotzotlán,2023,MUJERES,55624,3724,4139,4574,4713,4909,4754,4513,4153,3851,3719,3438,2858,2323,1592,992,650,381,341
15095,Tepotzotlán,2024,HOMBRES,53256,3736,4121,4633,4856,4731,4642,4453,3908,3293,3076,3102,2874,2146,1477,952,607,365,284
15095,Tepotzotlán,2024,MUJERES,56213,3672,4122,4501,4704,4922,4780,4556,4198,3907,3759,3554,2965,2432,1677,1040,672,396,356
15095,Tepotzotlán,2025,HOMBRES,53777,3684,4100,4558,4855,4719,4668,4496,4000,3394,3085,3154,2964,2235,1550,1003,628,383,301
15095,Tepotzotlán,2025,MUJERES,56783,3620,4105,4426,4691,4923,4816,4584,4245,3969,3796,3660,3074,2539,1762,1095,695,412,371
15096,Tequixquiac,2015,HOMBRES,18794,1796,1824,1895,1860,1778,1564,1348,1273,1260,1098,892,653,459,363,289,202,130,110
15096,Tequixquiac,2015,MUJERES,19087,1613,1775,1803,1773,1677,1583,1571,1508,1375,1116,900,701,502,373,307,237,144,129
15096,Tequixquiac,2016,HOMBRES,18993,1751,1813,1894,1876,1794,1605,1385,1264,1261,1124,925,689,488,374,297,208,132,113
15096,Tequixquiac,2016,MUJERES,19373,1593,1756,1806,1804,1712,1618,1579,1501,1402,1167,944,737,535,389,313,239,147,131
15096,Tequixquiac,2017,HOMBRES,19193,1708,1796,1901,1893,1804,1643,1421,1263,1256,1149,957,727,519,386,304,214,135,117
15096,Tequixquiac,2017,MUJERES,19643,1567,1733,1812,1832,1742,1652,1584,1497,1422,1219,987,774,570,407,319,241,151,134
15096,Tequixquiac,2018,HOMBRES,19379,1664,1771,1912,1904,1813,1678,1455,1271,1245,1171,988,765,550,400,312,221,138,121
15096,Tequixquiac,2018,MUJERES,19913,1544,1707,1820,1857,1772,1686,1589,1498,1437,1272,1031,811,605,427,324,243,154,136
15096,Tequixquiac,2019,HOMBRES,19568,1624,1745,1928,1912,1824,1706,1486,1288,1234,1191,1018,803,583,416,318,227,141,124
15096,Tequixquiac,2019,MUJERES,20187,1524,1677,1833,1879,1806,1715,1593,1502,1448,1324,1075,849,642,450,329,244,158,139
15096,Tequixquiac,2020,HOMBRES,19679,1595,1714,1932,1907,1834,1727,1514,1310,1221,1201,1043,835,610,429,317,227,140,123
15096,Tequixquiac,2020,MUJERES,20420,1512,1645,1838,1889,1844,1741,1598,1508,1456,1371,1119,884,677,472,327,242,160,137
15096,Tequixquiac,2021,HOMBRES,19870,1568,1689,1883,1902,1876,1761,1561,1378,1230,1226,1068,833,635,437,325,232,142,124
15096,Tequixquiac,2021,MUJERES,20411,1515,1622,1863,1872,1816,1719,1615,1512,1461,1363,1128,914,676,486,321,239,157,132
15096,Tequixquiac,2022,HOMBRES,19980,1554,1669,1864,1893,1878,1762,1598,1425,1244,1224,1082,846,651,451,331,237,144,127
15096,Tequixquiac,2022,MUJERES,20558,1502,1600,1843,1863,1823,1722,1645,1541,1479,1379,1156,937,696,505,329,245,159,134
15096,Tequixquiac,2023,HOMBRES,20138,1536,1655,1839,1889,1876,1764,1633,1475,1271,1222,1099,863,672,470,344,246,150,134
15096,Tequixquiac,2023,MUJERES,20727,1483,1586,1818,1856,1826,1725,1674,1571,1503,1391,1185,962,720,529,342,253,164,139
15096,Tequixquiac,2024,HOMBRES,20283,1512,1647,1810,1885,1867,1767,1664,1523,1307,1218,1112,879,692,490,359,255,156,140
15096,Tequixquiac,2024,MUJERES,20887,1462,1577,1789,1850,1823,1731,1700,1601,1531,1398,1211,986,743,552,358,262,169,144
15096,Tequixquiac,2025,HOMBRES,20413,1487,1637,1780,1880,1854,1772,1686,1570,1351,1217,1119,892,710,509,377,264,161,147
15096,Tequixquiac,2025,MUJERES,21033,1437,1570,1758,1842,1815,1741,1719,1632,1561,1405,1233,1010,765,575,377,270,174,149
15097,Texcaltitlán,2015,HOMBRES,9535,1204,1142,1119,1040,860,683,581,506,457,420,386,323,251,185,141,102,66,69
15097,Texcaltitlán,2015,MUJERES,10057,1163,1115,1064,1049,1015,851,659,551,521,468,403,320,241,192,151,121,95,78
15097,Texcaltitlán,2016,HOMBRES,9457,1178,1129,1105,1017,846,686,583,496,454,421,388,328,256,187,143,104,68,68
15097,Texcaltitlán,2016,MUJERES,9972,1128,1100,1059,1028,979,847,671,554,519,466,405,327,247,191,152,121,96,82
15097,Texcaltitlán,2017,HOMBRES,9369,1150,1114,1092,995,830,688,583,489,448,420,388,332,261,189,145,107,71,67
15097,Texcaltitlán,2017,MUJERES,9882,1092,1080,1056,1006,943,842,683,559,515,464,406,335,254,190,152,121,97,87
15097,Texcaltitlán,2018,HOMBRES,9278,1120,1096,1083,972,813,688,583,486,441,419,388,336,266,191,146,109,75,66
15097,Texcaltitlán,2018,MUJERES,9792,1058,1059,1053,984,907,837,695,565,509,462,406,342,261,190,152,121,99,92
15097,Texcaltitlán,2019,HOMBRES,9182,1096,1075,1074,945,798,685,581,486,433,417,387,339,270,195,147,111,78,65
15097,Texcaltitlán,2019,MUJERES,9706,1027,1036,1054,961,875,829,707,573,502,459,406,349,267,191,152,121,100,97
15097,Texcaltitlán,2020,HOMBRES,9054,1078,1051,1063,914,783,679,578,488,425,411,383,339,271,196,144,111,80,60
15097,Texcaltitlán,2020,MUJERES,9595,1002,1010,1050,932,846,819,720,582,494,452,403,354,271,191,149,120,101,99
15097,Texcaltitlán,2021,HOMBRES,8993,1047,1023,1061,901,792,695,624,504,409,401,375,338,263,188,138,101,73,60
15097,Texcaltitlán,2021,MUJERES,9605,1011,995,1031,943,855,810,690,577,502,458,414,355,280,203,152,128,105,96
15097,Texcaltitlán,2022,HOMBRES,8983,1035,1007,1047,901,801,697,633,514,407,395,375,339,266,191,139,103,73,60
15097,Texcaltitlán,2022,MUJERES,9607,1001,977,1019,947,863,812,697,580,501,457,419,358,284,207,153,130,106,96
15097,Texcaltitlán,2023,HOMBRES,8992,1023,992,1031,903,809,699,642,524,409,389,376,342,270,197,142,106,75,63
15097,Texcaltitlán,2023,MUJERES,9613,987,964,1001,949,869,814,704,583,501,456,425,362,289,213,156,133,108,99
15097,Texcaltitlán,2024,HOMBRES,8994,1004,982,1012,906,814,702,649,533,414,383,376,344,274,202,147,109,78,65
15097,Texcaltitlán,2024,MUJERES,9612,969,953,985,951,872,818,709,586,503,453,429,365,293,218,161,136,110,101
15097,Texcaltitlán,2025,HOMBRES,8991,986,971,994,907,817,705,653,542,422,378,374,345,278,208,152,112,80,67
15097,Texcaltitlán,2025,MUJERES,9611,952,945,964,954,873,824,712,589,506,450,432,367,297,223,166,140,113,104
15098,Texcalyacac,2015,HOMBRES,2655,265,263,278,259,240,229,195,163,163,152,130,101,69,48,38,30,20,12
15098,Texcalyacac,2015,MUJERES,2733,247,263,254,238,245,237,216,195,183,166,141,109,74,48,37,31,26,23
15098,Texcalyacac,2016,HOMBRES,2704,268,263,276,266,246,232,200,167,165,153,132,105,75,52,39,30,21,14
15098,Texcalyacac,2016,MUJERES,2781,243,262,256,241,245,241,223,200,188,170,146,115,80,52,38,31,26,24
15098,Texcalyacac,2017,HOMBRES,2749,269,262,275,273,251,234,206,172,166,154,134,110,81,55,41,30,21,15
15098,Texcalyacac,2017,MUJERES,2825,238,262,257,244,244,244,229,206,193,173,150,122,86,55,40,31,26,25
15098,Texcalyacac,2018,HOMBRES,2795,272,260,275,279,256,236,211,178,166,155,135,114,88,60,42,29,22,17
15098,Texcalyacac,2018,MUJERES,2869,233,259,257,249,244,248,235,212,196,177,155,130,93,59,41,30,26,25
15098,Texcalyacac,2019,HOMBRES,2842,275,257,275,285,262,237,216,186,166,155,137,118,95,65,44,29,22,18
15098,Texcalyacac,2019,MUJERES,2915,231,256,259,252,244,250,241,219,199,180,159,137,100,64,43,30,25,26
15098,Texcalyacac,2020,HOMBRES,2876,276,254,274,291,267,236,220,195,166,154,137,121,102,70,44,28,22,19
15098,Texcalyacac,2020,MUJERES,2950,227,253,258,253,244,252,247,227,202,181,163,144,107,69,43,29,25,26
15098,Texcalyacac,2021,HOMBRES,2881,260,248,275,282,259,249,229,199,166,150,140,139,103,70,43,28,21,20
15098,Texcalyacac,2021,MUJERES,2980,244,253,256,260,257,245,247,229,202,188,165,131,108,70,43,29,27,26
15098,Texcalyacac,2022,HOMBRES,2902,262,248,271,280,260,252,235,204,168,149,142,141,104,71,44,29,22,20
15098,Texcalyacac,2022,MUJERES,2995,245,252,254,256,259,246,250,231,202,190,169,134,111,71,43,29,27,26
15098,Texcalyacac,2023,HOMBRES,2928,260,248,269,281,261,254,239,209,171,149,144,144,107,73,45,30,23,21
15098,Texcalyacac,2023,MUJERES,3020,243,252,250,255,261,248,254,232,204,192,174,138,113,73,44,30,29,28
15098,Texcalyacac,2024,HOMBRES,2952,259,248,265,280,262,257,244,213,175,148,146,147,110,75,46,31,24,22
15098,Texcalyacac,2024,MUJERES,3040,242,252,246,255,261,250,257,234,206,193,178,141,116,74,45,31,30,29
15098,Texcalyacac,2025,HOMBRES,2973,258,248,260,280,261,260,246,218,180,148,147,150,112,77,47,32,25,24
15098,Texcalyacac,2025,MUJERES,3061,239,253,243,254,261,253,259,236,208,194,182,144,118,76,47,32,32,30
15099,Texcoco,2015,HOMBRES,118362,9160,10015,10780,10477,11063,11322,9991,8444,8005,7256,6303,5111,3792,2700,1723,937,522,761
15099,Texcoco,2015,MUJERES,129865,10448,12097,11213,11558,11053,10895,10671,9496,8539,7879,7394,5961,4195,2789,1897,1632,1287,861
15099,Texcoco,2016,HOMBRES,122299,9424,10334,11045,11046,11516,11592,10184,8487,8125,7475,6560,5378,4018,2823,1852,1056,609,775
15099,Texcoco,2016,MUJERES,132827,10342,11885,11343,11850,11370,11145,10803,9667,8912,8257,7650,6218,4452,2968,2068,1708,1281,908
15099,Texcoco,2017,HOMBRES,126231,9671,10609,11345,11635,11942,11843,10371,8584,8202,7687,6809,5651,4255,2959,1988,1187,701,792
15099,Texcoco,2017,MUJERES,135772,10219,11642,11492,12148,11663,11395,10926,9863,9251,8645,7898,6478,4718,3165,2250,1787,1276,956
15099,Texcoco,2018,HOMBRES,130237,9925,10848,11689,12229,12378,12068,10544,8750,8251,7888,7053,5929,4500,3114,2131,1331,800,809
15099,Texcoco,2018,MUJERES,138794,10105,11375,11669,12431,11966,11640,11046,10095,9567,9042,8143,6740,4994,3388,2444,1870,1273,1006
15099,Texcoco,2019,HOMBRES,134290,10192,11056,12064,12818,12848,12251,10695,8976,8290,8071,7293,6206,4749,3294,2277,1486,903,821
15099,Texcoco,2019,MUJERES,141888,10011,11096,11867,12691,12301,11861,11165,10355,9868,9437,8386,7000,5275,3645,2647,1956,1270,1057
15099,Texcoco,2020,HOMBRES,138065,10526,11250,12407,13364,13353,12402,10861,9258,8331,8201,7492,6426,4944,3457,2395,1618,980,800
15099,Texcoco,2020,MUJERES,145014,9988,10833,12037,12915,12692,12082,11330,10655,10178,9805,8614,7229,5530,3915,2845,2028,1256,1082
15099,Texcoco,2021,HOMBRES,139816,10416,11125,12442,13336,13563,12717,11260,9542,8471,8251,7615,6577,5052,3527,2461,1655,998,808
15099,Texcoco,2021,MUJERES,145295,10034,10739,11900,12751,12527,11884,11384,10772,10030,9888,8882,7496,5793,4089,2798,2013,1247,1068
15099,Texcoco,2022,HOMBRES,140923,10369,11042,12351,13242,13548,12750,11531,9819,8518,8228,7769,6777,5255,3674,2508,1688,1022,832
15099,Texcoco,2022,MUJERES,146791,9984,10653,11797,12681,12560,11913,11581,10925,10094,10004,9174,7781,6061,4285,2867,2063,1278,1090
15099,Texcoco,2023,HOMBRES,142382,10288,10999,12217,13177,13497,12783,11796,10111,8652,8211,7942,7012,5507,3874,2608,1754,1070,884
15099,Texcoco,2023,MUJERES,148497,9904,10610,11654,12625,12561,11945,11772,11080,10195,10092,9480,8093,6368,4521,2984,2142,1330,1141
15099,Texcoco,2024,HOMBRES,143792,10174,10999,12056,13124,13403,12829,12023,10386,8848,8186,8091,7238,5756,4075,2727,1819,1120,938
15099,Texcoco,2024,MUJERES,150150,9789,10610,11492,12572,12519,11998,11939,11233,10320,10152,9768,8404,6677,4759,3121,2219,1385,1193
15099,Texcoco,2025,HOMBRES,145132,10055,10997,11887,13057,13283,12894,12195,10649,9093,8174,8207,7457,5997,4277,2864,1881,1171,994
15099,Texcoco,2025,MUJERES,151750,9672,10609,11322,12504,12443,12077,12068,11393,10460,10205,10027,8720,6982,5000,3281,2296,1442,1249
15100,Tezoyuca,2015,HOMBRES,21198,2056,2275,2216,2081,1935,1738,1507,1459,1489,1226,966,769,532,346,245,168,105,85
15100,Tezoyuca,2015,MUJERES,21388,2040,1990,2173,1996,1857,1749,1733,1708,1586,1277,1001,746,521,386,268,162,103,92
15100,Tezoyuca,2016,HOMBRES,21713,2033,2250,2236,2147,2006,1812,1564,1468,1512,1285,1023,808,568,370,263,176,106,86
15100,Tezoyuca,2016,MUJERES,21944,2009,1995,2178,2067,1921,1798,1759,1731,1648,1350,1061,796,562,406,283,174,110,96
15100,Tezoyuca,2017,HOMBRES,22224,2006,2216,2264,2214,2071,1884,1621,1486,1528,1345,1079,849,605,398,281,183,106,88
15100,Tezoyuca,2017,MUJERES,22498,1976,1995,2188,2139,1980,1847,1784,1757,1702,1426,1121,849,605,427,299,187,117,99
15100,Tezoyuca,2018,HOMBRES,22739,1979,2174,2295,2279,2137,1953,1677,1516,1538,1404,1137,890,643,429,301,191,107,89
15100,Tezoyuca,2018,MUJERES,23066,1946,1992,2200,2209,2041,1895,1808,1789,1752,1505,1182,903,650,451,314,201,125,103
15100,Tezoyuca,2019,HOMBRES,23262,1956,2129,2333,2340,2208,2016,1730,1556,1546,1462,1195,930,682,465,320,198,107,89
15100,Tezoyuca,2019,MUJERES,23642,1916,1983,2218,2276,2107,1939,1832,1825,1798,1584,1245,959,697,478,330,215,134,106
15100,Tezoyuca,2020,HOMBRES,23735,1948,2085,2361,2388,2281,2071,1782,1604,1553,1511,1249,962,715,500,334,201,104,86
15100,Tezoyuca,2020,MUJERES,24205,1903,1972,2226,2331,2180,1980,1858,1865,1842,1659,1310,1013,742,507,341,228,141,107
15100,Tezoyuca,2021,HOMBRES,24201,1974,2105,2401,2433,2344,2089,1848,1711,1596,1509,1257,990,740,481,319,205,109,90
15100,Tezoyuca,2021,MUJERES,24662,1943,1983,2245,2334,2198,2031,1906,1872,1839,1716,1382,1055,767,552,355,233,143,108
15100,Tezoyuca,2022,HOMBRES,24703,2004,2129,2423,2460,2384,2121,1913,1785,1626,1522,1293,1026,771,499,323,213,115,96
15100,Tezoyuca,2022,MUJERES,25193,1972,2006,2264,2361,2238,2060,1960,1921,1874,1753,1438,1101,801,575,362,242,151,114
15100,Tezoyuca,2023,HOMBRES,25277,2032,2160,2439,2494,2419,2156,1979,1864,1675,1536,1333,1068,810,523,334,225,124,106
15100,Tezoyuca,2023,MUJERES,25760,1997,2034,2277,2391,2273,2091,2016,1972,1917,1786,1497,1151,841,602,375,255,162,123
15100,Tezoyuca,2024,HOMBRES,25851,2051,2203,2451,2532,2447,2193,2039,1941,1737,1548,1369,1109,848,547,348,238,134,116
15100,Tezoyuca,2024,MUJERES,26328,2016,2073,2283,2423,2302,2126,2068,2025,1965,1816,1554,1203,880,630,390,268,173,133
15100,Tezoyuca,2025,HOMBRES,26418,2071,2244,2460,2566,2469,2234,2091,2018,1809,1564,1401,1150,885,571,363,250,144,128
15100,Tezoyuca,2025,MUJERES,26894,2032,2113,2290,2453,2325,2167,2115,2079,2017,1844,1608,1255,919,658,408,282,185,144
15101,Tianguistenco,2015,HOMBRES,38463,4074,4024,3960,3857,3702,3308,2806,2453,2288,1996,1698,1333,953,690,521,380,245,175
15101,Tianguistenco,2015,MUJERES,40828,3995,3963,4069,3846,3720,3558,3270,2907,2631,2242,1856,1412,983,757,629,448,291,251
15101,Tianguistenco,2016,HOMBRES,39146,4025,4043,3966,3928,3771,3407,2910,2485,2325,2052,1757,1392,1006,717,541,387,247,187
15101,Tianguistenco,2016,MUJERES,41485,3979,3974,4057,3902,3749,3592,3329,2969,2708,2319,1931,1489,1050,783,636,456,299,263
15101,Tianguistenco,2017,HOMBRES,39812,3973,4046,3985,3998,3826,3500,3015,2534,2350,2107,1813,1452,1060,748,560,395,250,200
15101,Tianguistenco,2017,MUJERES,42125,3958,3974,4053,3957,3767,3625,3386,3039,2772,2397,2005,1569,1121,812,642,464,309,275
15101,Tianguistenco,2018,HOMBRES,40477,3920,4037,4015,4062,3881,3587,3118,2603,2368,2158,1867,1512,1116,783,579,403,254,214
15101,Tianguistenco,2018,MUJERES,42775,3938,3964,4058,4010,3787,3655,3443,3122,2828,2475,2079,1651,1195,845,648,472,318,287
15101,Tianguistenco,2019,HOMBRES,41138,3875,4019,4051,4115,3941,3661,3217,2692,2384,2204,1919,1571,1172,825,596,411,257,228
15101,Tianguistenco,2019,MUJERES,43420,3926,3947,4070,4050,3813,3675,3499,3213,2878,2550,2153,1733,1271,884,651,479,329,299
15101,Tianguistenco,2020,HOMBRES,41660,3851,3991,4071,4146,4002,3719,3313,2794,2398,2233,1959,1615,1215,859,599,407,253,235
15101,Tianguistenco,2020,MUJERES,43996,3936,3920,4067,4071,3848,3689,3561,3312,2924,2612,2222,1810,1343,920,644,479,334,304
15101,Tianguistenco,2021,HOMBRES,41745,3936,3954,4031,4092,3970,3638,3341,2879,2364,2196,2029,1715,1259,863,568,407,264,239
15101,Tianguistenco,2021,MUJERES,44371,3839,3868,4078,4099,3945,3829,3672,3354,2960,2668,2212,1763,1344,953,678,486,320,303
15101,Tianguistenco,2022,HOMBRES,42039,3926,3922,4008,4086,3997,3658,3421,2969,2381,2183,2053,1745,1289,889,578,416,269,249
15101,Tianguistenco,2022,MUJERES,44699,3824,3833,4049,4090,3977,3853,3737,3403,2983,2690,2262,1802,1381,986,694,498,324,313
15101,Tianguistenco,2023,HOMBRES,42420,3902,3902,3968,4092,4014,3680,3501,3064,2422,2172,2081,1782,1330,927,600,435,280,268
15101,Tianguistenco,2023,MUJERES,45086,3801,3815,4008,4087,4000,3880,3802,3453,3018,2706,2315,1846,1425,1027,722,517,334,330
15101,Tianguistenco,2024,HOMBRES,42786,3870,3899,3921,4100,4019,3705,3569,3154,2481,2159,2103,1816,1369,964,626,452,291,288
15101,Tianguistenco,2024,MUJERES,45443,3763,3809,3958,4085,4010,3913,3858,3503,3060,2714,2363,1889,1467,1068,755,536,343,349
15101,Tianguistenco,2025,HOMBRES,43117,3831,3897,3869,4102,4015,3736,3620,3240,2554,2149,2115,1847,1404,1000,657,469,302,310
15101,Tianguistenco,2025,MUJERES,45777,3723,3806,3906,4078,4009,3954,3902,3554,3106,2720,2403,1930,1507,1109,793,555,353,369
15102,Timilpan,2015,HOMBRES,7735,831,781,752,724,716,635,506,447,462,444,389,296,217,175,136,101,71,52
15102,Timilpan,2015,MUJERES,8327,683,775,835,808,735,660,604,556,533,472,385,284,216,208,207,167,110,89
15102,Timilpan,2016,HOMBRES,7804,810,779,757,731,711,638,520,449,461,447,397,310,231,182,144,106,74,57
15102,Timilpan,2016,MUJERES,8395,678,772,818,806,735,665,613,565,544,483,399,304,232,208,202,167,111,93
15102,Timilpan,2017,HOMBRES,7861,787,773,767,739,703,639,533,454,457,449,403,324,245,190,150,110,76,62
15102,Timilpan,2017,MUJERES,8463,672,767,807,804,733,669,621,575,552,494,414,325,249,208,198,166,112,97
15102,Timilpan,2018,HOMBRES,7921,765,764,777,744,695,639,546,463,452,450,409,338,261,199,157,115,79,68
15102,Timilpan,2018,MUJERES,8533,668,760,796,802,732,672,628,587,558,504,428,348,267,209,193,166,113,102
15102,Timilpan,2019,HOMBRES,7980,746,755,788,749,688,636,558,475,446,449,414,352,276,209,163,120,82,74
15102,Timilpan,2019,MUJERES,8597,664,753,786,796,731,673,636,601,563,514,441,371,285,211,187,165,114,106
15102,Timilpan,2020,HOMBRES,8001,731,745,795,747,681,630,569,489,440,444,416,363,290,216,164,121,83,77
15102,Timilpan,2020,MUJERES,8645,664,742,773,786,733,674,644,616,566,521,454,394,304,213,179,162,113,107
15102,Timilpan,2021,HOMBRES,8018,717,735,774,749,708,648,583,503,447,448,418,361,290,197,159,123,86,72
15102,Timilpan,2021,MUJERES,8672,666,726,778,781,723,669,655,625,559,518,458,398,308,237,184,162,112,113
15102,Timilpan,2022,HOMBRES,8050,709,725,764,747,716,652,597,518,449,444,419,363,294,201,161,126,90,75
15102,Timilpan,2022,MUJERES,8720,659,714,768,780,731,674,666,635,562,521,466,402,313,244,187,167,116,115
15102,Timilpan,2023,HOMBRES,8096,700,715,750,746,722,656,611,533,455,440,421,367,300,208,166,131,95,80
15102,Timilpan,2023,MUJERES,8775,647,705,754,781,736,679,677,645,568,522,474,406,319,252,193,174,122,121
15102,Timilpan,2024,HOMBRES,8137,688,708,735,745,725,661,623,547,465,436,421,369,305,215,172,136,101,85
15102,Timilpan,2024,MUJERES,8830,637,699,740,781,740,686,686,655,575,521,480,410,325,260,200,180,128,127
15102,Timilpan,2025,HOMBRES,8179,676,702,720,744,727,667,632,561,478,432,420,371,309,221,180,141,107,91
15102,Timilpan,2025,MUJERES,8878,625,693,725,779,741,694,693,665,583,521,485,413,330,268,209,187,134,133
15103,Tlalmanalco,2015,HOMBRES,23263,2071,2058,2092,2245,2232,1896,1567,1484,1535,1395,1188,981,791,619,464,327,192,126
15103,Tlalmanalco,2015,MUJERES,25296,2007,2167,2167,2239,2224,2000,1855,1837,1846,1656,1378,1095,849,665,509,362,248,192
15103,Tlalmanalco,2016,HOMBRES,23441,2032,2047,2074,2222,2221,1949,1617,1464,1517,1419,1239,1036,829,629,474,337,200,135
15103,Tlalmanalco,2016,MUJERES,25452,1984,2144,2121,2209,2221,2038,1868,1815,1849,1696,1433,1150,890,681,527,377,252,197
15103,Tlalmanalco,2017,HOMBRES,23600,1990,2027,2062,2198,2202,1999,1665,1454,1490,1439,1288,1091,868,641,483,348,209,146
15103,Tlalmanalco,2017,MUJERES,25581,1957,2114,2079,2174,2211,2076,1879,1796,1843,1735,1486,1205,932,699,545,391,257,202
15103,Tlalmanalco,2018,HOMBRES,23765,1949,2003,2056,2169,2182,2045,1712,1455,1460,1457,1336,1148,908,656,492,360,219,158
15103,Tlalmanalco,2018,MUJERES,25708,1929,2079,2042,2138,2202,2112,1889,1783,1829,1773,1539,1262,974,720,562,407,262,206
15103,Tlalmanalco,2019,HOMBRES,23918,1911,1974,2052,2136,2164,2083,1755,1465,1428,1471,1384,1205,947,674,499,371,230,169
15103,Tlalmanalco,2019,MUJERES,25830,1906,2040,2009,2097,2196,2142,1898,1774,1811,1807,1592,1318,1017,745,578,422,268,210
15103,Tlalmanalco,2020,HOMBRES,23970,1885,1940,2040,2092,2146,2112,1795,1481,1395,1472,1425,1253,973,685,494,373,234,175
15103,Tlalmanalco,2020,MUJERES,25891,1893,1998,1970,2047,2194,2168,1909,1767,1789,1830,1643,1371,1052,766,585,432,269,208
15103,Tlalmanalco,2021,HOMBRES,24048,1897,1969,1970,2065,2174,2099,1814,1509,1412,1505,1448,1248,976,705,495,372,227,163
15103,Tlalmanalco,2021,MUJERES,25857,1860,1912,2012,2037,2150,2148,1920,1787,1763,1800,1650,1409,1093,786,590,441,281,218
15103,Tlalmanalco,2022,HOMBRES,24084,1880,1944,1950,2049,2160,2077,1834,1543,1417,1492,1457,1264,1001,731,505,381,232,167
15103,Tlalmanalco,2022,MUJERES,25952,1845,1890,1990,2021,2141,2126,1930,1802,1769,1808,1679,1437,1127,817,605,454,289,222
15103,Tlalmanalco,2023,HOMBRES,24176,1859,1927,1920,2036,2140,2054,1852,1579,1435,1478,1468,1285,1035,766,525,397,244,176
15103,Tlalmanalco,2023,MUJERES,26081,1824,1874,1961,2006,2127,2104,1938,1818,1782,1811,1709,1467,1167,855,631,473,302,232
15103,Tlalmanalco,2024,HOMBRES,24262,1831,1917,1889,2026,2113,2034,1863,1612,1464,1464,1474,1302,1067,802,550,413,256,185
15103,Tlalmanalco,2024,MUJERES,26191,1797,1863,1928,1992,2105,2086,1941,1832,1798,1808,1735,1496,1205,893,662,492,315,243
15103,Tlalmanalco,2025,HOMBRES,24328,1802,1906,1857,2013,2083,2016,1864,1642,1500,1451,1473,1318,1096,837,578,429,268,195
15103,Tlalmanalco,2025,MUJERES,26291,1770,1853,1895,1975,2077,2073,1938,1847,1817,1805,1754,1524,1242,930,697,511,329,254
15104,Tlalnepantla de Baz,2015,HOMBRES,346682,24770,26258,26865,29543,31731,29656,25472,23532,24261,23446,20807,16997,13631,10931,8208,5488,3151,1935
15104,Tlalnepantla de Baz,2015,MUJERES,367954,23037,25123,26257,28066,30405,30161,28540,27869,28360,25983,22770,19281,15366,12296,9711,7089,4508,3132
15104,Tlalnepantla de Baz,2016,HOMBRES,344097,23662,25545,26147,28989,31220,29835,25875,23200,23932,23418,20962,17284,13835,10855,8314,5660,3278,2086
15104,Tlalnepantla de Baz,2016,MUJERES,364163,22152,24426,25485,27622,29719,29632,28073,27189,27927,26025,22991,19556,15707,12433,9972,7306,4629,3319
15104,Tlalnepantla de Baz,2017,HOMBRES,341235,22558,24756,25509,28422,30598,29938,26247,23015,23481,23347,21058,17548,14027,10803,8407,5841,3420,2260
15104,Tlalnepantla de Baz,2017,MUJERES,360091,21258,23674,24774,27166,28961,29096,27582,26585,27357,26043,23158,19807,16035,12593,10217,7523,4753,3509
15104,Tlalnepantla de Baz,2018,HOMBRES,338348,21514,23916,24965,27819,29973,29956,26568,23002,22960,23229,21113,17788,14205,10798,8490,6028,3576,2448
15104,Tlalnepantla de Baz,2018,MUJERES,356043,20412,22888,24139,26675,28228,28539,27084,26073,26698,26035,23294,20036,16345,12806,10452,7746,4887,3706
15104,Tlalnepantla de Baz,2019,HOMBRES,335347,20545,23050,24470,27159,29403,29854,26822,23132,22426,23045,21128,17991,14350,10848,8541,6211,3738,2634
15104,Tlalnepantla de Baz,2019,MUJERES,351982,19635,22088,23551,26125,27565,27924,26584,25627,25996,25969,23404,20228,16626,13086,10662,7975,5028,3909
15104,Tlalnepantla de Baz,2020,HOMBRES,330941,19768,22194,23900,26379,28862,29619,27033,23348,21891,22677,20998,17988,14280,10770,8410,6252,3816,2756
15104,Tlalnepantla de Baz,2020,MUJERES,347154,19019,21281,22905,25481,26992,27287,26149,25236,25283,25758,23438,20293,16760,13296,10718,8103,5114,4041
15104,Tlalnepantla de Baz,2021,HOMBRES,328173,19514,21756,23484,26149,28533,28620,26717,23450,21261,21868,20630,17808,14550,11660,8832,6542,3960,2839
15104,Tlalnepantla de Baz,2021,MUJERES,352061,18780,20880,22741,24854,26837,27862,26993,25824,25652,26532,24412,21336,17575,13462,10764,8247,5249,4061
15104,Tlalnepantla de Baz,2022,HOMBRES,329471,19218,21367,23099,25738,28214,28311,27057,23995,21274,21633,20825,18191,15113,12273,9172,6838,4169,2984
15104,Tlalnepantla de Baz,2022,MUJERES,354328,18491,20498,22338,24430,26573,27577,27155,25987,25639,26583,24914,21946,18366,14230,11247,8635,5509,4210
15104,Tlalnepantla de Baz,2023,HOMBRES,331661,18849,21043,22615,25358,27797,27976,27344,24544,21483,21392,21045,18643,15799,13063,9717,7279,4484,3230
15104,Tlalnepantla de Baz,2023,MUJERES,357096,18131,20180,21852,24016,26218,27271,27270,26125,25698,26533,25412,22597,19256,15128,11927,9148,5865,4469
15104,Tlalnepantla de Baz,2024,HOMBRES,333752,18419,20798,22083,25003,27294,27669,27525,25039,21836,21126,21186,19055,16470,13867,10345,7726,4821,3490
15104,Tlalnepantla de Baz,2024,MUJERES,359793,17712,19943,21322,23608,25775,27012,27316,26250,25807,26408,25845,23228,20143,16046,12712,9673,6248,4745
15104,Tlalnepantla de Baz,2025,HOMBRES,335723,17984,20553,21546,24616,26736,27399,27568,25489,22297,20892,21230,19433,17111,14684,11064,8175,5177,3769
15104,Tlalnepantla de Baz,2025,MUJERES,362406,17294,19703,20788,23177,25266,26805,27264,26380,25945,26256,26179,23851,21010,16980,13611,10208,6650,5039
15105,Tlatlaya,2015,HOMBRES,17566,1942,1761,1872,1875,1590,1157,858,788,821,796,783,725,626,552,479,395,293,253
15105,Tlatlaya,2015,MUJERES,17948,1721,1661,1838,1837,1608,1198,943,879,910,901,857,760,638,584,555,456,320,282
15105,Tlatlaya,2016,HOMBRES,17223,1884,1754,1807,1786,1526,1158,872,769,802,786,770,722,630,542,471,386,295,263
15105,Tlatlaya,2016,MUJERES,17601,1693,1642,1764,1765,1558,1207,957,866,884,874,840,757,640,569,536,443,323,283
15105,Tlatlaya,2017,HOMBRES,16865,1824,1739,1749,1697,1458,1156,886,755,779,775,755,717,633,534,461,376,297,274
15105,Tlatlaya,2017,MUJERES,17241,1666,1615,1694,1693,1506,1214,969,855,855,846,821,753,642,556,517,430,326,283
15105,Tlatlaya,2018,HOMBRES,16512,1764,1718,1696,1611,1392,1151,899,747,754,762,739,711,635,528,452,367,301,285
15105,Tlatlaya,2018,MUJERES,16890,1639,1587,1631,1622,1456,1220,982,847,824,819,801,748,642,545,498,416,330,283
15105,Tlatlaya,2019,HOMBRES,16161,1710,1693,1647,1525,1332,1142,909,743,729,747,722,703,636,524,441,358,304,296
15105,Tlatlaya,2019,MUJERES,16540,1615,1555,1571,1550,1410,1223,994,841,792,790,782,742,641,537,478,404,333,282
15105,Tlatlaya,2020,HOMBRES,15762,1670,1668,1595,1440,1276,1130,921,744,705,726,700,688,628,515,420,340,300,296
15105,Tlatlaya,2020,MUJERES,16177,1602,1522,1512,1479,1370,1226,1011,837,761,760,760,731,635,526,452,385,333,275
15105,Tlatlaya,2021,HOMBRES,15464,1619,1556,1528,1433,1309,1146,942,749,645,674,686,674,614,512,414,365,310,288
15105,Tlatlaya,2021,MUJERES,16096,1560,1503,1498,1455,1352,1199,985,824,785,783,763,741,657,548,463,371,326,283
15105,Tlatlaya,2022,HOMBRES,15310,1570,1499,1483,1417,1313,1139,943,752,632,654,678,671,621,526,422,376,317,297
15105,Tlatlaya,2022,MUJERES,15945,1512,1443,1453,1438,1358,1189,978,814,770,768,761,743,667,566,476,384,335,290
15105,Tlatlaya,2023,HOMBRES,15190,1517,1443,1433,1403,1311,1130,941,755,625,634,671,670,633,545,438,394,332,315
15105,Tlatlaya,2023,MUJERES,15808,1458,1390,1402,1422,1358,1177,970,802,757,752,759,746,679,587,496,401,348,304
15105,Tlatlaya,2024,HOMBRES,15065,1459,1396,1381,1389,1306,1122,936,755,623,614,661,668,642,564,457,411,347,334
15105,Tlatlaya,2024,MUJERES,15670,1402,1344,1350,1406,1354,1168,959,791,745,733,755,747,690,608,519,418,362,319
15105,Tlatlaya,2025,HOMBRES,14932,1400,1350,1327,1374,1297,1115,926,754,623,596,649,664,650,582,480,429,362,354
15105,Tlatlaya,2025,MUJERES,15531,1349,1299,1299,1390,1346,1160,944,780,734,714,748,747,699,629,546,435,377,335
15106,Toluca,2015,HOMBRES,432412,40843,39926,40087,41493,42365,38871,33312,29695,28834,25663,21347,16442,11637,8235,5893,3983,2296,1490
15106,Toluca,2015,MUJERES,462873,38184,42099,41187,40894,41923,39917,37010,35506,33985,29096,23989,18229,12900,9649,7336,5037,3139,2793
15106,Toluca,2016,HOMBRES,436049,39740,39828,40009,41657,42421,39536,34075,29573,28789,26090,22047,17214,12294,8553,6145,4118,2363,1597
15106,Toluca,2016,MUJERES,466124,37333,41148,40695,41032,41850,40229,37365,35410,34248,29879,24881,19151,13711,10045,7655,5281,3285,2926
15106,Toluca,2017,HOMBRES,439315,38577,39575,40024,41788,42312,40119,34817,29641,28590,26475,22705,17994,12975,8906,6399,4260,2439,1719
15106,Toluca,2017,MUJERES,469007,36423,40088,40267,41144,41649,40521,37681,35392,34332,30653,25739,20090,14554,10475,7970,5533,3438,3058
15106,Toluca,2018,HOMBRES,442491,37463,39178,40159,41844,42176,40598,35510,29931,28296,26808,23332,18778,13675,9313,6653,4405,2523,1849
15106,Toluca,2018,MUJERES,471920,35562,38957,39942,41185,41455,40767,37977,35480,34280,31410,26589,21048,15425,10967,8284,5796,3602,3194
15106,Toluca,2019,HOMBRES,445530,36429,38692,40353,41795,42097,40919,36126,30416,27969,27063,23931,19550,14377,9789,6893,4547,2607,1977
15106,Toluca,2019,MUJERES,474764,34773,37780,39656,41116,41333,40908,38257,35641,34143,32110,27434,22005,16310,11536,8586,6070,3776,3330
15106,Toluca,2020,HOMBRES,446716,35639,38114,40327,41461,41984,41017,36660,30991,27599,27072,24369,20138,14927,10197,6986,4574,2623,2038
15106,Toluca,2020,MUJERES,476439,34195,36548,39192,40811,41259,40924,38556,35823,33918,32604,28200,22879,17137,12093,8766,6259,3900,3375
15106,Toluca,2021,HOMBRES,446279,35394,37544,40096,41328,41394,40735,37265,31877,27279,27143,25117,20184,15161,10137,6498,4544,2613,1970
15106,Toluca,2021,MUJERES,480366,34150,36087,38842,40248,41943,41247,39084,36164,34202,32813,28380,23776,17754,12755,9278,6320,3926,3397
15106,Toluca,2022,HOMBRES,448485,35189,37117,39686,41054,41361,40680,37969,32770,27427,27005,25496,20635,15665,10511,6599,4628,2672,2021
15106,Toluca,2022,MUJERES,483322,33937,35657,38384,39931,41986,41159,39555,36590,34415,33102,29094,24457,18386,13270,9485,6447,4016,3451
15106,Toluca,2023,HOMBRES,451682,34878,36824,39125,40867,41218,40624,38647,33710,27860,26886,25937,21184,16306,11033,6843,4806,2795,2139
15106,Toluca,2023,MUJERES,486870,33630,35360,37808,39648,41921,41080,39997,37022,34759,33299,29835,25206,19123,13900,9854,6663,4171,3594
15106,Toluca,2024,HOMBRES,454612,34450,36674,38483,40713,40943,40605,39183,34589,28493,26734,26285,21691,16925,11551,7134,4977,2923,2259
15106,Toluca,2024,MUJERES,490176,33198,35214,37154,39382,41711,41068,40350,37444,35181,33404,30513,25940,19849,14527,10289,6874,4335,3743
15106,Toluca,2025,HOMBRES,457238,34004,36522,37818,40510,40577,40639,39532,35420,29281,26624,26520,22166,17511,12065,7472,5138,3054,2385
15106,Toluca,2025,MUJERES,493168,32758,35050,36479,39061,41387,41140,40561,37881,35651,33479,31083,26669,20545,15150,10795,7077,4503,3899
15107,Tonatico,2015,HOMBRES,6175,550,589,602,591,571,499,382,337,356,335,303,251,202,184,155,111,83,74
15107,Tonatico,2015,MUJERES,6459,593,537,541,563,561,498,454,427,391,351,326,285,234,196,171,140,102,89
15107,Tonatico,2016,HOMBRES,6219,554,584,593,587,568,508,400,343,355,336,305,257,210,185,157,114,85,78
15107,Tonatico,2016,MUJERES,6522,580,546,545,562,557,508,467,431,397,357,331,293,242,199,174,140,104,89
15107,Tonatico,2017,HOMBRES,6264,555,578,587,584,563,516,418,350,353,338,306,263,219,187,160,117,88,82
15107,Tonatico,2017,MUJERES,6581,563,555,550,562,553,519,478,436,401,362,336,300,250,204,177,140,105,90
15107,Tonatico,2018,HOMBRES,6298,556,569,582,578,558,522,437,361,349,338,306,268,227,189,161,119,91,87
15107,Tonatico,2018,MUJERES,6645,548,562,556,563,548,529,491,443,403,368,341,308,259,209,180,140,107,90
15107,Tonatico,2019,HOMBRES,6334,557,558,577,573,554,527,455,374,345,337,306,273,235,193,163,122,94,91
15107,Tonatico,2019,MUJERES,6704,535,568,563,561,544,538,503,451,404,373,346,315,267,215,182,140,109,90
15107,Tonatico,2020,HOMBRES,6342,563,547,571,564,550,530,473,389,342,334,303,274,240,194,160,121,95,92
15107,Tonatico,2020,MUJERES,6749,527,573,568,557,543,547,517,460,405,375,349,320,273,220,181,138,109,87
15107,Tonatico,2021,HOMBRES,6323,557,552,574,575,522,522,476,402,339,328,303,272,239,197,160,125,97,83
15107,Tonatico,2021,MUJERES,6807,527,551,556,543,583,564,528,458,403,381,356,330,280,224,181,137,109,96
15107,Tonatico,2022,HOMBRES,6350,552,544,564,575,527,526,484,411,338,325,306,275,244,202,163,129,99,86
15107,Tonatico,2022,MUJERES,6839,521,541,549,540,590,566,534,460,403,382,363,336,287,231,185,141,112,98
15107,Tonatico,2023,HOMBRES,6394,544,538,557,575,531,529,491,420,342,322,308,279,250,210,168,135,104,91
15107,Tonatico,2023,MUJERES,6882,516,535,540,538,595,568,539,462,404,381,370,343,294,240,192,147,116,102
15107,Tonatico,2024,HOMBRES,6429,535,533,546,577,532,532,496,428,347,318,310,282,255,217,175,141,109,96
15107,Tonatico,2024,MUJERES,6915,506,531,528,536,597,571,542,464,405,380,376,349,301,248,200,153,121,107
15107,Tonatico,2025,HOMBRES,6464,526,531,534,575,532,537,499,435,354,316,310,285,260,224,183,147,114,102
15107,Tonatico,2025,MUJERES,6953,499,526,518,534,598,575,544,466,408,378,381,355,308,257,209,159,126,112
15108,Tultepec,2015,HOMBRES,75560,6845,7184,7265,7155,7156,6710,5905,5487,5436,4785,3989,2995,1905,1135,716,470,266,156
15108,Tultepec,2015,MUJERES,78420,6874,7186,6967,6930,6986,6969,6805,6332,5917,5250,4280,2916,1844,1276,848,495,281,264
15108,Tultepec,2016,HOMBRES,76280,6713,7148,7230,7200,7184,6802,6002,5447,5430,4868,4121,3156,2052,1220,773,492,272,170
15108,Tultepec,2016,MUJERES,79104,6706,7045,6942,6968,6991,6980,6783,6322,6014,5378,4438,3129,2022,1359,904,534,305,284
15108,Tultepec,2017,HOMBRES,76925,6565,7083,7212,7237,7182,6878,6092,5440,5393,4942,4245,3319,2208,1315,834,516,278,186
15108,Tultepec,2017,MUJERES,79732,6526,6881,6924,7002,6974,6987,6752,6324,6079,5504,4589,3352,2215,1449,961,576,331,306
15108,Tultepec,2018,HOMBRES,77557,6424,6994,7215,7261,7175,6934,6171,5474,5337,5005,4362,3484,2371,1423,898,541,285,203
15108,Tultepec,2018,MUJERES,80367,6354,6705,6921,7020,6956,6984,6716,6344,6120,5624,4737,3586,2421,1550,1020,621,359,329
15108,Tultepec,2019,HOMBRES,78152,6293,6886,7225,7262,7176,6961,6233,5542,5274,5053,4473,3647,2539,1547,964,565,291,221
15108,Tultepec,2019,MUJERES,81007,6195,6518,6927,7020,6949,6961,6676,6376,6143,5733,4883,3827,2640,1667,1079,669,391,353
15108,Tultepec,2020,HOMBRES,78418,6193,6759,7191,7208,7163,6943,6275,5620,5197,5049,4547,3781,2700,1678,1017,577,288,232
15108,Tultepec,2020,MUJERES,81466,6066,6315,6891,6972,6942,6912,6634,6405,6144,5798,5009,4068,2878,1798,1131,713,420,370
15108,Tultepec,2021,HOMBRES,78561,6111,6416,7131,7191,7262,6934,6342,5694,5138,5093,4818,4004,2706,1655,946,580,299,241
15108,Tultepec,2021,MUJERES,81807,5998,6376,6789,6887,6890,6892,6670,6479,6199,5893,5022,4086,3027,1903,1200,714,408,374
15108,Tultepec,2022,HOMBRES,78904,6031,6292,7030,7151,7279,6911,6420,5814,5165,5109,4951,4133,2799,1710,959,591,304,255
15108,Tultepec,2022,MUJERES,82255,5916,6255,6684,6844,6907,6859,6702,6523,6244,5996,5211,4238,3142,1974,1225,729,415,391
15108,Tultepec,2023,HOMBRES,79433,5932,6196,6906,7130,7277,6889,6494,5943,5247,5129,5098,4285,2916,1788,993,615,317,278
15108,Tultepec,2023,MUJERES,82802,5815,6162,6559,6808,6909,6829,6730,6568,6313,6084,5411,4404,3275,2062,1270,754,429,420
15108,Tultepec,2024,HOMBRES,79920,5815,6124,6768,7116,7251,6874,6543,6059,5367,5143,5231,4431,3029,1866,1033,637,331,302
15108,Tultepec,2024,MUJERES,83310,5697,6092,6421,6773,6888,6811,6742,6611,6396,6156,5602,4571,3406,2149,1324,778,443,450
15108,Tultepec,2025,HOMBRES,80352,5697,6050,6628,7090,7209,6867,6559,6165,5516,5165,5342,4573,3137,1942,1080,659,344,329
15108,Tultepec,2025,MUJERES,83779,5578,6021,6284,6730,6848,6806,6731,6656,6488,6223,5778,4739,3533,2235,1386,802,458,483
15109,Tultitlán,2015,HOMBRES,260710,21478,22416,23215,24209,25523,23506,19156,17131,17733,16991,15235,12230,8579,5796,3609,2061,1162,680
15109,Tultitlán,2015,MUJERES,271231,20833,21308,22397,23363,24740,23905,21312,19946,20421,19212,16517,12912,9314,6336,4057,2356,1248,1054
15109,Tultitlán,2016,HOMBRES,260065,20840,22029,22772,23978,25174,23650,19574,16930,17347,16855,15344,12576,9017,6048,3832,2181,1196,722
15109,Tultitlán,2016,MUJERES,270680,20154,20966,21940,23099,24304,23743,21356,19779,20229,19239,16802,13393,9811,6627,4284,2491,1331,1132
15109,Tultitlán,2017,HOMBRES,259196,20179,21566,22388,23729,24732,23737,19977,16836,16877,16688,15407,12910,9468,6326,4063,2309,1235,769
15109,Tultitlán,2017,MUJERES,269898,19456,20566,21520,22821,23801,23566,21374,19655,19930,19246,17049,13871,10321,6942,4515,2633,1419,1213
15109,Tultitlán,2018,HOMBRES,258296,19546,21042,22079,23438,24283,23756,20350,16868,16362,16487,15439,13232,9927,6645,4302,2445,1276,819
15109,Tultitlán,2018,MUJERES,269105,18791,20121,21158,22509,23309,23363,21379,19588,19558,19228,17273,14346,10840,7300,4749,2780,1515,1298
15109,Tultitlán,2019,HOMBRES,257292,18954,20479,21804,23087,23870,23679,20672,17005,15843,16236,15437,13527,10382,7014,4538,2583,1316,866
15109,Tultitlán,2019,MUJERES,268268,18179,19646,20824,22139,22866,23098,21372,19562,19143,19165,17475,14805,11358,7712,4980,2937,1619,1388
15109,Tultitlán,2020,HOMBRES,255175,18479,19869,21415,22587,23446,23463,20939,17182,15311,15829,15299,13665,10725,7366,4712,2676,1325,887
15109,Tultitlán,2020,MUJERES,266733,17669,19109,20393,21644,22459,22764,21367,19535,18686,18955,17586,15176,11829,8150,5178,3071,1712,1450
15109,Tultitlán,2021,HOMBRES,252722,18049,19194,20871,22283,23667,23454,20429,17016,14871,15521,15734,14024,11003,7696,4337,2386,1292,895
15109,Tultitlán,2021,MUJERES,267713,17336,18523,20075,21294,22134,22333,21644,19569,18657,19359,17950,15768,12424,8396,5638,3412,1772,1429
15109,Tultitlán,2022,HOMBRES,252159,17632,18607,20367,21978,23571,23197,20377,17095,14741,15388,16041,14469,11495,8065,4441,2441,1332,922
15109,Tultitlán,2022,MUJERES,267736,16934,17954,19565,20981,22059,22034,21458,19382,18526,19495,18538,16407,13017,8811,5798,3504,1819,1454
15109,Tultitlán,2023,HOMBRES,252153,17163,18094,19792,21714,23400,22929,20294,17176,14756,15262,16381,14984,12093,8549,4640,2544,1404,978
15109,Tultitlán,2023,MUJERES,268068,16481,17458,18997,20683,21919,21734,21248,19187,18454,19565,19142,17097,13690,9304,6054,3643,1896,1516
15109,Tultitlán,2024,HOMBRES,251977,16645,17657,19180,21462,23148,22678,20128,17210,14868,15117,16664,15473,12682,9036,4872,2644,1478,1035
15109,Tultitlán,2024,MUJERES,268255,15978,17039,18397,20387,21700,21470,20982,18979,18416,19572,19703,17782,14362,9799,6352,3780,1976,1581
15109,Tultitlán,2025,HOMBRES,251608,16125,17221,18569,21180,22838,22452,19858,17205,15049,14995,16870,15942,13253,9524,5138,2739,1555,1095
15109,Tultitlán,2025,MUJERES,268283,15474,16623,17798,20064,21417,21246,20641,18774,18393,19554,20195,18470,15023,10298,6695,3913,2058,1647
15110,Valle de Bravo,2015,HOMBRES,32820,3364,3417,3257,3197,3210,2921,2421,2109,2005,1753,1490,1166,821,606,438,290,204,151
15110,Valle de Bravo,2015,MUJERES,34093,3325,3075,3062,3181,3350,3163,2757,2393,2156,1874,1596,1236,892,665,505,376,256,231
15110,Valle de Bravo,2016,HOMBRES,32374,3257,3334,3162,3121,3142,2923,2435,2055,1954,1737,1501,1194,849,609,442,293,205,161
15110,Valle de Bravo,2016,MUJERES,33630,3234,3047,2997,3093,3218,3092,2730,2364,2147,1875,1606,1262,916,667,507,377,263,235
15110,Valle de Bravo,2017,HOMBRES,31912,3150,3241,3080,3046,3065,2917,2447,2014,1893,1719,1508,1221,877,615,445,296,207,171
15110,Valle de Bravo,2017,MUJERES,33149,3139,3012,2937,3006,3083,3021,2700,2341,2127,1875,1613,1288,940,669,509,378,271,240
15110,Valle de Bravo,2018,HOMBRES,31448,3045,3142,3006,2969,2987,2904,2455,1989,1829,1698,1512,1247,905,623,447,298,209,183
15110,Valle de Bravo,2018,MUJERES,32667,3049,2969,2885,2917,2954,2948,2670,2325,2099,1874,1617,1312,962,675,509,378,280,244
15110,Valle de Bravo,2019,HOMBRES,30981,2950,3038,2940,2885,2915,2879,2457,1978,1764,1672,1513,1271,931,634,448,301,212,193
15110,Valle de Bravo,2019,MUJERES,32189,2967,2921,2836,2823,2836,2871,2639,2315,2066,1868,1620,1334,984,684,509,379,289,248
15110,Valle de Bravo,2020,HOMBRES,30397,2871,2925,2862,2788,2845,2839,2454,1973,1700,1632,1504,1281,946,639,438,295,208,197
15110,Valle de Bravo,2020,MUJERES,31649,2900,2864,2778,2721,2730,2789,2612,2307,2030,1850,1617,1350,998,689,500,374,295,245
15110,Valle de Bravo,2021,HOMBRES,30073,2918,2845,2810,2716,2721,2749,2501,2028,1702,1677,1486,1262,920,626,428,295,216,173
15110,Valle de Bravo,2021,MUJERES,31475,2740,2773,2723,2714,2839,2851,2597,2282,1983,1789,1656,1383,1034,709,495,370,280,257
15110,Valle de Bravo,2022,HOMBRES,29867,2857,2767,2750,2681,2706,2728,2526,2060,1692,1656,1493,1269,930,635,428,299,217,173
15110,Valle de Bravo,2022,MUJERES,31306,2682,2698,2661,2679,2835,2832,2608,2286,1973,1786,1680,1401,1050,723,499,375,282,256
15110,Valle de Bravo,2023,HOMBRES,29738,2791,2703,2681,2653,2684,2709,2549,2096,1701,1637,1504,1282,948,652,437,308,224,179
15110,Valle de Bravo,2023,MUJERES,31183,2619,2638,2592,2647,2825,2815,2618,2292,1972,1779,1706,1422,1071,743,510,385,288,261
15110,Valle de Bravo,2024,HOMBRES,29589,2716,2651,2607,2628,2655,2692,2563,2127,1720,1617,1509,1293,963,668,449,316,230,185
15110,Valle de Bravo,2024,MUJERES,31041,2548,2589,2522,2616,2805,2803,2622,2296,1974,1767,1728,1441,1090,761,524,394,295,266
15110,Valle de Bravo,2025,HOMBRES,29432,2642,2601,2536,2601,2621,2680,2565,2154,1749,1599,1508,1301,976,683,463,325,237,191
15110,Valle de Bravo,2025,MUJERES,30892,2479,2542,2449,2585,2778,2798,2618,2302,1980,1754,1743,1460,1107,779,541,403,302,272
15111,Villa de Allende,2015,HOMBRES,26401,3322,3299,3229,3046,2655,2146,1685,1370,1296,1164,918,674,506,401,295,185,111,99
15111,Villa de Allende,2015,MUJERES,27457,3194,3116,3082,2865,2667,2309,1996,1736,1480,1184,940,731,597,501,393,289,205,172
15111,Villa de Allende,2016,HOMBRES,26420,3212,3236,3189,3035,2654,2197,1744,1389,1308,1178,943,703,523,402,301,193,113,100
15111,Villa de Allende,2016,MUJERES,27530,3134,3071,3057,2866,2653,2336,2021,1746,1514,1221,970,757,608,496,399,297,206,178
15111,Villa de Allende,2017,HOMBRES,26426,3102,3162,3159,3022,2643,2244,1804,1418,1314,1190,966,732,541,404,307,201,116,101
15111,Villa de Allende,2017,MUJERES,27576,3069,3018,3037,2867,2631,2361,2044,1761,1542,1257,999,783,618,491,404,304,206,184
15111,Villa de Allende,2018,HOMBRES,26425,2996,3080,3136,3005,2630,2286,1862,1458,1316,1199,988,760,558,408,312,209,120,102
15111,Villa de Allende,2018,MUJERES,27618,3007,2959,3024,2862,2609,2384,2067,1781,1563,1293,1027,808,627,489,409,312,207,190
15111,Villa de Allende,2019,HOMBRES,26420,2898,2993,3120,2977,2621,2320,1916,1508,1316,1205,1009,788,575,414,317,218,123,102
15111,Villa de Allende,2019,MUJERES,27654,2953,2896,3014,2850,2592,2401,2089,1805,1581,1326,1054,833,634,488,413,320,209,196
15111,Villa de Allende,2020,HOMBRES,26306,2815,2902,3086,2930,2609,2340,1967,1564,1314,1200,1022,808,581,414,313,221,122,98
15111,Villa de Allende,2020,MUJERES,27608,2912,2824,2989,2820,2578,2411,2112,1830,1596,1352,1078,854,635,484,409,322,206,196
15111,Villa de Allende,2021,HOMBRES,26611,2915,2899,3036,2951,2653,2372,2024,1660,1405,1207,1007,777,551,400,307,216,121,110
15111,Villa de Allende,2021,MUJERES,27421,2769,2732,3003,2806,2605,2437,2154,1802,1485,1327,1096,888,679,514,411,326,206,181
15111,Villa de Allende,2022,HOMBRES,26704,2892,2860,3010,2957,2684,2394,2079,1709,1407,1189,1005,781,561,411,310,219,123,113
15111,Villa de Allende,2022,MUJERES,27545,2746,2692,2975,2814,2645,2465,2203,1829,1484,1323,1107,897,693,530,417,331,210,184
15111,Villa de Allende,2023,HOMBRES,26856,2861,2833,2977,2973,2710,2418,2135,1761,1424,1172,1007,788,576,427,320,226,129,119
15111,Villa de Allende,2023,MUJERES,27702,2716,2665,2937,2825,2680,2495,2253,1857,1488,1317,1119,907,711,551,430,341,218,192
15111,Villa de Allende,2024,HOMBRES,26988,2820,2818,2935,2991,2726,2444,2184,1810,1450,1154,1004,794,589,444,332,233,134,126
15111,Villa de Allende,2024,MUJERES,27843,2675,2648,2896,2837,2705,2530,2299,1885,1496,1306,1127,917,728,571,447,350,226,200
15111,Villa de Allende,2025,HOMBRES,27100,2779,2801,2891,3004,2737,2474,2223,1857,1484,1139,997,797,601,459,345,240,139,133
15111,Villa de Allende,2025,MUJERES,27966,2635,2631,2852,2845,2724,2570,2336,1914,1505,1295,1132,925,743,591,465,360,234,209
15112,Villa del Carbón,2015,HOMBRES,24299,2755,2707,2784,2654,2422,2026,1606,1352,1253,1125,994,773,552,430,362,271,152,81
15112,Villa del Carbón,2015,MUJERES,24163,2554,2546,2577,2511,2305,1994,1764,1579,1433,1206,953,689,517,462,397,294,198,184
15112,Villa del Carbón,2016,HOMBRES,24682,2732,2689,2766,2675,2448,2096,1689,1389,1280,1154,1025,812,586,444,371,276,157,93
15112,Villa del Carbón,2016,MUJERES,24604,2566,2535,2579,2542,2340,2055,1817,1613,1475,1248,994,732,550,469,399,299,202,189
15112,Villa del Carbón,2017,HOMBRES,25048,2703,2661,2752,2692,2466,2164,1775,1435,1300,1180,1055,850,621,460,380,283,164,107
15112,Villa del Carbón,2017,MUJERES,25032,2573,2517,2585,2572,2369,2116,1869,1651,1511,1290,1034,777,584,477,402,304,207,194
15112,Villa del Carbón,2018,HOMBRES,25425,2676,2626,2750,2705,2482,2229,1862,1494,1317,1206,1083,890,657,478,388,289,171,122
15112,Villa del Carbón,2018,MUJERES,25460,2581,2491,2598,2599,2398,2177,1922,1695,1541,1332,1074,824,619,486,403,309,212,199
15112,Villa del Carbón,2019,HOMBRES,25794,2655,2583,2750,2711,2502,2286,1948,1565,1332,1227,1110,928,693,499,395,295,178,137
15112,Villa del Carbón,2019,MUJERES,25892,2594,2461,2614,2618,2433,2233,1976,1744,1568,1373,1114,872,655,499,403,314,218,203
15112,Villa del Carbón,2020,HOMBRES,26075,2643,2539,2737,2701,2521,2333,2034,1645,1346,1239,1129,959,722,515,392,293,180,147
15112,Villa del Carbón,2020,MUJERES,26273,2620,2426,2618,2624,2471,2286,2034,1796,1594,1406,1151,918,688,508,396,314,220,203
15112,Villa del Carbón,2021,HOMBRES,26393,2630,2506,2742,2737,2604,2405,2074,1676,1379,1288,1157,955,723,514,385,291,180,147
15112,Villa del Carbón,2021,MUJERES,26233,2609,2390,2610,2615,2466,2266,2085,1838,1556,1356,1141,937,705,526,400,316,219,198
15112,Villa del Carbón,2022,HOMBRES,26577,2614,2479,2733,2757,2642,2430,2127,1726,1386,1276,1163,963,736,527,390,295,183,150
15112,Villa del Carbón,2022,MUJERES,26424,2594,2363,2597,2633,2505,2285,2126,1869,1566,1362,1160,952,721,542,407,321,222,199
15112,Villa del Carbón,2023,HOMBRES,26820,2591,2462,2713,2784,2674,2456,2181,1780,1407,1265,1172,976,755,548,403,305,190,158
15112,Villa del Carbón,2023,MUJERES,26649,2572,2346,2577,2655,2539,2305,2168,1901,1581,1365,1180,969,740,564,420,332,229,206
15112,Villa del Carbón,2024,HOMBRES,27050,2559,2454,2688,2813,2699,2485,2228,1831,1439,1253,1177,987,773,567,418,315,198,166
15112,Villa del Carbón,2024,MUJERES,26857,2543,2337,2551,2677,2565,2330,2206,1932,1600,1364,1197,985,758,584,436,342,237,213
15112,Villa del Carbón,2025,HOMBRES,27274,2527,2447,2662,2842,2718,2518,2265,1881,1479,1244,1177,996,789,587,437,324,206,175
15112,Villa del Carbón,2025,MUJERES,27058,2512,2331,2526,2696,2585,2361,2237,1965,1622,1362,1210,1000,775,605,455,351,245,220
15113,Villa Guerrero,2015,HOMBRES,34378,4119,3856,3824,3720,3485,2918,2302,1909,1764,1609,1399,1101,812,601,429,274,155,101
15113,Villa Guerrero,2015,MUJERES,35135,3876,3844,3728,3579,3433,3022,2549,2197,1964,1685,1427,1102,804,633,490,360,254,188
15113,Villa Guerrero,2016,HOMBRES,34444,4082,3877,3781,3677,3444,2965,2370,1908,1763,1617,1413,1128,836,603,435,280,157,108
15113,Villa Guerrero,2016,MUJERES,35265,3836,3829,3697,3564,3408,3049,2585,2205,1988,1725,1467,1139,829,633,495,366,253,197
15113,Villa Guerrero,2017,HOMBRES,34476,4037,3885,3748,3631,3390,3006,2437,1920,1752,1622,1424,1155,860,607,441,286,159,116
15113,Villa Guerrero,2017,MUJERES,35365,3790,3803,3673,3550,3373,3074,2619,2218,2003,1765,1504,1176,854,635,500,371,252,205
15113,Villa Guerrero,2018,HOMBRES,34507,3996,3879,3730,3581,3336,3040,2503,1947,1736,1625,1431,1180,883,614,447,293,162,124
15113,Villa Guerrero,2018,MUJERES,35462,3747,3768,3657,3529,3340,3097,2652,2238,2011,1805,1540,1213,879,639,504,377,252,214
15113,Villa Guerrero,2019,HOMBRES,34519,3961,3865,3716,3523,3288,3062,2563,1987,1718,1622,1436,1204,905,624,451,298,164,132
15113,Villa Guerrero,2019,MUJERES,35551,3712,3726,3646,3501,3314,3112,2686,2263,2014,1841,1576,1248,902,646,507,382,252,223
15113,Villa Guerrero,2020,HOMBRES,34393,3944,3838,3684,3443,3240,3069,2621,2033,1698,1605,1429,1213,913,626,444,296,162,135
15113,Villa Guerrero,2020,MUJERES,35541,3693,3672,3619,3454,3293,3119,2722,2290,2012,1866,1605,1276,917,648,500,381,248,226
15113,Villa Guerrero,2021,HOMBRES,34584,3891,3774,3669,3461,3334,3134,2692,2062,1673,1641,1486,1223,916,599,431,296,169,133
15113,Villa Guerrero,2021,MUJERES,35569,3698,3620,3607,3440,3269,3095,2743,2338,2023,1837,1592,1302,941,696,511,388,244,225
15113,Villa Guerrero,2022,HOMBRES,34752,3865,3729,3645,3470,3366,3150,2754,2117,1678,1630,1504,1242,937,615,438,303,173,136
15113,Villa Guerrero,2022,MUJERES,35746,3671,3574,3581,3446,3304,3108,2781,2366,2031,1849,1628,1329,964,717,521,398,250,228
15113,Villa Guerrero,2023,HOMBRES,34989,3828,3699,3608,3487,3391,3168,2815,2176,1701,1621,1526,1268,965,640,454,317,182,143
15113,Villa Guerrero,2023,MUJERES,35968,3636,3543,3545,3456,3332,3123,2818,2397,2047,1856,1666,1360,992,744,539,415,261,238
15113,Villa Guerrero,2024,HOMBRES,35207,3778,3684,3563,3508,3405,3189,2867,2232,1735,1610,1543,1292,992,663,473,331,191,151
15113,Villa Guerrero,2024,MUJERES,36174,3588,3527,3501,3469,3350,3145,2850,2426,2068,1858,1700,1390,1019,770,562,431,272,248
15113,Villa Guerrero,2025,HOMBRES,35400,3725,3668,3517,3524,3412,3215,2906,2284,1779,1602,1553,1313,1016,686,496,344,201,159
15113,Villa Guerrero,2025,MUJERES,36352,3538,3511,3455,3476,3358,3172,2872,2457,2092,1859,1729,1419,1044,795,587,447,283,258
15114,Villa Victoria,2015,HOMBRES,53212,6991,6819,6384,5936,5417,4527,3552,2907,2600,2205,1747,1256,907,711,545,374,214,120
15114,Villa Victoria,2015,MUJERES,53954,6754,6419,6431,5911,5300,4591,3804,3128,2733,2197,1693,1255,955,902,795,508,284,294
15114,Villa Victoria,2016,HOMBRES,53468,6864,6682,6353,5974,5434,4619,3659,2922,2615,2244,1809,1323,955,727,558,381,219,130
15114,Villa Victoria,2016,MUJERES,54351,6604,6347,6378,5954,5344,4679,3891,3186,2800,2278,1771,1315,996,896,788,521,299,304
15114,Villa Victoria,2017,HOMBRES,53680,6726,6524,6340,6006,5431,4702,3766,2956,2617,2279,1867,1392,1003,746,571,388,225,141
15114,Villa Victoria,2017,MUJERES,54708,6444,6257,6336,5994,5373,4767,3977,3252,2853,2361,1848,1377,1037,892,778,534,314,314
15114,Villa Victoria,2018,HOMBRES,53881,6592,6348,6345,6028,5424,4774,3869,3012,2609,2309,1923,1463,1053,768,583,396,231,154
15114,Villa Victoria,2018,MUJERES,55059,6291,6153,6308,6025,5403,4850,4062,3328,2896,2443,1925,1439,1078,891,768,546,330,323
15114,Villa Victoria,2019,HOMBRES,54065,6473,6162,6359,6035,5424,4827,3964,3088,2598,2332,1977,1533,1102,794,592,402,237,166
15114,Villa Victoria,2019,MUJERES,55408,6153,6037,6288,6039,5441,4921,4148,3414,2931,2523,2003,1502,1119,895,755,559,347,333
15114,Villa Victoria,2020,HOMBRES,54035,6381,5966,6337,5996,5416,4852,4051,3174,2581,2334,2019,1590,1136,809,585,398,237,173
15114,Villa Victoria,2020,MUJERES,55600,6043,5907,6233,6013,5483,4977,4235,3502,2959,2588,2078,1559,1150,891,728,562,360,332
15114,Villa Victoria,2021,HOMBRES,54180,6251,5869,6277,6012,5561,4990,4177,3262,2667,2375,1993,1521,1093,751,574,400,237,170
15114,Villa Victoria,2021,MUJERES,55465,6087,5804,6225,5993,5449,4908,4262,3520,2822,2500,2095,1627,1212,980,738,560,356,327
15114,Villa Victoria,2022,HOMBRES,54259,6202,5788,6227,6018,5606,5014,4268,3344,2663,2335,1986,1524,1111,772,582,406,240,173
15114,Villa Victoria,2022,MUJERES,55597,6039,5722,6172,6006,5513,4940,4336,3558,2817,2487,2109,1637,1234,1013,752,571,360,331
15114,Villa Victoria,2023,HOMBRES,54454,6141,5734,6161,6041,5641,5043,4359,3433,2687,2298,1985,1535,1137,804,604,420,249,182
15114,Villa Victoria,2023,MUJERES,55810,5979,5669,6105,6030,5569,4977,4412,3600,2824,2468,2125,1651,1262,1055,780,590,371,343
15114,Villa Victoria,2024,HOMBRES,54621,6058,5703,6081,6071,5659,5077,4437,3517,2729,2260,1977,1542,1162,835,630,434,258,191
15114,Villa Victoria,2024,MUJERES,55986,5897,5637,6025,6055,5606,5023,4478,3641,2837,2444,2135,1663,1289,1097,813,608,382,356
15114,Villa Victoria,2025,HOMBRES,54760,5974,5673,6001,6094,5665,5120,4495,3597,2785,2226,1960,1547,1183,865,660,448,267,200
15114,Villa Victoria,2025,MUJERES,56134,5814,5607,5942,6074,5628,5081,4530,3684,2853,2417,2138,1675,1313,1138,851,626,393,370
15115,Xonacatlán,2015,HOMBRES,26865,2642,2846,2702,2671,2611,2325,1985,1753,1665,1488,1247,930,659,493,349,219,155,125
15115,Xonacatlán,2015,MUJERES,26114,2458,2453,2381,2323,2358,2244,2054,1916,1864,1639,1307,976,684,498,397,258,155,149
15115,Xonacatlán,2016,HOMBRES,26980,2594,2797,2695,2677,2594,2352,2034,1756,1670,1505,1272,967,694,507,361,228,154,123
15115,Xonacatlán,2016,MUJERES,26558,2433,2474,2431,2376,2371,2283,2102,1938,1885,1670,1353,1023,719,514,406,265,161,154
15115,Xonacatlán,2017,HOMBRES,27077,2546,2739,2693,2682,2568,2375,2083,1771,1666,1520,1294,1004,731,522,372,237,153,121
15115,Xonacatlán,2017,MUJERES,26983,2401,2490,2484,2429,2377,2322,2149,1964,1897,1701,1398,1071,756,532,414,273,167,158
15115,Xonacatlán,2018,HOMBRES,27171,2497,2674,2702,2680,2540,2392,2130,1799,1657,1533,1314,1041,769,541,384,247,152,119
15115,Xonacatlán,2018,MUJERES,27414,2373,2500,2545,2481,2384,2359,2196,1996,1902,1730,1443,1120,794,553,422,281,173,162
15115,Xonacatlán,2019,HOMBRES,27261,2456,2602,2714,2675,2517,2400,2173,1840,1646,1541,1332,1077,807,562,395,257,151,116
15115,Xonacatlán,2019,MUJERES,27838,2349,2504,2610,2526,2395,2391,2244,2034,1903,1757,1487,1168,831,577,428,288,180,166
15115,Xonacatlán,2020,HOMBRES,27228,2426,2525,2709,2648,2493,2395,2212,1887,1633,1535,1339,1102,835,579,397,260,145,108
15115,Xonacatlán,2020,MUJERES,28205,2337,2504,2665,2560,2411,2417,2295,2074,1899,1772,1526,1212,864,600,428,292,184,165
15115,Xonacatlán,2021,HOMBRES,27545,2421,2508,2711,2627,2531,2453,2300,1948,1608,1557,1430,1130,841,590,383,254,144,109
15115,Xonacatlán,2021,MUJERES,28143,2335,2461,2615,2537,2389,2381,2294,2097,1930,1774,1495,1239,900,614,440,298,183,161
15115,Xonacatlán,2022,HOMBRES,27717,2416,2485,2680,2609,2536,2459,2353,2009,1621,1554,1456,1157,867,610,388,258,147,112
15115,Xonacatlán,2022,MUJERES,28333,2329,2439,2581,2516,2397,2387,2331,2126,1947,1796,1538,1277,932,636,448,304,186,163
15115,Xonacatlán,2023,HOMBRES,27954,2403,2471,2641,2598,2535,2466,2406,2074,1651,1553,1486,1191,900,638,401,268,153,119
15115,Xonacatlán,2023,MUJERES,28558,2315,2427,2539,2500,2399,2395,2368,2156,1972,1813,1584,1320,969,663,463,313,192,170
15115,Xonacatlán,2024,HOMBRES,28172,2381,2467,2596,2590,2526,2475,2450,2135,1693,1549,1512,1222,933,665,417,277,159,125
15115,Xonacatlán,2024,MUJERES,28772,2294,2424,2492,2484,2393,2407,2400,2185,2001,1826,1627,1363,1006,690,481,323,199,177
15115,Xonacatlán,2025,HOMBRES,28377,2359,2463,2551,2577,2512,2489,2483,2195,1744,1548,1531,1251,963,692,436,286,165,132
15115,Xonacatlán,2025,MUJERES,28970,2270,2421,2446,2465,2380,2423,2425,2217,2034,1837,1665,1405,1041,717,503,332,205,184
15116,Zacazonapan,2015,HOMBRES,2137,258,239,235,221,200,176,145,120,112,96,82,62,44,36,32,29,26,24
15116,Zacazonapan,2015,MUJERES,2143,258,237,220,211,200,175,153,139,126,101,74,53,42,41,40,31,22,20
15116,Zacazonapan,2016,HOMBRES,2239,269,251,247,230,203,183,155,126,117,101,87,68,48,38,33,30,27,26
15116,Zacazonapan,2016,MUJERES,2228,259,247,228,220,206,184,162,143,130,107,80,58,46,42,40,32,23,21
15116,Zacazonapan,2017,HOMBRES,2333,277,262,258,235,206,191,165,134,121,107,93,73,52,40,33,30,28,28
15116,Zacazonapan,2017,MUJERES,2311,260,255,239,226,210,194,170,148,134,113,87,63,49,44,40,33,24,22
15116,Zacazonapan,2018,HOMBRES,2436,288,272,271,241,208,198,176,142,126,113,98,79,57,42,34,31,29,31
15116,Zacazonapan,2018,MUJERES,2399,261,263,249,233,215,203,180,154,138,120,94,68,53,45,40,35,25,23
15116,Zacazonapan,2019,HOMBRES,2538,299,283,285,246,211,204,186,152,130,118,104,85,62,44,35,31,30,33
15116,Zacazonapan,2019,MUJERES,2488,262,271,260,240,220,213,189,160,142,127,101,73,57,47,40,36,26,24
15116,Zacazonapan,2020,HOMBRES,2644,311,294,297,251,215,211,198,164,135,124,110,90,67,46,35,31,30,35
15116,Zacazonapan,2020,MUJERES,2590,267,280,272,245,227,224,200,167,145,135,110,79,61,49,40,37,27,25
15116,Zacazonapan,2021,HOMBRES,2667,290,302,298,256,225,220,207,165,129,123,113,91,66,46,36,34,31,35
15116,Zacazonapan,2021,MUJERES,2635,291,269,274,245,226,223,206,179,154,136,109,80,64,51,40,36,27,25
15116,Zacazonapan,2022,HOMBRES,2705,291,300,300,260,229,224,215,172,131,122,114,92,67,47,37,36,32,36
15116,Zacazonapan,2022,MUJERES,2674,293,267,275,249,230,228,213,184,156,137,110,81,65,52,41,38,29,26
15116,Zacazonapan,2023,HOMBRES,2754,293,302,300,263,233,228,224,180,134,122,115,93,69,49,39,38,34,38
15116,Zacazonapan,2023,MUJERES,2717,293,268,275,251,235,232,220,190,160,137,112,82,66,55,43,41,30,27
15116,Zacazonapan,2024,HOMBRES,2802,293,303,300,268,236,233,233,188,138,121,116,94,70,51,41,41,36,40
15116,Zacazonapan,2024,MUJERES,2759,293,269,273,255,238,237,226,196,164,137,113,84,67,57,46,44,32,28
15116,Zacazonapan,2025,HOMBRES,2850,292,305,299,272,239,238,240,196,143,121,116,95,72,53,43,44,39,43
15116,Zacazonapan,2025,MUJERES,2805,293,272,272,258,241,242,232,203,168,137,114,85,69,59,49,47,34,30
15117,Zacualpan,2015,HOMBRES,7315,895,833,819,742,631,523,435,385,370,329,298,256,205,177,151,114,81,71
15117,Zacualpan,2015,MUJERES,7884,807,783,805,758,669,571,518,471,421,379,360,309,248,212,191,159,116,107
15117,Zacualpan,2016,HOMBRES,7159,861,815,789,714,609,515,434,377,363,326,298,259,208,175,149,113,81,73
15117,Zacualpan,2016,MUJERES,7725,774,767,775,735,652,566,509,460,420,380,356,307,250,210,186,153,116,109
15117,Zacualpan,2017,HOMBRES,6996,827,793,763,685,586,506,432,371,354,323,296,261,211,174,147,111,82,74
15117,Zacualpan,2017,MUJERES,7567,743,750,748,713,635,560,501,451,416,380,352,305,251,208,181,147,116,110
15117,Zacualpan,2018,HOMBRES,6844,795,769,740,659,564,496,429,368,345,319,295,263,215,173,145,110,83,76
15117,Zacualpan,2018,MUJERES,7403,712,731,720,689,618,554,492,443,411,379,347,302,252,206,176,142,117,112
15117,Zacualpan,2019,HOMBRES,6685,764,743,719,630,543,484,425,368,336,314,292,265,217,173,142,108,85,77
15117,Zacualpan,2019,MUJERES,7247,686,711,697,665,602,547,483,436,406,378,342,299,253,206,170,136,117,113
15117,Zacualpan,2020,HOMBRES,6514,738,720,696,600,523,471,421,369,327,307,288,264,217,172,137,104,84,76
15117,Zacualpan,2020,MUJERES,7078,662,691,672,639,589,539,475,431,400,376,336,294,251,204,162,129,116,112
15117,Zacualpan,2021,HOMBRES,6420,702,699,684,603,542,486,425,368,313,299,277,257,210,169,129,98,83,76
15117,Zacualpan,2021,MUJERES,7023,671,667,659,621,569,520,476,435,398,371,343,300,258,209,167,134,116,109
15117,Zacualpan,2022,HOMBRES,6357,688,679,668,596,540,482,429,372,309,291,275,256,211,171,129,99,84,78
15117,Zacualpan,2022,MUJERES,6967,657,648,643,614,568,515,477,433,392,366,344,301,261,213,169,137,118,111
15117,Zacualpan,2023,HOMBRES,6312,672,661,650,592,537,479,432,377,307,283,273,257,214,175,132,102,87,82
15117,Zacualpan,2023,MUJERES,6915,640,632,626,609,565,510,477,431,387,359,344,302,264,218,173,141,122,115
15117,Zacualpan,2024,HOMBRES,6260,653,648,630,586,532,476,434,381,308,275,270,256,216,179,135,105,90,86
15117,Zacualpan,2024,MUJERES,6860,622,618,608,602,560,506,477,428,383,351,344,303,267,223,178,145,125,120
15117,Zacualpan,2025,HOMBRES,6205,635,632,611,579,527,473,433,385,310,268,265,256,218,182,139,108,93,91
15117,Zacualpan,2025,MUJERES,6804,605,603,590,595,553,503,474,426,380,344,342,304,269,228,185,149,129,125
15118,Zinacantepec,2015,HOMBRES,95671,10092,9910,9929,9399,9134,8385,7349,6547,6113,5296,4273,3142,2182,1507,1022,647,385,359
15118,Zinacantepec,2015,MUJERES,98357,9604,9552,9318,9413,9243,8654,8120,7640,6990,5578,4294,3148,2240,1692,1196,736,513,426
15118,Zinacantepec,2016,HOMBRES,96965,9881,9935,9925,9554,9265,8559,7502,6551,6195,5460,4452,3304,2304,1568,1073,678,397,362
15118,Zinacantepec,2016,MUJERES,99900,9369,9525,9382,9526,9312,8788,8245,7702,7146,5826,4541,3358,2391,1755,1256,790,538,450
15118,Zinacantepec,2017,HOMBRES,98177,9657,9918,9944,9701,9360,8716,7650,6597,6244,5618,4625,3468,2430,1635,1126,711,411,366
15118,Zinacantepec,2017,MUJERES,101383,9119,9468,9456,9635,9352,8918,8362,7783,7267,6081,4790,3576,2549,1824,1316,848,564,475
15118,Zinacantepec,2018,HOMBRES,99387,9439,9872,9995,9836,9451,8852,7788,6693,6272,5768,4795,3634,2559,1712,1179,746,426,370
15118,Zinacantepec,2018,MUJERES,102890,8882,9386,9555,9728,9394,9040,8477,7887,7362,6338,5045,3804,2712,1903,1376,909,592,500
15118,Zinacantepec,2019,HOMBRES,100565,9241,9802,10059,9946,9555,8954,7907,6833,6293,5904,4960,3799,2689,1802,1230,780,441,370
15118,Zinacantepec,2019,MUJERES,104417,8667,9288,9667,9798,9451,9139,8589,8010,7439,6591,5307,4037,2880,1995,1436,975,621,527
15118,Zinacantepec,2020,HOMBRES,101372,9105,9704,10068,9987,9651,9007,8010,6996,6303,5994,5100,3932,2786,1878,1256,797,444,354
15118,Zinacantepec,2020,MUJERES,105736,8509,9160,9729,9808,9521,9212,8708,8138,7498,6814,5570,4265,3035,2080,1475,1033,642,539
15118,Zinacantepec,2021,HOMBRES,102524,9061,9542,10038,10014,9618,9259,8336,7371,6366,5969,5234,4088,2822,1897,1238,860,465,346
15118,Zinacantepec,2021,MUJERES,106362,8566,9140,9716,9722,9694,9137,8837,8205,7526,6953,5639,4284,3153,2169,1495,972,617,537
15118,Zinacantepec,2022,HOMBRES,103531,9062,9478,9988,9998,9664,9334,8591,7656,6451,5965,5322,4181,2914,1967,1258,876,473,353
15118,Zinacantepec,2022,MUJERES,107535,8560,9074,9656,9707,9777,9206,9062,8399,7630,7047,5793,4403,3271,2260,1528,991,628,543
15118,Zinacantepec,2023,HOMBRES,104796,9036,9453,9907,10011,9690,9414,8848,7961,6606,5968,5426,4297,3032,2066,1306,909,493,373
15118,Zinacantepec,2023,MUJERES,108853,8531,9046,9570,9706,9840,9281,9289,8601,7767,7126,5956,4538,3408,2372,1587,1023,649,563
15118,Zinacantepec,2024,HOMBRES,106020,8980,9463,9803,10032,9685,9504,9080,8259,6812,5965,5511,4405,3147,2165,1362,941,513,393
15118,Zinacantepec,2024,MUJERES,110123,8470,9055,9463,9708,9869,9374,9500,8805,7924,7185,6108,4670,3543,2483,1657,1054,671,584
15118,Zinacantepec,2025,HOMBRES,107188,8918,9472,9693,10041,9659,9609,9272,8551,7057,5971,5574,4506,3255,2263,1428,972,534,413
15118,Zinacantepec,2025,MUJERES,111342,8407,9064,9351,9697,9872,9487,9681,9017,8093,7240,6239,4801,3675,2595,1739,1085,693,606
15119,Zumpahuacán,2015,HOMBRES,8370,1058,992,1014,975,814,605,462,399,393,363,310,241,191,173,157,116,68,39
15119,Zumpahuacán,2015,MUJERES,9049,1000,952,1009,977,876,725,594,510,476,424,362,285,208,181,176,138,89,67
15119,Zumpahuacán,2016,HOMBRES,8556,1067,1010,1019,982,831,640,493,409,396,368,320,255,201,174,157,118,72,44
15119,Zumpahuacán,2016,MUJERES,9222,1005,973,1007,981,886,749,617,525,489,435,376,300,219,183,174,139,92,72
15119,Zumpahuacán,2017,HOMBRES,8741,1073,1027,1026,989,844,674,525,422,398,372,331,269,211,176,157,120,77,50
15119,Zumpahuacán,2017,MUJERES,9389,1009,988,1006,985,893,774,641,542,499,445,389,316,231,184,172,141,96,78
15119,Zumpahuacán,2018,HOMBRES,8930,1079,1040,1037,992,858,708,558,439,398,376,341,284,221,179,158,123,82,57
15119,Zumpahuacán,2018,MUJERES,9558,1013,1004,1008,986,901,798,665,561,508,456,402,332,243,186,170,142,99,84
15119,Zumpahuacán,2019,HOMBRES,9120,1089,1050,1050,994,873,741,591,459,398,379,350,299,231,183,157,125,87,64
15119,Zumpahuacán,2019,MUJERES,9726,1018,1017,1011,986,911,821,690,582,515,465,414,348,255,190,167,143,103,90
15119,Zumpahuacán,2020,HOMBRES,9284,1104,1059,1059,991,888,772,627,482,397,378,357,311,238,184,153,124,90,70
15119,Zumpahuacán,2020,MUJERES,9881,1029,1030,1009,980,922,843,718,605,522,472,426,363,265,192,162,142,106,95
15119,Zumpahuacán,2021,HOMBRES,9216,1090,1042,1041,974,884,752,632,491,394,370,354,320,242,187,152,131,91,69
15119,Zumpahuacán,2021,MUJERES,10042,1034,1014,1027,1009,954,877,736,618,525,479,433,356,269,200,169,142,105,95
15119,Zumpahuacán,2022,HOMBRES,9279,1086,1028,1037,984,896,758,646,504,396,366,354,322,247,195,158,136,94,72
15119,Zumpahuacán,2022,MUJERES,10115,1029,1000,1023,1017,968,881,747,627,528,481,438,360,276,209,177,148,108,98
15119,Zumpahuacán,2023,HOMBRES,9360,1078,1020,1030,993,906,764,660,519,402,362,355,324,254,206,167,145,98,77
15119,Zumpahuacán,2023,MUJERES,10203,1019,990,1016,1025,981,886,759,636,534,482,445,366,284,220,188,157,112,103
15119,Zumpahuacán,2024,HOMBRES,9436,1066,1014,1021,1004,913,770,672,533,411,358,355,327,260,217,178,153,102,82
15119,Zumpahuacán,2024,MUJERES,10291,1009,985,1006,1036,991,893,768,646,541,481,450,370,292,231,201,166,117,108
15119,Zumpahuacán,2025,HOMBRES,9511,1054,1008,1013,1014,918,778,681,547,422,355,353,328,266,228,190,162,107,87
15119,Zumpahuacán,2025,MUJERES,10368,995,979,995,1044,998,902,775,655,550,480,453,375,299,242,215,175,122,114
15120,Zumpango,2015,HOMBRES,100946,10913,10936,10619,9579,8738,8164,7902,7673,7223,5721,4284,3157,2176,1474,1007,664,415,301
15120,Zumpango,2015,MUJERES,106766,10460,11336,10740,9589,9078,9193,9231,8547,7484,5919,4634,3353,2260,1678,1286,926,622,430
15120,Zumpango,2016,HOMBRES,107969,11173,11576,11360,10328,9300,8779,8568,8132,7723,6237,4702,3472,2410,1611,1105,723,442,328
15120,Zumpango,2016,MUJERES,113844,10768,11824,11420,10278,9583,9736,9869,9178,8151,6498,5068,3687,2522,1827,1374,964,635,462
15120,Zumpango,2017,HOMBRES,115377,11415,12207,12184,11125,9859,9416,9280,8672,8213,6788,5145,3812,2668,1764,1211,787,472,359
15120,Zumpango,2017,MUJERES,121291,11062,12293,12163,11011,10086,10305,10539,9878,8831,7127,5529,4048,2811,1994,1465,1004,649,496
15120,Zumpango,2018,HOMBRES,123281,11668,12830,13107,11961,10446,10072,10033,9318,8705,7373,5619,4180,2948,1941,1325,856,505,394
15120,Zumpango,2018,MUJERES,129219,11372,12750,12981,11778,10617,10895,11250,10662,9530,7808,6024,4440,3128,2184,1560,1045,664,531
15120,Zumpango,2019,HOMBRES,131673,11940,13449,14121,12827,11082,10730,10818,10076,9214,7983,6125,4571,3251,2146,1443,929,539,429
15120,Zumpango,2019,MUJERES,137630,11709,13196,13873,12565,11195,11488,12002,11532,10257,8534,6555,4858,3472,2404,1656,1087,679,568
15120,Zumpango,2020,HOMBRES,141625,12438,14212,15289,13810,11874,11491,11763,11041,9844,8669,6699,4994,3571,2373,1549,989,565,454
15120,Zumpango,2020,MUJERES,147840,12266,13764,14908,13466,11948,12210,12949,12613,11135,9378,7184,5337,3865,2660,1745,1124,692,596
15120,Zumpango,2021,HOMBRES,144998,12695,14253,15469,13684,12072,11980,12779,11684,10005,8651,6905,5145,3711,2423,1528,971,570,473
15120,Zumpango,2021,MUJERES,149582,12326,13825,14966,13703,12080,12142,12814,12866,11308,9728,7377,5496,3959,2761,1777,1152,691,611
15120,Zumpango,2022,HOMBRES,147773,12843,14347,15550,13757,12217,12165,13288,12239,10239,8734,7085,5304,3853,2518,1556,990,583,505
15120,Zumpango,2022,MUJERES,152534,12469,13909,15023,13780,12259,12342,13238,13277,11564,9950,7655,5702,4125,2886,1821,1180,707,647
15120,Zumpango,2023,HOMBRES,150940,12960,14502,15581,13869,12337,12358,13809,12834,10589,8827,7287,5493,4031,2649,1618,1029,610,557
15120,Zumpango,2023,MUJERES,155727,12581,14054,15037,13882,12414,12553,13672,13709,11874,10154,7949,5930,4318,3040,1897,1225,735,703
15120,Zumpango,2024,HOMBRES,154075,13029,14711,15574,13989,12417,12566,14295,13425,11023,8910,7468,5674,4206,2780,1691,1066,638,613
15120,Zumpango,2024,MUJERES,158881,12649,14255,15016,13984,12527,12790,14086,14148,12217,10333,8232,6158,4509,3194,1986,1269,765,763
15120,Zumpango,2025,HOMBRES,157168,13088,14924,15553,14093,12469,12795,14725,14015,11528,9007,7619,5850,4374,2911,1775,1102,666,674
15120,Zumpango,2025,MUJERES,161984,12707,14456,14985,14069,12606,13056,14461,14606,12584,10505,8492,6388,4697,3348,2089,1312,795,828
15121,Cuautitlán Izcalli,2015,HOMBRES,265732,19923,21855,22532,23027,24577,23778,20511,18693,18757,17744,16080,12683,9354,7178,4618,2358,1223,841
15121,Cuautitlán Izcalli,2015,MUJERES,278620,19757,20336,21462,21941,23153,23217,22894,22773,22243,19660,17093,14442,11264,7757,4763,2983,1718,1164
15121,Cuautitlán Izcalli,2016,HOMBRES,267784,19536,21663,22364,23156,24467,23898,20887,18611,18724,17841,16206,13158,9980,7529,4950,2589,1319,906
15121,Cuautitlán Izcalli,2016,MUJERES,281068,19169,20147,21368,22117,23057,23178,22853,22571,22332,20016,17543,15047,11924,8233,5194,3213,1820,1286
15121,Cuautitlán Izcalli,2017,HOMBRES,269601,19110,21388,22246,23261,24260,23959,21240,18643,18587,17901,16281,13627,10636,7914,5298,2843,1427,980
15121,Cuautitlán Izcalli,2017,MUJERES,283302,18558,19892,21298,22276,22887,23120,22783,22417,22299,20355,17956,15651,12605,8752,5652,3457,1927,1417
15121,Cuautitlán Izcalli,2018,HOMBRES,271378,18696,21044,22193,23321,24036,23951,21555,18812,18386,17921,16318,14086,11318,8354,5659,3121,1547,1060
15121,Cuautitlán Izcalli,2018,MUJERES,285552,17974,19586,21273,22395,22717,23033,22696,22326,22176,20671,18349,16255,13302,9338,6139,3718,2042,1562
15121,Cuautitlán Izcalli,2019,HOMBRES,273049,18314,20651,22169,23314,23841,23843,21814,19099,18161,17882,16318,14523,12010,8860,6021,3418,1674,1137
15121,Cuautitlán Izcalli,2019,MUJERES,287783,17432,19246,21273,22452,22583,22882,22595,22279,21996,20940,18721,16844,14003,10010,6647,3997,2165,1718
15121,Cuautitlán Izcalli,2020,HOMBRES,273552,18044,20210,22021,23146,23631,23612,22020,19438,17904,17666,16164,14789,12586,9345,6328,3688,1775,1185
15121,Cuautitlán Izcalli,2020,MUJERES,289352,16998,18849,21163,22367,22479,22669,22505,22244,21756,21052,18995,17327,14648,10731,7162,4278,2275,1854
15121,Cuautitlán Izcalli,2021,HOMBRES,274024,17671,19368,21615,22834,23813,24008,21965,19290,17269,17288,16242,15735,14080,9892,6489,3651,1644,1170
15121,Cuautitlán Izcalli,2021,MUJERES,290144,16738,18584,20687,21954,22281,22141,22684,22430,21815,21499,19886,17677,14497,11181,7266,4466,2481,1877
15121,Cuautitlán Izcalli,2022,HOMBRES,274827,17314,18845,21089,22482,23748,23894,22101,19470,17108,17119,16583,16336,14854,10463,6721,3778,1709,1213
15121,Cuautitlán Izcalli,2022,MUJERES,291647,16388,18078,20157,21601,22244,21980,22644,22294,21627,21617,20606,18518,15338,11892,7545,4623,2572,1923
15121,Cuautitlán Izcalli,2023,HOMBRES,276298,16897,18388,20479,22162,23596,23754,22194,19646,17105,16949,16955,17018,15771,11191,7099,3980,1817,1297
15121,Cuautitlán Izcalli,2023,MUJERES,293498,15980,17636,19555,21255,22129,21807,22567,22139,21500,21653,21337,19418,16282,12721,7953,4842,2706,2018
15121,Cuautitlán Izcalli,2024,HOMBRES,277597,16421,17999,19829,21852,23358,23625,22191,19765,17211,16754,17268,17676,16691,11934,7531,4179,1929,1384
15121,Cuautitlán Izcalli,2024,MUJERES,295220,15519,17264,18922,20905,21929,21665,22425,21966,21410,21618,22017,20321,17240,13572,8424,5061,2846,2116
15121,Cuautitlán Izcalli,2025,HOMBRES,278714,15941,17609,19176,21513,23059,23516,22068,19835,17393,16580,17502,18315,17599,12691,8023,4373,2046,1475
15121,Cuautitlán Izcalli,2025,MUJERES,296792,15056,16889,18284,20529,21663,21558,22197,21789,21338,21553,22616,21233,18196,14442,8961,5278,2991,2219
15122,Valle de Chalco Solidaridad,2015,HOMBRES,197596,20280,20043,19227,19536,19589,18253,15530,12699,11222,10149,9447,7915,5477,3517,2310,1276,626,500
15122,Valle de Chalco Solidaridad,2015,MUJERES,207148,18911,19440,19032,18665,19614,19371,17733,15620,13887,11802,10214,8336,5829,3742,2294,1337,748,573
15122,Valle de Chalco Solidaridad,2016,HOMBRES,197086,19659,19764,19019,19290,19263,18265,15742,12746,11365,10210,9376,7989,5736,3709,2442,1342,653,516
15122,Valle de Chalco Solidaridad,2016,MUJERES,206501,18466,19147,18814,18570,19203,19108,17657,15566,13939,11830,10263,8568,6167,3949,2439,1411,783,621
15122,Valle de Chalco Solidaridad,2017,HOMBRES,196402,19020,19420,18858,19032,18869,18233,15939,12875,11447,10253,9279,8049,6001,3920,2578,1413,683,533
15122,Valle de Chalco Solidaridad,2017,MUJERES,205678,17994,18800,18624,18465,18744,18837,17562,15548,13919,11848,10286,8794,6515,4175,2588,1488,821,670
15122,Valle de Chalco Solidaridad,2018,HOMBRES,195691,18408,19018,18758,18744,18473,18151,16109,13103,11489,10274,9165,8097,6270,4161,2718,1488,715,550
15122,Valle de Chalco Solidaridad,2018,MUJERES,204857,17548,18411,18479,18331,18297,18549,17457,15577,13847,11853,10296,9013,6872,4431,2742,1569,861,724
15122,Valle de Chalco Solidaridad,2019,HOMBRES,194901,17838,18577,18682,18410,18108,17996,16237,13416,11515,10262,9032,8123,6534,4440,2856,1564,749,562
15122,Valle de Chalco Solidaridad,2019,MUJERES,203997,17138,17995,18356,18147,17892,18216,17344,15638,13741,11830,10290,9218,7232,4725,2896,1654,904,781
15122,Valle de Chalco Solidaridad,2020,HOMBRES,193277,17363,18079,18492,17950,17734,17735,16314,13761,11514,10146,8815,8036,6726,4729,2955,1609,766,553
15122,Valle de Chalco Solidaridad,2020,MUJERES,202603,16806,17513,18130,17848,17516,17831,17229,15696,13603,11719,10223,9348,7565,5057,3034,1724,938,823
15122,Valle de Chalco Solidaridad,2021,HOMBRES,192163,17005,17443,17999,17605,17440,17888,16612,13740,11053,9713,9035,8840,7080,4869,2898,1614,741,588
15122,Valle de Chalco Solidaridad,2021,MUJERES,200157,16312,16916,17642,17401,17532,17398,16932,15558,13444,11942,10322,9071,7746,5268,3146,1757,984,786
15122,Valle de Chalco Solidaridad,2022,HOMBRES,190636,16556,16875,17458,17231,17255,17711,16677,13788,10846,9519,9147,9104,7379,5090,2971,1659,764,606
15122,Valle de Chalco Solidaridad,2022,MUJERES,198878,15881,16367,17102,17033,17407,17219,16880,15382,13202,11882,10586,9418,8123,5532,3240,1806,1015,803
15122,Valle de Chalco Solidaridad,2023,HOMBRES,189554,16064,16386,16866,16899,17025,17534,16722,13844,10751,9334,9282,9416,7748,5386,3108,1737,807,645
15122,Valle de Chalco Solidaridad,2023,MUJERES,197848,15412,15895,16520,16690,17238,17044,16814,15207,13011,11789,10859,9795,8553,5847,3387,1881,1064,842
15122,Valle de Chalco Solidaridad,2024,HOMBRES,188365,15532,15964,16252,16582,16739,17370,16699,13861,10726,9139,9382,9710,8110,5683,3268,1813,851,684
15122,Valle de Chalco Solidaridad,2024,MUJERES,196730,14900,15492,15918,16351,17005,16895,16704,15024,12847,11660,11104,10170,8983,6165,3560,1954,1116,882
15122,Valle de Chalco Solidaridad,2025,HOMBRES,187056,15001,15548,15643,16247,16417,17226,16589,13847,10749,8960,9438,9991,8459,5981,3451,1887,897,725
15122,Valle de Chalco Solidaridad,2025,MUJERES,195509,14391,15094,15322,15993,16725,16776,16531,14843,12696,11520,11306,10545,9407,6484,3757,2026,1169,924
15123,Luvianos,2015,HOMBRES,14109,1697,1634,1667,1544,1254,940,713,604,611,609,580,503,430,396,346,259,169,153
15123,Luvianos,2015,MUJERES,14431,1632,1474,1659,1638,1409,1050,768,649,647,631,590,526,451,400,336,244,176,151
15123,Luvianos,2016,HOMBRES,14176,1690,1648,1658,1520,1234,958,744,615,614,613,585,516,444,397,348,263,172,157
15123,Luvianos,2016,MUJERES,14540,1619,1499,1630,1614,1404,1081,806,668,653,635,602,543,463,398,340,252,176,157
15123,Luvianos,2017,HOMBRES,14230,1677,1658,1652,1494,1210,973,776,630,615,616,589,528,458,398,350,268,176,162
15123,Luvianos,2017,MUJERES,14637,1605,1519,1603,1590,1394,1112,845,690,656,639,612,558,474,397,345,259,176,163
15123,Luvianos,2018,HOMBRES,14281,1667,1660,1651,1466,1186,986,808,650,613,618,592,540,472,402,351,272,180,167
15123,Luvianos,2018,MUJERES,14737,1591,1536,1580,1562,1385,1143,885,715,657,642,622,574,486,398,348,268,176,169
15123,Luvianos,2019,HOMBRES,14328,1660,1659,1653,1434,1163,995,839,676,610,618,594,551,485,408,352,276,184,171
15123,Luvianos,2019,MUJERES,14835,1581,1549,1561,1531,1378,1171,928,742,655,644,631,589,496,401,351,276,176,175
15123,Luvianos,2020,HOMBRES,14306,1660,1652,1647,1398,1142,999,872,705,607,612,591,555,490,408,343,273,183,169
15123,Luvianos,2020,MUJERES,14899,1575,1559,1536,1497,1375,1198,975,772,653,642,638,600,501,400,347,280,174,177
15123,Luvianos,2021,HOMBRES,14302,1638,1599,1602,1391,1197,1064,935,716,553,576,585,561,492,411,347,277,178,180
15123,Luvianos,2021,MUJERES,14909,1571,1541,1528,1485,1367,1185,947,768,684,663,650,606,518,419,348,280,182,167
15123,Luvianos,2022,HOMBRES,14323,1621,1566,1570,1381,1217,1086,956,727,546,564,585,567,504,426,354,283,183,187
15123,Luvianos,2022,MUJERES,14949,1555,1510,1496,1478,1393,1209,961,767,675,657,658,616,533,437,358,287,187,172
15123,Luvianos,2023,HOMBRES,14379,1597,1541,1533,1375,1233,1108,976,739,544,553,586,575,519,446,369,294,192,199
15123,Luvianos,2023,MUJERES,14999,1534,1482,1459,1470,1416,1233,974,765,668,648,666,628,551,458,374,297,195,181
15123,Luvianos,2024,HOMBRES,14426,1569,1519,1492,1369,1245,1132,992,748,546,541,585,581,534,467,386,305,202,213
15123,Luvianos,2024,MUJERES,15046,1505,1461,1420,1465,1433,1260,985,763,663,638,673,639,568,479,392,308,203,191
15123,Luvianos,2025,HOMBRES,14465,1541,1497,1451,1361,1254,1158,1003,756,551,530,582,587,547,487,406,315,212,227
15123,Luvianos,2025,MUJERES,15082,1477,1440,1381,1457,1446,1289,993,760,659,628,677,649,583,499,413,318,212,201
15124,San José del Rincón,2015,HOMBRES,47833,6446,6079,6374,5731,4817,3819,2923,2371,2148,1834,1481,1114,826,659,505,348,208,150
15124,San José del Rincón,2015,MUJERES,48510,6215,5878,6012,5573,4793,3819,3105,2620,2273,1865,1496,1151,921,842,739,542,351,315
15124,San José del Rincón,2016,HOMBRES,48331,6347,6039,6270,5756,4909,3979,3066,2415,2174,1868,1530,1178,879,674,515,356,213,163
15124,San José del Rincón,2016,MUJERES,49188,6169,5880,5972,5607,4859,3964,3235,2689,2337,1929,1563,1217,959,833,736,552,359,328
15124,San José del Rincón,2017,HOMBRES,48799,6237,5974,6182,5777,4984,4136,3212,2477,2189,1898,1576,1245,934,691,525,365,219,178
15124,San José del Rincón,2017,MUJERES,49821,6109,5862,5939,5636,4911,4113,3366,2766,2390,1992,1630,1286,997,825,731,561,366,341
15124,San José del Rincón,2018,HOMBRES,49263,6130,5888,6115,5785,5056,4288,3360,2558,2196,1926,1620,1313,991,711,535,373,225,193
15124,San José del Rincón,2018,MUJERES,50466,6055,5830,5920,5657,4963,4262,3502,2853,2435,2056,1696,1356,1035,821,726,571,374,354
15124,San José del Rincón,2019,HOMBRES,49713,6032,5789,6054,5776,5135,4426,3505,2659,2200,1947,1662,1381,1048,735,542,382,232,208
15124,San José del Rincón,2019,MUJERES,51099,6009,5785,5909,5663,5024,4403,3640,2948,2474,2115,1763,1427,1071,820,718,581,383,366
15124,San José del Rincón,2020,HOMBRES,49991,5963,5675,5963,5730,5209,4548,3651,2771,2200,1950,1692,1438,1092,747,534,379,232,217
15124,San José del Rincón,2020,MUJERES,51607,5988,5720,5871,5633,5090,4540,3789,3048,2506,2162,1825,1494,1100,812,697,580,384,368
15124,San José del Rincón,2021,HOMBRES,50578,6055,5691,5966,5781,5390,4698,3795,2857,2176,1951,1709,1422,1037,691,498,399,244,218
15124,San José del Rincón,2021,MUJERES,51643,5851,5533,5837,5635,5105,4547,3831,3075,2505,2155,1852,1558,1197,905,735,569,381,372
15124,San José del Rincón,2022,HOMBRES,50967,6026,5624,5934,5819,5484,4770,3906,2941,2180,1931,1727,1448,1066,715,507,409,252,228
15124,San José del Rincón,2022,MUJERES,52077,5824,5469,5801,5673,5209,4621,3920,3115,2509,2163,1892,1594,1231,939,753,585,394,385
15124,San José del Rincón,2023,HOMBRES,51463,5984,5581,5886,5871,5570,4847,4018,3032,2207,1914,1750,1482,1105,749,527,427,267,246
15124,San José del Rincón,2023,MUJERES,52590,5783,5426,5752,5722,5304,4700,4011,3159,2525,2166,1935,1635,1274,981,784,609,415,409
15124,San José del Rincón,2024,HOMBRES,51934,5922,5562,5822,5932,5639,4930,4118,3118,2250,1895,1766,1512,1141,783,551,445,283,265
15124,San José del Rincón,2024,MUJERES,53079,5721,5408,5688,5772,5383,4790,4094,3202,2546,2164,1974,1675,1314,1022,820,634,437,435
15124,San José del Rincón,2025,HOMBRES,52373,5855,5540,5758,5985,5696,5021,4200,3201,2305,1879,1775,1541,1175,816,579,463,299,285
15124,San José del Rincón,2025,MUJERES,53546,5658,5390,5622,5815,5449,4891,4165,3247,2571,2159,2006,1714,1353,1064,862,658,460,462
15125,Tonanitla,2015,HOMBRES,5022,522,495,532,505,472,420,367,344,333,273,221,179,123,76,52,41,33,34
15125,Tonanitla,2015,MUJERES,5174,530,549,501,470,453,428,422,389,346,309,261,180,112,80,61,38,23,22
15125,Tonanitla,2016,HOMBRES,5438,538,535,564,540,505,464,412,373,363,305,246,197,138,86,59,44,34,35
15125,Tonanitla,2016,MUJERES,5622,551,583,538,508,488,471,466,424,382,343,288,202,129,90,67,43,26,23
15125,Tonanitla,2017,HOMBRES,5883,555,575,596,574,538,512,463,407,393,341,273,216,155,98,67,48,36,36
15125,Tonanitla,2017,MUJERES,6099,575,616,577,547,523,517,513,464,419,380,318,227,148,100,73,49,29,24
15125,Tonanitla,2018,HOMBRES,6362,573,613,634,607,574,563,519,448,425,380,303,237,173,112,75,52,38,36
15125,Tonanitla,2018,MUJERES,6617,599,650,622,588,561,568,564,508,458,420,350,254,169,113,80,55,33,25
15125,Tonanitla,2019,HOMBRES,6881,592,655,675,642,612,617,580,496,458,422,335,258,193,129,84,56,40,37
15125,Tonanitla,2019,MUJERES,7181,626,683,672,632,602,622,620,559,500,464,384,284,193,127,87,62,38,26
15125,Tonanitla,2020,HOMBRES,7540,628,708,727,687,663,683,658,559,502,473,374,283,215,149,94,59,41,37
15125,Tonanitla,2020,MUJERES,7897,666,727,732,684,659,690,694,624,553,518,428,320,223,145,95,69,43,27
15125,Tonanitla,2021,HOMBRES,7823,646,771,770,715,680,697,678,574,490,477,388,303,226,151,112,67,41,37
15125,Tonanitla,2021,MUJERES,7838,658,663,698,663,663,690,701,633,566,528,442,329,236,157,78,62,43,28
15125,Tonanitla,2022,HOMBRES,7948,650,771,772,722,690,704,695,591,494,479,400,317,239,159,115,69,42,39
15125,Tonanitla,2022,MUJERES,7966,662,662,700,668,674,695,713,641,570,537,462,347,251,166,81,64,44,29
15125,Tonanitla,2023,HOMBRES,8092,651,773,772,729,698,711,711,609,503,482,414,334,256,170,121,72,44,42
15125,Tonanitla,2023,MUJERES,8107,665,665,698,675,684,700,725,650,576,544,483,368,269,176,85,67,46,31
15125,Tonanitla,2024,HOMBRES,8236,651,778,770,737,705,719,725,626,516,485,427,350,273,181,127,74,46,46
15125,Tonanitla,2024,MUJERES,8243,665,670,695,681,691,707,735,659,583,550,504,389,286,187,90,70,48,33
15125,Tonanitla,2025,HOMBRES,8375,652,784,767,744,709,727,735,642,532,488,438,367,290,192,134,77,48,49
15125,Tonanitla,2025,MUJERES,8379,664,675,693,689,696,715,743,668,591,556,523,410,304,199,95,73,50,35
